grid_id,latitude,longitude,lst,ndvi,ndbi,ndwi,lulc,albedo,air_temperature,humidity,wind_speed,heat_risk,building_count,building_area,building_density,road_length,road_density,green_area,green_fraction,observation_date,geometry_wkt
PUNE_GRID_100M_0001,18.50015,73.820473,35.43,0.285,0.004,-0.4,Built-up,0.259,33.99,50.5,3.48,Medium,13,3270.0,0.327,81.6,0.255,5080.0,0.508,2026-05-31,"POLYGON ((73.820002 18.499695, 73.820949 18.499701, 73.820943 18.500604, 73.819996 18.500598, 73.820002 18.499695))"
PUNE_GRID_100M_0002,18.501053,73.820466,35.0,0.359,-0.001,-0.275,Built-up,0.231,34.04,47.2,2.98,Medium,13,3000.0,0.3,81.3,0.254,5620.0,0.562,2026-05-31,"POLYGON ((73.819996 18.500598, 73.820943 18.500604, 73.820937 18.501508, 73.81999 18.501502, 73.819996 18.500598))"
PUNE_GRID_100M_0003,18.501957,73.82046,35.7,0.358,0.098,-0.286,Built-up,0.233,34.67,47.3,3.32,Medium,11,3440.0,0.344,58.2,0.182,4770.0,0.477,2026-05-31,"POLYGON ((73.81999 18.501502, 73.820937 18.501508, 73.820931 18.502412, 73.819984 18.502406, 73.81999 18.501502))"
PUNE_GRID_100M_0004,18.50286,73.820454,36.47,0.342,0.122,-0.322,Built-up,0.22,35.22,47.9,3.49,Medium,19,3930.0,0.393,98.2,0.307,3800.0,0.38,2026-05-31,"POLYGON ((73.819984 18.502406, 73.820931 18.502412, 73.820924 18.503315, 73.819977 18.503309, 73.819984 18.502406))"
PUNE_GRID_100M_0005,18.503764,73.820448,35.13,0.35,0.02,-0.375,Built-up,0.212,34.07,48.8,3.3,Medium,9,3100.0,0.31,59.2,0.185,5590.0,0.559,2026-05-31,"POLYGON ((73.819977 18.503309, 73.820924 18.503315, 73.820918 18.504219, 73.819971 18.504213, 73.819977 18.503309))"
PUNE_GRID_100M_0006,18.504668,73.820442,35.2,0.369,0.06,-0.4,Built-up,0.215,34.07,47.6,3.28,Medium,11,3140.0,0.314,70.4,0.22,5190.0,0.519,2026-05-31,"POLYGON ((73.819971 18.504213, 73.820918 18.504219, 73.820912 18.505122, 73.819965 18.505117, 73.819971 18.504213))"
PUNE_GRID_100M_0007,18.505571,73.820435,36.71,0.216,0.112,-0.4,Built-up,0.218,35.33,45.4,3.08,Medium,16,4090.0,0.409,105.0,0.328,4260.0,0.426,2026-05-31,"POLYGON ((73.819965 18.505117, 73.820912 18.505122, 73.820906 18.506026, 73.819959 18.50602, 73.819965 18.505117))"
PUNE_GRID_100M_0008,18.506475,73.820429,36.12,0.309,0.12,-0.4,Built-up,0.235,34.86,46.9,3.21,Medium,20,3720.0,0.372,90.6,0.283,4070.0,0.407,2026-05-31,"POLYGON ((73.819959 18.50602, 73.820906 18.506026, 73.8209 18.50693, 73.819953 18.506924, 73.819959 18.50602))"
PUNE_GRID_100M_0009,18.507379,73.820423,35.19,0.386,0.036,-0.37,Built-up,0.24,34.06,45.6,3.4,Medium,12,3140.0,0.314,64.3,0.201,4550.0,0.455,2026-05-31,"POLYGON ((73.819953 18.506924, 73.8209 18.50693, 73.820894 18.507833, 73.819946 18.507827, 73.819953 18.506924))"
PUNE_GRID_100M_0010,18.508282,73.820417,36.05,0.299,0.103,-0.311,Built-up,0.204,34.27,46.4,3.21,Medium,15,3680.0,0.368,88.3,0.276,4280.0,0.428,2026-05-31,"POLYGON ((73.819946 18.507827, 73.820894 18.507833, 73.820887 18.508737, 73.81994 18.508731, 73.819946 18.507827))"
PUNE_GRID_100M_0011,18.509186,73.820411,35.29,0.367,0.117,-0.4,Built-up,0.217,34.06,45.1,2.89,Medium,15,3210.0,0.321,57.3,0.179,4950.0,0.495,2026-05-31,"POLYGON ((73.81994 18.508731, 73.820887 18.508737, 73.820881 18.509641, 73.819934 18.509635, 73.81994 18.508731))"
PUNE_GRID_100M_0012,18.510089,73.820404,35.34,0.381,0.058,-0.358,Built-up,0.26,33.89,44.1,3.04,Medium,11,3240.0,0.324,92.5,0.289,4860.0,0.486,2026-05-31,"POLYGON ((73.819934 18.509635, 73.820881 18.509641, 73.820875 18.510544, 73.819928 18.510538, 73.819934 18.509635))"
PUNE_GRID_100M_0013,18.510993,73.820398,35.94,0.328,0.069,-0.309,Built-up,0.229,34.46,46.3,3.37,Medium,11,3620.0,0.362,84.2,0.263,4340.0,0.434,2026-05-31,"POLYGON ((73.819928 18.510538, 73.820875 18.510544, 73.820869 18.511448, 73.819922 18.511442, 73.819928 18.510538))"
PUNE_GRID_100M_0014,18.511897,73.820392,34.26,0.408,0.013,-0.375,Vegetation,0.233,33.49,49.5,3.18,Medium,9,2570.0,0.257,75.8,0.237,6020.0,0.602,2026-05-31,"POLYGON ((73.819922 18.511442, 73.820869 18.511448, 73.820863 18.512351, 73.819915 18.512346, 73.819922 18.511442))"
PUNE_GRID_100M_0015,18.5128,73.820386,34.44,0.356,-0.011,-0.244,Built-up,0.249,33.72,48.8,3.14,Medium,9,2690.0,0.269,57.9,0.181,5650.0,0.565,2026-05-31,"POLYGON ((73.819915 18.512346, 73.820863 18.512351, 73.820856 18.513255, 73.819909 18.513249, 73.819915 18.512346))"
PUNE_GRID_100M_0016,18.513704,73.82038,35.4,0.353,0.115,-0.296,Built-up,0.231,34.81,46.6,3.0,Medium,17,3290.0,0.329,72.3,0.226,5090.0,0.509,2026-05-31,"POLYGON ((73.819909 18.513249, 73.820856 18.513255, 73.82085 18.514159, 73.819903 18.514153, 73.819909 18.513249))"
PUNE_GRID_100M_0017,18.514608,73.820374,35.07,0.397,0.034,-0.37,Built-up,0.227,33.89,49.6,3.34,Medium,12,3080.0,0.308,64.0,0.2,5380.0,0.538,2026-05-31,"POLYGON ((73.819903 18.514153, 73.82085 18.514159, 73.820844 18.515062, 73.819897 18.515056, 73.819903 18.514153))"
PUNE_GRID_100M_0018,18.515511,73.820367,36.15,0.341,0.069,-0.4,Built-up,0.235,35.04,45.2,3.43,Medium,19,3760.0,0.376,101.4,0.317,4370.0,0.437,2026-05-31,"POLYGON ((73.819897 18.515056, 73.820844 18.515062, 73.820838 18.515966, 73.819891 18.51596, 73.819897 18.515056))"
PUNE_GRID_100M_0019,18.516415,73.820361,35.19,0.345,0.008,-0.318,Built-up,0.234,34.22,44.0,3.35,Medium,11,3160.0,0.316,66.9,0.209,5200.0,0.52,2026-05-31,"POLYGON ((73.819891 18.51596, 73.820838 18.515966, 73.820832 18.51687, 73.819884 18.516864, 73.819891 18.51596))"
PUNE_GRID_100M_0020,18.517318,73.820355,34.8,0.391,0.049,-0.387,Built-up,0.242,34.25,43.9,3.38,Medium,9,2920.0,0.292,78.4,0.245,5550.0,0.555,2026-05-31,"POLYGON ((73.819884 18.516864, 73.820832 18.51687, 73.820825 18.517773, 73.819878 18.517767, 73.819884 18.516864))"
PUNE_GRID_100M_0021,18.518222,73.820349,37.12,0.329,0.146,-0.4,Built-up,0.216,35.66,43.5,3.02,Medium,15,4360.0,0.436,99.8,0.312,3390.0,0.339,2026-05-31,"POLYGON ((73.819878 18.517767, 73.820825 18.517773, 73.820819 18.518677, 73.819872 18.518671, 73.819878 18.517767))"
PUNE_GRID_100M_0022,18.519126,73.820343,35.77,0.266,0.045,-0.304,Built-up,0.239,34.24,47.6,2.99,Medium,18,3520.0,0.352,59.2,0.185,5480.0,0.548,2026-05-31,"POLYGON ((73.819872 18.518671, 73.820819 18.518677, 73.820813 18.51958, 73.819866 18.519575, 73.819872 18.518671))"
PUNE_GRID_100M_0023,18.520029,73.820336,36.01,0.386,0.088,-0.324,Built-up,0.213,34.19,45.2,3.06,Medium,15,3670.0,0.367,80.6,0.252,4480.0,0.448,2026-05-31,"POLYGON ((73.819866 18.519575, 73.820813 18.51958, 73.820807 18.520484, 73.81986 18.520478, 73.819866 18.519575))"
PUNE_GRID_100M_0024,18.520933,73.82033,34.81,0.368,-0.029,-0.331,Built-up,0.233,33.96,47.8,3.1,Medium,11,2920.0,0.292,55.0,0.172,5040.0,0.504,2026-05-31,"POLYGON ((73.81986 18.520478, 73.820807 18.520484, 73.820801 18.521388, 73.819853 18.521382, 73.81986 18.520478))"
PUNE_GRID_100M_0025,18.521837,73.820324,35.51,0.374,0.053,-0.4,Built-up,0.245,34.2,49.1,3.38,Medium,14,3360.0,0.336,81.0,0.253,4960.0,0.496,2026-05-31,"POLYGON ((73.819853 18.521382, 73.820801 18.521388, 73.820794 18.522291, 73.819847 18.522285, 73.819853 18.521382))"
PUNE_GRID_100M_0026,18.52274,73.820318,36.03,0.387,0.085,-0.4,Built-up,0.224,34.43,44.5,3.33,Medium,12,3680.0,0.368,73.0,0.228,4300.0,0.43,2026-05-31,"POLYGON ((73.819847 18.522285, 73.820794 18.522291, 73.820788 18.523195, 73.819841 18.523189, 73.819847 18.522285))"
PUNE_GRID_100M_0027,18.523644,73.820312,35.0,0.32,0.076,-0.375,Built-up,0.231,33.62,47.7,3.2,Medium,10,3040.0,0.304,84.8,0.265,5430.0,0.543,2026-05-31,"POLYGON ((73.819841 18.523189, 73.820788 18.523195, 73.820782 18.524099, 73.819835 18.524093, 73.819841 18.523189))"
PUNE_GRID_100M_0028,18.524547,73.820305,36.21,0.304,0.056,-0.397,Built-up,0.225,34.9,46.8,2.81,Medium,14,3790.0,0.379,89.9,0.281,5250.0,0.525,2026-05-31,"POLYGON ((73.819835 18.524093, 73.820782 18.524099, 73.820776 18.525002, 73.819829 18.524996, 73.819835 18.524093))"
PUNE_GRID_100M_0029,18.525451,73.820299,35.4,0.349,0.005,-0.369,Built-up,0.253,34.73,45.4,2.76,Medium,14,3290.0,0.329,76.8,0.24,4680.0,0.468,2026-05-31,"POLYGON ((73.819829 18.524996, 73.820776 18.525002, 73.82077 18.525906, 73.819822 18.5259, 73.819829 18.524996))"
PUNE_GRID_100M_0030,18.526355,73.820293,35.63,0.322,0.026,-0.309,Built-up,0.226,34.32,48.5,3.15,Medium,15,3430.0,0.343,90.6,0.283,4850.0,0.485,2026-05-31,"POLYGON ((73.819822 18.5259, 73.82077 18.525906, 73.820763 18.526809, 73.819816 18.526804, 73.819822 18.5259))"
PUNE_GRID_100M_0031,18.527258,73.820287,35.35,0.432,0.001,-0.314,Vegetation,0.238,34.42,46.3,3.29,Medium,16,3250.0,0.325,90.2,0.282,4200.0,0.42,2026-05-31,"POLYGON ((73.819816 18.526804, 73.820763 18.526809, 73.820757 18.527713, 73.81981 18.527707, 73.819816 18.526804))"
PUNE_GRID_100M_0032,18.528162,73.820281,37.28,0.261,0.168,-0.348,Built-up,0.222,35.57,44.6,3.1,Medium,19,4460.0,0.446,106.9,0.334,3720.0,0.372,2026-05-31,"POLYGON ((73.81981 18.527707, 73.820757 18.527713, 73.820751 18.528617, 73.819804 18.528611, 73.81981 18.527707))"
PUNE_GRID_100M_0033,18.529066,73.820274,35.75,0.327,0.105,-0.4,Built-up,0.239,34.14,49.6,3.51,Medium,14,3500.0,0.35,74.2,0.232,4450.0,0.445,2026-05-31,"POLYGON ((73.819804 18.528611, 73.820751 18.528617, 73.820745 18.52952, 73.819798 18.529514, 73.819804 18.528611))"
PUNE_GRID_100M_0034,18.529969,73.820268,34.87,0.388,0.029,-0.379,Built-up,0.227,34.13,47.9,2.91,Medium,10,2950.0,0.295,48.0,0.15,5350.0,0.535,2026-05-31,"POLYGON ((73.819798 18.529514, 73.820745 18.52952, 73.820739 18.530424, 73.819791 18.530418, 73.819798 18.529514))"
PUNE_GRID_100M_0035,18.530873,73.820262,36.33,0.28,0.121,-0.36,Built-up,0.248,34.6,47.3,2.9,Medium,14,3860.0,0.386,83.8,0.262,3910.0,0.391,2026-05-31,"POLYGON ((73.819791 18.530418, 73.820739 18.530424, 73.820733 18.531328, 73.819785 18.531322, 73.819791 18.530418))"
PUNE_GRID_100M_0036,18.531776,73.820256,34.65,0.371,0.013,-0.333,Built-up,0.242,33.76,49.3,3.01,Medium,14,2810.0,0.281,59.5,0.186,5920.0,0.592,2026-05-31,"POLYGON ((73.819785 18.531322, 73.820733 18.531328, 73.820726 18.532231, 73.819779 18.532225, 73.819785 18.531322))"
PUNE_GRID_100M_0037,18.53268,73.82025,35.74,0.362,0.055,-0.295,Built-up,0.214,34.42,45.4,3.01,Medium,14,3490.0,0.349,85.1,0.266,5110.0,0.511,2026-05-31,"POLYGON ((73.819779 18.532225, 73.820726 18.532231, 73.82072 18.533135, 73.819773 18.533129, 73.819779 18.532225))"
PUNE_GRID_100M_0038,18.533584,73.820243,33.95,0.398,-0.032,-0.316,Built-up,0.251,33.53,49.7,3.27,Low,11,2370.0,0.237,52.5,0.164,6150.0,0.615,2026-05-31,"POLYGON ((73.819773 18.533129, 73.82072 18.533135, 73.820714 18.534038, 73.819767 18.534032, 73.819773 18.533129))"
PUNE_GRID_100M_0039,18.534487,73.820237,34.4,0.392,-0.011,-0.253,Built-up,0.236,33.26,46.7,3.09,Medium,13,2650.0,0.265,72.3,0.226,5330.0,0.533,2026-05-31,"POLYGON ((73.819767 18.534032, 73.820714 18.534038, 73.820708 18.534942, 73.81976 18.534936, 73.819767 18.534032))"
PUNE_GRID_100M_0040,18.535391,73.820231,35.56,0.334,0.004,-0.325,Built-up,0.246,34.51,45.7,2.87,Medium,11,3370.0,0.337,73.0,0.228,5580.0,0.558,2026-05-31,"POLYGON ((73.81976 18.534936, 73.820708 18.534942, 73.820702 18.535846, 73.819754 18.53584, 73.81976 18.534936))"
PUNE_GRID_100M_0041,18.536295,73.820225,35.93,0.282,0.075,-0.327,Built-up,0.226,34.4,45.8,3.37,Medium,19,3590.0,0.359,85.4,0.267,4310.0,0.431,2026-05-31,"POLYGON ((73.819754 18.53584, 73.820702 18.535846, 73.820695 18.536749, 73.819748 18.536743, 73.819754 18.53584))"
PUNE_GRID_100M_0042,18.537198,73.820219,35.41,0.374,0.042,-0.383,Built-up,0.234,34.13,45.7,2.85,Medium,13,3270.0,0.327,93.8,0.293,3990.0,0.399,2026-05-31,"POLYGON ((73.819748 18.536743, 73.820695 18.536749, 73.820689 18.537653, 73.819742 18.537647, 73.819748 18.536743))"
PUNE_GRID_100M_0043,18.538102,73.820212,35.11,0.441,0.052,-0.37,Vegetation,0.217,32.99,48.1,3.0,Medium,15,3080.0,0.308,78.4,0.245,5370.0,0.537,2026-05-31,"POLYGON ((73.819742 18.537647, 73.820689 18.537653, 73.820683 18.538557, 73.819736 18.538551, 73.819742 18.537647))"
PUNE_GRID_100M_0044,18.539005,73.820206,34.89,0.38,0.023,-0.314,Built-up,0.251,34.55,47.5,2.9,Medium,9,2930.0,0.293,69.4,0.217,4980.0,0.498,2026-05-31,"POLYGON ((73.819736 18.538551, 73.820683 18.538557, 73.820677 18.53946, 73.819729 18.539454, 73.819736 18.538551))"
PUNE_GRID_100M_0045,18.539909,73.8202,33.87,0.424,-0.031,-0.257,Vegetation,0.228,33.37,47.2,3.28,Low,8,2290.0,0.229,47.4,0.148,6660.0,0.666,2026-05-31,"POLYGON ((73.819729 18.539454, 73.820677 18.53946, 73.820671 18.540364, 73.819723 18.540358, 73.819729 18.539454))"
PUNE_GRID_100M_0046,18.540813,73.820194,34.4,0.424,-0.028,-0.302,Vegetation,0.228,33.35,48.5,3.29,Medium,12,2620.0,0.262,54.7,0.171,5710.0,0.571,2026-05-31,"POLYGON ((73.819723 18.540358, 73.820671 18.540364, 73.820664 18.541267, 73.819717 18.541261, 73.819723 18.540358))"
PUNE_GRID_100M_0047,18.541716,73.820188,34.52,0.341,0.006,-0.357,Built-up,0.244,33.33,47.0,3.65,Medium,10,2700.0,0.27,53.8,0.168,6040.0,0.604,2026-05-31,"POLYGON ((73.819717 18.541261, 73.820664 18.541267, 73.820658 18.542171, 73.819711 18.542165, 73.819717 18.541261))"
PUNE_GRID_100M_0048,18.54262,73.820181,35.65,0.42,0.076,-0.312,Vegetation,0.25,34.31,46.0,3.47,Medium,12,3400.0,0.34,74.6,0.233,5460.0,0.546,2026-05-31,"POLYGON ((73.819711 18.542165, 73.820658 18.542171, 73.820652 18.543075, 73.819705 18.543069, 73.819711 18.542165))"
PUNE_GRID_100M_0049,18.543523,73.820175,34.99,0.383,-0.01,-0.4,Built-up,0.237,34.21,47.1,3.59,Medium,9,2980.0,0.298,81.3,0.254,4770.0,0.477,2026-05-31,"POLYGON ((73.819705 18.543069, 73.820652 18.543075, 73.820646 18.543978, 73.819698 18.543972, 73.819705 18.543069))"
PUNE_GRID_100M_0050,18.544427,73.820169,33.22,0.503,-0.052,-0.4,Vegetation,0.26,32.19,49.1,3.37,Low,8,1870.0,0.187,41.9,0.131,6510.0,0.651,2026-05-31,"POLYGON ((73.819698 18.543972, 73.820646 18.543978, 73.82064 18.544882, 73.819692 18.544876, 73.819698 18.543972))"
PUNE_GRID_100M_0051,18.545331,73.820163,34.8,0.353,0.023,-0.325,Built-up,0.252,33.82,47.7,3.13,Medium,9,2850.0,0.285,51.2,0.16,5640.0,0.564,2026-05-31,"POLYGON ((73.819692 18.544876, 73.82064 18.544882, 73.820633 18.545785, 73.819686 18.54578, 73.819692 18.544876))"
PUNE_GRID_100M_0052,18.546234,73.820157,34.14,0.478,-0.035,-0.335,Vegetation,0.259,33.93,47.1,3.37,Medium,7,2440.0,0.244,81.3,0.254,6410.0,0.641,2026-05-31,"POLYGON ((73.819686 18.54578, 73.820633 18.545785, 73.820627 18.546689, 73.81968 18.546683, 73.819686 18.54578))"
PUNE_GRID_100M_0053,18.547138,73.82015,33.81,0.448,-0.046,-0.301,Vegetation,0.244,32.83,49.2,3.48,Low,7,2230.0,0.223,57.6,0.18,5970.0,0.597,2026-05-31,"POLYGON ((73.81968 18.546683, 73.820627 18.546689, 73.820621 18.547593, 73.819674 18.547587, 73.81968 18.546683))"
PUNE_GRID_100M_0054,18.548042,73.820144,34.74,0.406,0.02,-0.355,Vegetation,0.22,33.84,46.9,3.52,Medium,10,2810.0,0.281,49.3,0.154,5490.0,0.549,2026-05-31,"POLYGON ((73.819674 18.547587, 73.820621 18.547593, 73.820615 18.548496, 73.819667 18.54849, 73.819674 18.547587))"
PUNE_GRID_100M_0055,18.548945,73.820138,34.98,0.385,-0.01,-0.317,Built-up,0.209,34.65,46.0,3.3,Medium,11,2950.0,0.295,65.3,0.204,5630.0,0.563,2026-05-31,"POLYGON ((73.819667 18.54849, 73.820615 18.548496, 73.820608 18.5494, 73.819661 18.549394, 73.819667 18.54849))"
PUNE_GRID_100M_0056,18.549849,73.820132,34.79,0.372,0.026,-0.4,Built-up,0.231,34.04,45.0,3.51,Medium,11,2830.0,0.283,69.4,0.217,5290.0,0.529,2026-05-31,"POLYGON ((73.819661 18.549394, 73.820608 18.5494, 73.820602 18.550304, 73.819655 18.550298, 73.819661 18.549394))"
PUNE_GRID_100M_0057,18.500156,73.82142,34.51,0.44,-0.024,-0.312,Vegetation,0.262,33.69,48.9,3.03,Medium,9,2700.0,0.27,86.7,0.271,5550.0,0.555,2026-05-31,"POLYGON ((73.820949 18.499701, 73.821896 18.499707, 73.82189 18.50061, 73.820943 18.500604, 73.820949 18.499701))"
PUNE_GRID_100M_0058,18.501059,73.821414,35.01,0.38,0.057,-0.323,Built-up,0.213,34.16,47.0,3.0,Medium,11,3020.0,0.302,58.2,0.182,4810.0,0.481,2026-05-31,"POLYGON ((73.820943 18.500604, 73.82189 18.50061, 73.821884 18.501514, 73.820937 18.501508, 73.820943 18.500604))"
PUNE_GRID_100M_0059,18.501963,73.821407,35.6,0.275,0.122,-0.338,Built-up,0.229,34.3,46.8,2.97,Medium,12,3390.0,0.339,93.8,0.293,5620.0,0.562,2026-05-31,"POLYGON ((73.820937 18.501508, 73.821884 18.501514, 73.821878 18.502418, 73.820931 18.502412, 73.820937 18.501508))"
PUNE_GRID_100M_0060,18.502866,73.821401,36.19,0.289,0.053,-0.271,Built-up,0.216,35.22,47.6,3.19,Medium,15,3760.0,0.376,108.2,0.338,3690.0,0.369,2026-05-31,"POLYGON ((73.820931 18.502412, 73.821878 18.502418, 73.821872 18.503321, 73.820924 18.503315, 73.820931 18.502412))"
PUNE_GRID_100M_0061,18.50377,73.821395,35.09,0.364,0.045,-0.356,Built-up,0.233,33.94,46.2,2.94,Medium,10,3080.0,0.308,65.9,0.206,5170.0,0.517,2026-05-31,"POLYGON ((73.820924 18.503315, 73.821872 18.503321, 73.821865 18.504225, 73.820918 18.504219, 73.820924 18.503315))"
PUNE_GRID_100M_0062,18.504674,73.821389,35.39,0.374,0.021,-0.345,Built-up,0.247,33.69,44.6,3.07,Medium,11,3270.0,0.327,74.9,0.234,5020.0,0.502,2026-05-31,"POLYGON ((73.820918 18.504219, 73.821865 18.504225, 73.821859 18.505128, 73.820912 18.505122, 73.820918 18.504219))"
PUNE_GRID_100M_0063,18.505577,73.821383,34.72,0.383,0.044,-0.4,Built-up,0.222,33.69,47.3,3.33,Medium,14,2850.0,0.285,55.0,0.172,6400.0,0.64,2026-05-31,"POLYGON ((73.820912 18.505122, 73.821859 18.505128, 73.821853 18.506032, 73.820906 18.506026, 73.820912 18.505122))"
PUNE_GRID_100M_0064,18.506481,73.821376,34.71,0.434,-0.026,-0.366,Vegetation,0.247,33.51,47.7,2.93,Medium,9,2850.0,0.285,65.9,0.206,5000.0,0.5,2026-05-31,"POLYGON ((73.820906 18.506026, 73.821853 18.506032, 73.821847 18.506936, 73.8209 18.50693, 73.820906 18.506026))"
PUNE_GRID_100M_0065,18.507385,73.82137,36.37,0.249,0.101,-0.4,Built-up,0.216,34.87,45.5,3.03,Medium,15,3890.0,0.389,92.8,0.29,5030.0,0.503,2026-05-31,"POLYGON ((73.8209 18.50693, 73.821847 18.506936, 73.821841 18.507839, 73.820894 18.507833, 73.8209 18.50693))"
PUNE_GRID_100M_0066,18.508288,73.821364,36.86,0.316,0.083,-0.331,Built-up,0.236,35.22,47.7,3.13,Medium,14,4200.0,0.42,109.1,0.341,4080.0,0.408,2026-05-31,"POLYGON ((73.820894 18.507833, 73.821841 18.507839, 73.821835 18.508743, 73.820887 18.508737, 73.820894 18.507833))"
PUNE_GRID_100M_0067,18.509192,73.821358,35.77,0.275,0.053,-0.4,Built-up,0.234,34.9,42.7,3.16,Medium,14,3510.0,0.351,98.2,0.307,4740.0,0.474,2026-05-31,"POLYGON ((73.820887 18.508737, 73.821835 18.508743, 73.821828 18.509647, 73.820881 18.509641, 73.820887 18.508737))"
PUNE_GRID_100M_0068,18.510095,73.821352,36.68,0.347,0.07,-0.338,Built-up,0.228,35.38,47.3,3.0,Medium,17,4080.0,0.408,88.3,0.276,3700.0,0.37,2026-05-31,"POLYGON ((73.820881 18.509641, 73.821828 18.509647, 73.821822 18.51055, 73.820875 18.510544, 73.820881 18.509641))"
PUNE_GRID_100M_0069,18.510999,73.821345,36.2,0.329,0.104,-0.392,Built-up,0.245,34.92,47.2,3.25,Medium,12,3790.0,0.379,65.9,0.206,4820.0,0.482,2026-05-31,"POLYGON ((73.820875 18.510544, 73.821822 18.51055, 73.821816 18.511454, 73.820869 18.511448, 73.820875 18.510544))"
PUNE_GRID_100M_0070,18.511903,73.821339,35.44,0.376,0.02,-0.367,Built-up,0.246,34.31,47.3,3.21,Medium,15,3310.0,0.331,79.0,0.247,4660.0,0.466,2026-05-31,"POLYGON ((73.820869 18.511448, 73.821816 18.511454, 73.82181 18.512357, 73.820863 18.512351, 73.820869 18.511448))"
PUNE_GRID_100M_0071,18.512806,73.821333,36.28,0.296,0.099,-0.377,Built-up,0.212,34.58,41.0,3.31,Medium,12,3840.0,0.384,96.0,0.3,4770.0,0.477,2026-05-31,"POLYGON ((73.820863 18.512351, 73.82181 18.512357, 73.821804 18.513261, 73.820856 18.513255, 73.820863 18.512351))"
PUNE_GRID_100M_0072,18.51371,73.821327,37.25,0.347,0.116,-0.4,Built-up,0.218,34.92,47.1,3.06,Medium,17,4450.0,0.445,110.1,0.344,3130.0,0.313,2026-05-31,"POLYGON ((73.820856 18.513255, 73.821804 18.513261, 73.821797 18.514165, 73.82085 18.514159, 73.820856 18.513255))"
PUNE_GRID_100M_0073,18.514613,73.821321,36.02,0.381,0.067,-0.398,Built-up,0.227,34.75,44.6,2.97,Medium,14,3680.0,0.368,84.2,0.263,4490.0,0.449,2026-05-31,"POLYGON ((73.82085 18.514159, 73.821797 18.514165, 73.821791 18.515068, 73.820844 18.515062, 73.82085 18.514159))"
PUNE_GRID_100M_0074,18.515517,73.821315,37.32,0.317,0.134,-0.4,Built-up,0.217,35.86,44.4,2.94,Medium,20,4500.0,0.45,109.4,0.342,3250.0,0.325,2026-05-31,"POLYGON ((73.820844 18.515062, 73.821791 18.515068, 73.821785 18.515972, 73.820838 18.515966, 73.820844 18.515062))"
PUNE_GRID_100M_0075,18.516421,73.821308,33.99,0.405,-0.043,-0.345,Vegetation,0.286,33.26,47.6,3.13,Low,9,2420.0,0.242,77.4,0.242,5460.0,0.546,2026-05-31,"POLYGON ((73.820838 18.515966, 73.821785 18.515972, 73.821779 18.516875, 73.820832 18.51687, 73.820838 18.515966))"
PUNE_GRID_100M_0076,18.517324,73.821302,36.76,0.337,0.111,-0.4,Built-up,0.226,35.07,46.2,2.99,Medium,18,4150.0,0.415,104.6,0.327,4170.0,0.417,2026-05-31,"POLYGON ((73.820832 18.51687, 73.821779 18.516875, 73.821773 18.517779, 73.820825 18.517773, 73.820832 18.51687))"
PUNE_GRID_100M_0077,18.518228,73.821296,36.18,0.305,0.124,-0.4,Built-up,0.187,34.97,47.0,2.95,Medium,20,3790.0,0.379,86.1,0.269,4620.0,0.462,2026-05-31,"POLYGON ((73.820825 18.517773, 73.821773 18.517779, 73.821766 18.518683, 73.820819 18.518677, 73.820825 18.517773))"
PUNE_GRID_100M_0078,18.519132,73.82129,35.88,0.378,0.041,-0.346,Built-up,0.224,34.59,47.6,2.97,Medium,16,3600.0,0.36,80.0,0.25,5130.0,0.513,2026-05-31,"POLYGON ((73.820819 18.518677, 73.821766 18.518683, 73.82176 18.519586, 73.820813 18.51958, 73.820819 18.518677))"
PUNE_GRID_100M_0079,18.520035,73.821284,36.2,0.399,0.114,-0.363,Built-up,0.19,35.35,47.3,2.93,Medium,21,3800.0,0.38,89.0,0.278,3650.0,0.365,2026-05-31,"POLYGON ((73.820813 18.51958, 73.82176 18.519586, 73.821754 18.52049, 73.820807 18.520484, 73.820813 18.51958))"
PUNE_GRID_100M_0080,18.520939,73.821277,34.53,0.434,0.049,-0.358,Vegetation,0.226,34.04,47.8,3.1,Medium,8,2750.0,0.275,87.0,0.272,5860.0,0.586,2026-05-31,"POLYGON ((73.820807 18.520484, 73.821754 18.52049, 73.821748 18.521394, 73.820801 18.521388, 73.820807 18.520484))"
PUNE_GRID_100M_0081,18.521842,73.821271,35.94,0.313,0.043,-0.317,Built-up,0.202,34.95,46.9,2.78,Medium,11,3640.0,0.364,85.1,0.266,5560.0,0.556,2026-05-31,"POLYGON ((73.820801 18.521388, 73.821748 18.521394, 73.821742 18.522297, 73.820794 18.522291, 73.820801 18.521388))"
PUNE_GRID_100M_0082,18.522746,73.821265,36.39,0.341,0.044,-0.339,Built-up,0.219,35.2,44.3,3.13,Medium,16,3920.0,0.392,93.8,0.293,4020.0,0.402,2026-05-31,"POLYGON ((73.820794 18.522291, 73.821742 18.522297, 73.821736 18.523201, 73.820788 18.523195, 73.820794 18.522291))"
PUNE_GRID_100M_0083,18.52365,73.821259,37.28,0.243,0.137,-0.4,Built-up,0.193,35.21,44.0,3.2,Medium,15,4470.0,0.447,101.1,0.316,4340.0,0.434,2026-05-31,"POLYGON ((73.820788 18.523195, 73.821736 18.523201, 73.821729 18.524104, 73.820782 18.524099, 73.820788 18.523195))"
PUNE_GRID_100M_0084,18.524553,73.821253,35.66,0.375,0.038,-0.388,Built-up,0.239,34.66,47.8,2.95,Medium,15,3460.0,0.346,97.0,0.303,4530.0,0.453,2026-05-31,"POLYGON ((73.820782 18.524099, 73.821729 18.524104, 73.821723 18.525008, 73.820776 18.525002, 73.820782 18.524099))"
PUNE_GRID_100M_0085,18.525457,73.821246,35.41,0.379,0.1,-0.374,Built-up,0.222,34.4,47.9,3.46,Medium,12,3300.0,0.33,104.3,0.326,4170.0,0.417,2026-05-31,"POLYGON ((73.820776 18.525002, 73.821723 18.525008, 73.821717 18.525912, 73.82077 18.525906, 73.820776 18.525002))"
PUNE_GRID_100M_0086,18.526361,73.82124,35.63,0.278,0.054,-0.343,Built-up,0.235,34.62,47.6,3.08,Medium,11,3430.0,0.343,88.0,0.275,4620.0,0.462,2026-05-31,"POLYGON ((73.82077 18.525906, 73.821717 18.525912, 73.821711 18.526815, 73.820763 18.526809, 73.82077 18.525906))"
PUNE_GRID_100M_0087,18.527264,73.821234,36.73,0.268,0.079,-0.312,Built-up,0.224,35.36,44.8,2.77,Medium,13,4120.0,0.412,99.8,0.312,4360.0,0.436,2026-05-31,"POLYGON ((73.820763 18.526809, 73.821711 18.526815, 73.821705 18.527719, 73.820757 18.527713, 73.820763 18.526809))"
PUNE_GRID_100M_0088,18.528168,73.821228,36.23,0.321,0.046,-0.309,Built-up,0.211,35.0,47.4,3.03,Medium,16,3810.0,0.381,91.8,0.287,3990.0,0.399,2026-05-31,"POLYGON ((73.820757 18.527713, 73.821705 18.527719, 73.821698 18.528623, 73.820751 18.528617, 73.820757 18.527713))"
PUNE_GRID_100M_0089,18.529071,73.821222,35.5,0.345,0.08,-0.4,Built-up,0.233,35.16,44.9,3.11,Medium,11,3350.0,0.335,49.9,0.156,4940.0,0.494,2026-05-31,"POLYGON ((73.820751 18.528617, 73.821698 18.528623, 73.821692 18.529526, 73.820745 18.52952, 73.820751 18.528617))"
PUNE_GRID_100M_0090,18.529975,73.821215,36.29,0.281,0.066,-0.382,Built-up,0.257,34.88,47.6,3.19,Medium,17,3850.0,0.385,102.1,0.319,4430.0,0.443,2026-05-31,"POLYGON ((73.820745 18.52952, 73.821692 18.529526, 73.821686 18.53043, 73.820739 18.530424, 73.820745 18.52952))"
PUNE_GRID_100M_0091,18.530879,73.821209,35.92,0.358,0.068,-0.344,Built-up,0.234,34.92,45.9,3.06,Medium,11,3610.0,0.361,88.3,0.276,4560.0,0.456,2026-05-31,"POLYGON ((73.820739 18.530424, 73.821686 18.53043, 73.82168 18.531333, 73.820733 18.531328, 73.820739 18.530424))"
PUNE_GRID_100M_0092,18.531782,73.821203,36.57,0.33,0.124,-0.346,Built-up,0.211,34.96,48.3,2.92,Medium,21,4010.0,0.401,101.8,0.318,4270.0,0.427,2026-05-31,"POLYGON ((73.820733 18.531328, 73.82168 18.531333, 73.821674 18.532237, 73.820726 18.532231, 73.820733 18.531328))"
PUNE_GRID_100M_0093,18.532686,73.821197,35.18,0.361,0.019,-0.311,Built-up,0.215,34.36,44.6,2.91,Medium,11,3140.0,0.314,66.2,0.207,5330.0,0.533,2026-05-31,"POLYGON ((73.820726 18.532231, 73.821674 18.532237, 73.821667 18.533141, 73.82072 18.533135, 73.820726 18.532231))"
PUNE_GRID_100M_0094,18.53359,73.821191,35.42,0.33,0.043,-0.37,Built-up,0.219,34.58,49.3,3.01,Medium,12,3290.0,0.329,73.9,0.231,5210.0,0.521,2026-05-31,"POLYGON ((73.82072 18.533135, 73.821667 18.533141, 73.821661 18.534044, 73.820714 18.534038, 73.82072 18.533135))"
PUNE_GRID_100M_0095,18.534493,73.821184,35.31,0.406,0.038,-0.4,Vegetation,0.24,34.33,46.2,3.03,Medium,11,3220.0,0.322,72.0,0.225,4930.0,0.493,2026-05-31,"POLYGON ((73.820714 18.534038, 73.821661 18.534044, 73.821655 18.534948, 73.820708 18.534942, 73.820714 18.534038))"
PUNE_GRID_100M_0096,18.535397,73.821178,34.39,0.463,0.018,-0.4,Vegetation,0.253,34.07,46.9,2.93,Medium,13,2640.0,0.264,76.5,0.239,5740.0,0.574,2026-05-31,"POLYGON ((73.820708 18.534942, 73.821655 18.534948, 73.821649 18.535852, 73.820702 18.535846, 73.820708 18.534942))"
PUNE_GRID_100M_0097,18.5363,73.821172,35.73,0.33,0.076,-0.367,Built-up,0.23,34.25,46.7,3.02,Medium,11,3480.0,0.348,78.7,0.246,4410.0,0.441,2026-05-31,"POLYGON ((73.820702 18.535846, 73.821649 18.535852, 73.821643 18.536755, 73.820695 18.536749, 73.820702 18.535846))"
PUNE_GRID_100M_0098,18.537204,73.821166,35.63,0.328,0.047,-0.352,Built-up,0.244,34.29,45.5,3.31,Medium,16,3410.0,0.341,108.5,0.339,5090.0,0.509,2026-05-31,"POLYGON ((73.820695 18.536749, 73.821643 18.536755, 73.821636 18.537659, 73.820689 18.537653, 73.820695 18.536749))"
PUNE_GRID_100M_0099,18.538108,73.82116,35.36,0.382,0.043,-0.4,Built-up,0.243,34.32,46.6,3.52,Medium,12,3240.0,0.324,83.2,0.26,4730.0,0.473,2026-05-31,"POLYGON ((73.820689 18.537653, 73.821636 18.537659, 73.82163 18.538562, 73.820683 18.538557, 73.820689 18.537653))"
PUNE_GRID_100M_0100,18.539011,73.821153,35.09,0.358,0.018,-0.355,Built-up,0.244,34.33,45.8,3.35,Medium,14,3070.0,0.307,57.3,0.179,5840.0,0.584,2026-05-31,"POLYGON ((73.820683 18.538557, 73.82163 18.538562, 73.821624 18.539466, 73.820677 18.53946, 73.820683 18.538557))"
PUNE_GRID_100M_0101,18.539915,73.821147,34.07,0.402,-0.061,-0.294,Vegetation,0.241,33.4,46.7,3.48,Medium,10,2430.0,0.243,56.6,0.177,5950.0,0.595,2026-05-31,"POLYGON ((73.820677 18.53946, 73.821624 18.539466, 73.821618 18.54037, 73.820671 18.540364, 73.820677 18.53946))"
PUNE_GRID_100M_0102,18.540819,73.821141,34.78,0.412,0.023,-0.4,Vegetation,0.238,34.23,47.9,3.42,Medium,11,2870.0,0.287,60.5,0.189,5640.0,0.564,2026-05-31,"POLYGON ((73.820671 18.540364, 73.821618 18.54037, 73.821612 18.541273, 73.820664 18.541267, 73.820671 18.540364))"
PUNE_GRID_100M_0103,18.541722,73.821135,34.76,0.307,0.071,-0.323,Built-up,0.214,33.63,45.8,3.41,Medium,11,2850.0,0.285,40.3,0.126,5570.0,0.557,2026-05-31,"POLYGON ((73.820664 18.541267, 73.821612 18.541273, 73.821605 18.542177, 73.820658 18.542171, 73.820664 18.541267))"
PUNE_GRID_100M_0104,18.542626,73.821129,34.31,0.452,-0.033,-0.356,Vegetation,0.246,33.17,46.4,3.19,Medium,12,2570.0,0.257,82.2,0.257,5250.0,0.525,2026-05-31,"POLYGON ((73.820658 18.542171, 73.821605 18.542177, 73.821599 18.543081, 73.820652 18.543075, 73.820658 18.542171))"
PUNE_GRID_100M_0105,18.543529,73.821122,34.73,0.387,-0.01,-0.283,Built-up,0.247,33.9,45.2,3.3,Medium,13,2830.0,0.283,76.8,0.24,4750.0,0.475,2026-05-31,"POLYGON ((73.820652 18.543075, 73.821599 18.543081, 73.821593 18.543984, 73.820646 18.543978, 73.820652 18.543075))"
PUNE_GRID_100M_0106,18.544433,73.821116,35.09,0.355,0.003,-0.378,Built-up,0.265,34.04,46.2,3.2,Medium,12,3050.0,0.305,80.0,0.25,4780.0,0.478,2026-05-31,"POLYGON ((73.820646 18.543978, 73.821593 18.543984, 73.821587 18.544888, 73.82064 18.544882, 73.820646 18.543978))"
PUNE_GRID_100M_0107,18.545337,73.82111,36.19,0.33,0.1,-0.4,Built-up,0.202,35.0,48.0,3.26,Medium,13,3730.0,0.373,91.5,0.286,4280.0,0.428,2026-05-31,"POLYGON ((73.82064 18.544882, 73.821587 18.544888, 73.821581 18.545791, 73.820633 18.545785, 73.82064 18.544882))"
PUNE_GRID_100M_0108,18.54624,73.821104,34.72,0.383,0.026,-0.383,Built-up,0.243,33.8,46.0,3.33,Medium,9,2810.0,0.281,49.6,0.155,5810.0,0.581,2026-05-31,"POLYGON ((73.820633 18.545785, 73.821581 18.545791, 73.821574 18.546695, 73.820627 18.546689, 73.820633 18.545785))"
PUNE_GRID_100M_0109,18.547144,73.821098,34.69,0.317,0.006,-0.357,Built-up,0.261,33.68,46.2,3.48,Medium,14,2790.0,0.279,60.8,0.19,6040.0,0.604,2026-05-31,"POLYGON ((73.820627 18.546689, 73.821574 18.546695, 73.821568 18.547599, 73.820621 18.547593, 73.820627 18.546689))"
PUNE_GRID_100M_0110,18.548047,73.821091,34.33,0.458,-0.033,-0.356,Vegetation,0.257,33.51,47.8,3.44,Medium,10,2550.0,0.255,72.0,0.225,5600.0,0.56,2026-05-31,"POLYGON ((73.820621 18.547593, 73.821568 18.547599, 73.821562 18.548502, 73.820615 18.548496, 73.820621 18.547593))"
PUNE_GRID_100M_0111,18.548951,73.821085,32.75,0.455,-0.073,-0.332,Vegetation,0.266,32.43,48.2,3.34,Low,8,1560.0,0.156,24.0,0.075,6860.0,0.686,2026-05-31,"POLYGON ((73.820615 18.548496, 73.821562 18.548502, 73.821556 18.549406, 73.820608 18.5494, 73.820615 18.548496))"
PUNE_GRID_100M_0112,18.549855,73.821079,34.16,0.422,-0.06,-0.309,Vegetation,0.26,33.32,51.0,3.4,Medium,13,2440.0,0.244,26.2,0.082,5740.0,0.574,2026-05-31,"POLYGON ((73.820608 18.5494, 73.821556 18.549406, 73.82155 18.550309, 73.820602 18.550304, 73.820608 18.5494))"
PUNE_GRID_100M_0113,18.500161,73.822367,35.37,0.4,0.046,-0.377,Built-up,0.251,34.2,46.5,3.28,Medium,11,3250.0,0.325,75.2,0.235,5240.0,0.524,2026-05-31,"POLYGON ((73.821896 18.499707, 73.822843 18.499713, 73.822837 18.500616, 73.82189 18.50061, 73.821896 18.499707))"
PUNE_GRID_100M_0114,18.501065,73.822361,37.38,0.251,0.158,-0.4,Built-up,0.195,35.54,45.6,3.32,Medium,17,4500.0,0.45,106.2,0.332,4060.0,0.406,2026-05-31,"POLYGON ((73.82189 18.50061, 73.822837 18.500616, 73.822831 18.50152, 73.821884 18.501514, 73.82189 18.50061))"
PUNE_GRID_100M_0115,18.501969,73.822354,35.33,0.382,0.002,-0.4,Built-up,0.219,34.49,48.2,2.87,Medium,15,3230.0,0.323,79.4,0.248,5530.0,0.553,2026-05-31,"POLYGON ((73.821884 18.501514, 73.822831 18.50152, 73.822825 18.502423, 73.821878 18.502418, 73.821884 18.501514))"
PUNE_GRID_100M_0116,18.502872,73.822348,35.8,0.336,0.015,-0.336,Built-up,0.237,34.62,47.7,2.94,Medium,16,3520.0,0.352,93.8,0.293,4880.0,0.488,2026-05-31,"POLYGON ((73.821878 18.502418, 73.822825 18.502423, 73.822819 18.503327, 73.821872 18.503321, 73.821878 18.502418))"
PUNE_GRID_100M_0117,18.503776,73.822342,35.6,0.388,0.099,-0.394,Built-up,0.19,35.1,46.9,3.37,Medium,18,3400.0,0.34,89.9,0.281,5010.0,0.501,2026-05-31,"POLYGON ((73.821872 18.503321, 73.822819 18.503327, 73.822813 18.504231, 73.821865 18.504225, 73.821872 18.503321))"
PUNE_GRID_100M_0118,18.50468,73.822336,34.76,0.298,-0.004,-0.268,Built-up,0.259,33.88,47.0,3.12,Medium,9,2880.0,0.288,72.3,0.226,6120.0,0.612,2026-05-31,"POLYGON ((73.821865 18.504225, 73.822813 18.504231, 73.822806 18.505134, 73.821859 18.505128, 73.821865 18.504225))"
PUNE_GRID_100M_0119,18.505583,73.82233,36.68,0.312,0.135,-0.4,Built-up,0.234,35.01,48.7,3.04,Medium,12,4080.0,0.408,113.3,0.354,3990.0,0.399,2026-05-31,"POLYGON ((73.821859 18.505128, 73.822806 18.505134, 73.8228 18.506038, 73.821853 18.506032, 73.821859 18.505128))"
PUNE_GRID_100M_0120,18.506487,73.822324,36.43,0.301,0.085,-0.4,Built-up,0.218,35.8,45.7,3.06,Medium,19,3930.0,0.393,74.9,0.234,4630.0,0.463,2026-05-31,"POLYGON ((73.821853 18.506032, 73.8228 18.506038, 73.822794 18.506942, 73.821847 18.506936, 73.821853 18.506032))"
PUNE_GRID_100M_0121,18.50739,73.822317,36.52,0.339,0.089,-0.355,Built-up,0.218,35.19,45.1,3.05,Medium,18,3980.0,0.398,102.1,0.319,3930.0,0.393,2026-05-31,"POLYGON ((73.821847 18.506936, 73.822794 18.506942, 73.822788 18.507845, 73.821841 18.507839, 73.821847 18.506936))"
PUNE_GRID_100M_0122,18.508294,73.822311,35.21,0.386,0.048,-0.352,Built-up,0.23,34.44,45.9,3.21,Medium,10,3170.0,0.317,84.2,0.263,4500.0,0.45,2026-05-31,"POLYGON ((73.821841 18.507839, 73.822788 18.507845, 73.822782 18.508749, 73.821835 18.508743, 73.821841 18.507839))"
PUNE_GRID_100M_0123,18.509198,73.822305,37.11,0.273,0.093,-0.4,Built-up,0.224,35.65,42.7,2.86,Medium,14,4360.0,0.436,88.6,0.277,3540.0,0.354,2026-05-31,"POLYGON ((73.821835 18.508743, 73.822782 18.508749, 73.822776 18.509652, 73.821828 18.509647, 73.821835 18.508743))"
PUNE_GRID_100M_0124,18.510101,73.822299,34.91,0.35,0.025,-0.4,Built-up,0.237,34.12,48.3,3.08,Medium,12,2990.0,0.299,52.5,0.164,5510.0,0.551,2026-05-31,"POLYGON ((73.821828 18.509647, 73.822776 18.509652, 73.822769 18.510556, 73.821822 18.51055, 73.821828 18.509647))"
PUNE_GRID_100M_0125,18.511005,73.822293,36.55,0.316,0.083,-0.306,Built-up,0.233,35.25,42.2,3.12,Medium,21,4010.0,0.401,86.7,0.271,4200.0,0.42,2026-05-31,"POLYGON ((73.821822 18.51055, 73.822769 18.510556, 73.822763 18.51146, 73.821816 18.511454, 73.821822 18.51055))"
PUNE_GRID_100M_0126,18.511909,73.822286,37.87,0.239,0.115,-0.325,Built-up,0.217,35.68,44.7,3.14,High,26,4840.0,0.484,107.8,0.337,3920.0,0.392,2026-05-31,"POLYGON ((73.821816 18.511454, 73.822763 18.51146, 73.822757 18.512363, 73.82181 18.512357, 73.821816 18.511454))"
PUNE_GRID_100M_0127,18.512812,73.82228,35.36,0.396,0.051,-0.4,Built-up,0.245,34.36,46.4,3.1,Medium,12,3280.0,0.328,88.3,0.276,4920.0,0.492,2026-05-31,"POLYGON ((73.82181 18.512357, 73.822757 18.512363, 73.822751 18.513267, 73.821804 18.513261, 73.82181 18.512357))"
PUNE_GRID_100M_0128,18.513716,73.822274,35.73,0.335,0.05,-0.393,Built-up,0.238,34.11,49.8,3.16,Medium,14,3510.0,0.351,76.5,0.239,5240.0,0.524,2026-05-31,"POLYGON ((73.821804 18.513261, 73.822751 18.513267, 73.822745 18.514171, 73.821797 18.514165, 73.821804 18.513261))"
PUNE_GRID_100M_0129,18.514619,73.822268,36.3,0.213,0.079,-0.298,Built-up,0.217,34.86,43.2,2.93,Medium,20,3860.0,0.386,81.6,0.255,4200.0,0.42,2026-05-31,"POLYGON ((73.821797 18.514165, 73.822745 18.514171, 73.822738 18.515074, 73.821791 18.515068, 73.821797 18.514165))"
PUNE_GRID_100M_0130,18.515523,73.822262,35.84,0.331,0.026,-0.384,Built-up,0.255,34.37,45.0,2.86,Medium,13,3570.0,0.357,77.8,0.243,4580.0,0.458,2026-05-31,"POLYGON ((73.821791 18.515068, 73.822738 18.515074, 73.822732 18.515978, 73.821785 18.515972, 73.821791 18.515068))"
PUNE_GRID_100M_0131,18.516427,73.822256,35.02,0.333,0.074,-0.4,Built-up,0.206,34.12,46.8,3.53,Medium,16,3060.0,0.306,87.7,0.274,4590.0,0.459,2026-05-31,"POLYGON ((73.821785 18.515972, 73.822732 18.515978, 73.822726 18.516881, 73.821779 18.516875, 73.821785 18.515972))"
PUNE_GRID_100M_0132,18.51733,73.822249,36.33,0.263,0.111,-0.4,Built-up,0.219,35.03,45.6,2.98,Medium,13,3880.0,0.388,93.4,0.292,3950.0,0.395,2026-05-31,"POLYGON ((73.821779 18.516875, 73.822726 18.516881, 73.82272 18.517785, 73.821773 18.517779, 73.821779 18.516875))"
PUNE_GRID_100M_0133,18.518234,73.822243,35.44,0.31,0.074,-0.4,Built-up,0.241,34.45,45.8,3.0,Medium,14,3330.0,0.333,77.8,0.243,5150.0,0.515,2026-05-31,"POLYGON ((73.821773 18.517779, 73.82272 18.517785, 73.822714 18.518689, 73.821766 18.518683, 73.821773 18.517779))"
PUNE_GRID_100M_0134,18.519138,73.822237,36.67,0.321,0.091,-0.4,Built-up,0.213,35.26,45.5,3.17,Medium,22,4100.0,0.41,97.0,0.303,3990.0,0.399,2026-05-31,"POLYGON ((73.821766 18.518683, 73.822714 18.518689, 73.822708 18.519592, 73.82176 18.519586, 73.821766 18.518683))"
PUNE_GRID_100M_0135,18.520041,73.822231,35.56,0.409,-0.002,-0.297,Vegetation,0.245,34.21,44.7,3.35,Medium,12,3400.0,0.34,98.2,0.307,5060.0,0.506,2026-05-31,"POLYGON ((73.82176 18.519586, 73.822708 18.519592, 73.822701 18.520496, 73.821754 18.52049, 73.82176 18.519586))"
PUNE_GRID_100M_0136,18.520945,73.822225,37.53,0.299,0.197,-0.4,Built-up,0.213,35.69,45.5,2.93,High,19,4640.0,0.464,101.8,0.318,3480.0,0.348,2026-05-31,"POLYGON ((73.821754 18.52049, 73.822701 18.520496, 73.822695 18.5214, 73.821748 18.521394, 73.821754 18.52049))"
PUNE_GRID_100M_0137,18.521848,73.822218,35.66,0.328,0.053,-0.359,Built-up,0.218,34.74,43.0,2.84,Medium,10,3470.0,0.347,100.2,0.313,4450.0,0.445,2026-05-31,"POLYGON ((73.821748 18.521394, 73.822695 18.5214, 73.822689 18.522303, 73.821742 18.522297, 73.821748 18.521394))"
PUNE_GRID_100M_0138,18.522752,73.822212,36.02,0.358,0.048,-0.325,Built-up,0.23,35.03,46.1,2.79,Medium,14,3690.0,0.369,91.2,0.285,5310.0,0.531,2026-05-31,"POLYGON ((73.821742 18.522297, 73.822689 18.522303, 73.822683 18.523207, 73.821736 18.523201, 73.821742 18.522297))"
PUNE_GRID_100M_0139,18.523656,73.822206,36.91,0.29,0.123,-0.4,Built-up,0.216,34.99,44.6,3.36,Medium,19,4250.0,0.425,99.8,0.312,3780.0,0.378,2026-05-31,"POLYGON ((73.821736 18.523201, 73.822683 18.523207, 73.822677 18.52411, 73.821729 18.524104, 73.821736 18.523201))"
PUNE_GRID_100M_0140,18.524559,73.8222,35.26,0.338,0.072,-0.4,Built-up,0.219,33.72,48.3,2.83,Medium,11,3210.0,0.321,109.1,0.341,5230.0,0.523,2026-05-31,"POLYGON ((73.821729 18.524104, 73.822677 18.52411, 73.82267 18.525014, 73.821723 18.525008, 73.821729 18.524104))"
PUNE_GRID_100M_0141,18.525463,73.822194,36.4,0.28,0.087,-0.324,Built-up,0.259,34.76,48.5,3.04,Medium,18,3930.0,0.393,81.0,0.253,4150.0,0.415,2026-05-31,"POLYGON ((73.821723 18.525008, 73.82267 18.525014, 73.822664 18.525918, 73.821717 18.525912, 73.821723 18.525008))"
PUNE_GRID_100M_0142,18.526366,73.822188,37.24,0.227,0.164,-0.389,Built-up,0.199,35.88,44.7,2.86,Medium,14,4450.0,0.445,102.4,0.32,3870.0,0.387,2026-05-31,"POLYGON ((73.821717 18.525912, 73.822664 18.525918, 73.822658 18.526821, 73.821711 18.526815, 73.821717 18.525912))"
PUNE_GRID_100M_0143,18.52727,73.822181,34.88,0.364,0.052,-0.4,Built-up,0.246,34.28,49.2,2.77,Medium,12,2970.0,0.297,55.4,0.173,5880.0,0.588,2026-05-31,"POLYGON ((73.821711 18.526815, 73.822658 18.526821, 73.822652 18.527725, 73.821705 18.527719, 73.821711 18.526815))"
PUNE_GRID_100M_0144,18.528174,73.822175,36.28,0.337,0.05,-0.31,Built-up,0.225,34.62,45.5,3.0,Medium,14,3850.0,0.385,104.6,0.327,4250.0,0.425,2026-05-31,"POLYGON ((73.821705 18.527719, 73.822652 18.527725, 73.822646 18.528628, 73.821698 18.528623, 73.821705 18.527719))"
PUNE_GRID_100M_0145,18.529077,73.822169,36.3,0.326,0.063,-0.315,Built-up,0.212,35.0,44.5,2.88,Medium,20,3860.0,0.386,114.2,0.357,3130.0,0.313,2026-05-31,"POLYGON ((73.821698 18.528623, 73.822646 18.528628, 73.822639 18.529532, 73.821692 18.529526, 73.821698 18.528623))"
PUNE_GRID_100M_0146,18.529981,73.822163,36.67,0.3,0.129,-0.388,Built-up,0.218,35.72,48.3,2.94,Medium,17,4090.0,0.409,119.7,0.374,3800.0,0.38,2026-05-31,"POLYGON ((73.821692 18.529526, 73.822639 18.529532, 73.822633 18.530436, 73.821686 18.53043, 73.821692 18.529526))"
PUNE_GRID_100M_0147,18.530885,73.822157,35.01,0.337,-0.056,-0.373,Built-up,0.26,34.13,47.8,3.48,Medium,10,3050.0,0.305,89.0,0.278,5610.0,0.561,2026-05-31,"POLYGON ((73.821686 18.53043, 73.822633 18.530436, 73.822627 18.531339, 73.82168 18.531333, 73.821686 18.53043))"
PUNE_GRID_100M_0148,18.531788,73.82215,34.9,0.403,0.016,-0.377,Vegetation,0.251,34.36,47.1,3.18,Medium,10,2970.0,0.297,68.8,0.215,5600.0,0.56,2026-05-31,"POLYGON ((73.82168 18.531333, 73.822627 18.531339, 73.822621 18.532243, 73.821674 18.532237, 73.82168 18.531333))"
PUNE_GRID_100M_0149,18.532692,73.822144,36.32,0.276,0.041,-0.352,Built-up,0.256,35.22,47.0,3.29,Medium,18,3860.0,0.386,88.0,0.275,4490.0,0.449,2026-05-31,"POLYGON ((73.821674 18.532237, 73.822621 18.532243, 73.822615 18.533147, 73.821667 18.533141, 73.821674 18.532237))"
PUNE_GRID_100M_0150,18.533595,73.822138,36.08,0.368,0.059,-0.383,Built-up,0.274,34.48,46.5,3.27,Medium,17,3710.0,0.371,67.5,0.211,3970.0,0.397,2026-05-31,"POLYGON ((73.821667 18.533141, 73.822615 18.533147, 73.822609 18.53405, 73.821661 18.534044, 73.821667 18.533141))"
PUNE_GRID_100M_0151,18.534499,73.822132,35.98,0.301,0.06,-0.327,Built-up,0.233,34.63,46.1,3.1,Medium,12,3650.0,0.365,113.6,0.355,4000.0,0.4,2026-05-31,"POLYGON ((73.821661 18.534044, 73.822609 18.53405, 73.822602 18.534954, 73.821655 18.534948, 73.821661 18.534044))"
PUNE_GRID_100M_0152,18.535403,73.822126,35.99,0.31,0.059,-0.4,Built-up,0.219,34.7,44.2,3.04,Medium,11,3650.0,0.365,93.8,0.293,4640.0,0.464,2026-05-31,"POLYGON ((73.821655 18.534948, 73.822602 18.534954, 73.822596 18.535857, 73.821649 18.535852, 73.821655 18.534948))"
PUNE_GRID_100M_0153,18.536306,73.822119,35.1,0.313,0.013,-0.4,Built-up,0.244,34.1,46.5,3.19,Medium,15,3090.0,0.309,67.8,0.212,5440.0,0.544,2026-05-31,"POLYGON ((73.821649 18.535852, 73.822596 18.535857, 73.82259 18.536761, 73.821643 18.536755, 73.821649 18.535852))"
PUNE_GRID_100M_0154,18.53721,73.822113,35.76,0.328,0.026,-0.351,Built-up,0.231,34.81,47.3,3.19,Medium,14,3500.0,0.35,101.1,0.316,5040.0,0.504,2026-05-31,"POLYGON ((73.821643 18.536755, 73.82259 18.536761, 73.822584 18.537665, 73.821636 18.537659, 73.821643 18.536755))"
PUNE_GRID_100M_0155,18.538114,73.822107,35.74,0.388,0.127,-0.4,Built-up,0.231,34.64,46.2,3.05,Medium,15,3480.0,0.348,71.0,0.222,4800.0,0.48,2026-05-31,"POLYGON ((73.821636 18.537659, 73.822584 18.537665, 73.822578 18.538568, 73.82163 18.538562, 73.821636 18.537659))"
PUNE_GRID_100M_0156,18.539017,73.822101,34.86,0.401,0.075,-0.4,Vegetation,0.207,33.02,48.5,3.2,Medium,9,2930.0,0.293,75.5,0.236,5520.0,0.552,2026-05-31,"POLYGON ((73.82163 18.538562, 73.822578 18.538568, 73.822571 18.539472, 73.821624 18.539466, 73.82163 18.538562))"
PUNE_GRID_100M_0157,18.539921,73.822095,36.84,0.35,0.073,-0.4,Built-up,0.262,34.89,46.1,3.05,Medium,21,4170.0,0.417,97.9,0.306,3920.0,0.392,2026-05-31,"POLYGON ((73.821624 18.539466, 73.822571 18.539472, 73.822565 18.540376, 73.821618 18.54037, 73.821624 18.539466))"
PUNE_GRID_100M_0158,18.540824,73.822088,35.65,0.373,0.102,-0.39,Built-up,0.234,33.8,45.2,3.17,Medium,16,3410.0,0.341,89.9,0.281,4350.0,0.435,2026-05-31,"POLYGON ((73.821618 18.54037, 73.822565 18.540376, 73.822559 18.541279, 73.821612 18.541273, 73.821618 18.54037))"
PUNE_GRID_100M_0159,18.541728,73.822082,34.23,0.358,-0.022,-0.344,Built-up,0.219,33.51,45.6,3.15,Medium,8,2530.0,0.253,59.8,0.187,5010.0,0.501,2026-05-31,"POLYGON ((73.821612 18.541273, 73.822559 18.541279, 73.822553 18.542183, 73.821605 18.542177, 73.821612 18.541273))"
PUNE_GRID_100M_0160,18.542632,73.822076,35.62,0.34,0.057,-0.34,Built-up,0.219,34.51,46.3,2.98,Medium,18,3390.0,0.339,62.7,0.196,5190.0,0.519,2026-05-31,"POLYGON ((73.821605 18.542177, 73.822553 18.542183, 73.822547 18.543086, 73.821599 18.543081, 73.821605 18.542177))"
PUNE_GRID_100M_0161,18.543535,73.82207,34.22,0.371,-0.012,-0.342,Built-up,0.254,33.54,46.8,2.78,Medium,10,2520.0,0.252,61.4,0.192,5970.0,0.597,2026-05-31,"POLYGON ((73.821599 18.543081, 73.822547 18.543086, 73.82254 18.54399, 73.821593 18.543984, 73.821599 18.543081))"
PUNE_GRID_100M_0162,18.544439,73.822064,35.54,0.409,0.03,-0.369,Vegetation,0.252,34.09,47.1,3.08,Medium,13,3330.0,0.333,93.4,0.292,4550.0,0.455,2026-05-31,"POLYGON ((73.821593 18.543984, 73.82254 18.54399, 73.822534 18.544894, 73.821587 18.544888, 73.821593 18.543984))"
PUNE_GRID_100M_0163,18.545343,73.822057,35.74,0.301,0.088,-0.326,Built-up,0.205,34.72,45.3,3.64,Medium,15,3460.0,0.346,82.6,0.258,4120.0,0.412,2026-05-31,"POLYGON ((73.821587 18.544888, 73.822534 18.544894, 73.822528 18.545797, 73.821581 18.545791, 73.821587 18.544888))"
PUNE_GRID_100M_0164,18.546246,73.822051,34.06,0.444,-0.014,-0.4,Vegetation,0.253,33.56,46.8,3.23,Medium,10,2400.0,0.24,67.5,0.211,6220.0,0.622,2026-05-31,"POLYGON ((73.821581 18.545791, 73.822528 18.545797, 73.822522 18.546701, 73.821574 18.546695, 73.821581 18.545791))"
PUNE_GRID_100M_0165,18.54715,73.822045,35.39,0.397,0.028,-0.334,Built-up,0.206,33.9,48.3,3.47,Medium,12,3230.0,0.323,64.0,0.2,5060.0,0.506,2026-05-31,"POLYGON ((73.821574 18.546695, 73.822522 18.546701, 73.822516 18.547605, 73.821568 18.547599, 73.821574 18.546695))"
PUNE_GRID_100M_0166,18.548053,73.822039,34.85,0.453,-0.021,-0.4,Vegetation,0.242,33.46,47.3,2.91,Medium,14,2890.0,0.289,69.1,0.216,5680.0,0.568,2026-05-31,"POLYGON ((73.821568 18.547599, 73.822516 18.547605, 73.822509 18.548508, 73.821562 18.548502, 73.821568 18.547599))"
PUNE_GRID_100M_0167,18.548957,73.822033,35.07,0.356,0.001,-0.392,Built-up,0.257,34.05,45.9,3.15,Medium,11,3020.0,0.302,64.6,0.202,6120.0,0.612,2026-05-31,"POLYGON ((73.821562 18.548502, 73.822509 18.548508, 73.822503 18.549412, 73.821556 18.549406, 73.821562 18.548502))"
PUNE_GRID_100M_0168,18.549861,73.822026,35.83,0.374,0.013,-0.4,Built-up,0.229,35.12,46.4,3.09,Medium,11,3490.0,0.349,93.4,0.292,3780.0,0.378,2026-05-31,"POLYGON ((73.821556 18.549406, 73.822503 18.549412, 73.822497 18.550315, 73.82155 18.550309, 73.821556 18.549406))"
PUNE_GRID_100M_0169,18.500167,73.823314,35.28,0.456,0.038,-0.326,Vegetation,0.211,34.71,48.8,3.13,Medium,11,3190.0,0.319,77.1,0.241,4810.0,0.481,2026-05-31,"POLYGON ((73.822843 18.499713, 73.823791 18.499718, 73.823784 18.500622, 73.822837 18.500616, 73.822843 18.499713))"
PUNE_GRID_100M_0170,18.501071,73.823308,34.95,0.352,-0.013,-0.348,Built-up,0.245,34.13,47.5,3.64,Medium,14,2990.0,0.299,80.6,0.252,5170.0,0.517,2026-05-31,"POLYGON ((73.822837 18.500616, 73.823784 18.500622, 73.823778 18.501526, 73.822831 18.50152, 73.822837 18.500616))"
PUNE_GRID_100M_0171,18.501975,73.823302,34.92,0.316,0.013,-0.356,Built-up,0.229,33.73,48.0,3.24,Medium,14,2980.0,0.298,85.4,0.267,5800.0,0.58,2026-05-31,"POLYGON ((73.822831 18.50152, 73.823778 18.501526, 73.823772 18.502429, 73.822825 18.502423, 73.822831 18.50152))"
PUNE_GRID_100M_0172,18.502878,73.823295,35.06,0.298,0.069,-0.4,Built-up,0.237,34.31,45.8,3.47,Medium,14,3070.0,0.307,82.6,0.258,4500.0,0.45,2026-05-31,"POLYGON ((73.822825 18.502423, 73.823772 18.502429, 73.823766 18.503333, 73.822819 18.503327, 73.822825 18.502423))"
PUNE_GRID_100M_0173,18.503782,73.823289,35.72,0.378,0.093,-0.4,Built-up,0.21,34.37,48.0,3.07,Medium,15,3480.0,0.348,87.0,0.272,5480.0,0.548,2026-05-31,"POLYGON ((73.822819 18.503327, 73.823766 18.503333, 73.82376 18.504237, 73.822813 18.504231, 73.822819 18.503327))"
PUNE_GRID_100M_0174,18.504685,73.823283,36.13,0.26,0.075,-0.4,Built-up,0.215,34.56,49.6,3.38,Medium,15,3740.0,0.374,77.1,0.241,4590.0,0.459,2026-05-31,"POLYGON ((73.822813 18.504231, 73.82376 18.504237, 73.823754 18.50514, 73.822806 18.505134, 73.822813 18.504231))"
PUNE_GRID_100M_0175,18.505589,73.823277,36.14,0.32,0.074,-0.36,Built-up,0.196,34.15,44.9,3.51,Medium,13,3750.0,0.375,89.9,0.281,4370.0,0.437,2026-05-31,"POLYGON ((73.822806 18.505134, 73.823754 18.50514, 73.823747 18.506044, 73.8228 18.506038, 73.822806 18.505134))"
PUNE_GRID_100M_0176,18.506493,73.823271,36.64,0.335,0.155,-0.4,Built-up,0.215,35.18,43.9,3.06,Medium,21,4070.0,0.407,90.9,0.284,4000.0,0.4,2026-05-31,"POLYGON ((73.8228 18.506038, 73.823747 18.506044, 73.823741 18.506947, 73.822794 18.506942, 73.8228 18.506038))"
PUNE_GRID_100M_0177,18.507396,73.823265,36.05,0.346,0.088,-0.319,Built-up,0.222,34.55,46.4,2.97,Medium,20,3700.0,0.37,84.5,0.264,4330.0,0.433,2026-05-31,"POLYGON ((73.822794 18.506942, 73.823741 18.506947, 73.823735 18.507851, 73.822788 18.507845, 73.822794 18.506942))"
PUNE_GRID_100M_0178,18.5083,73.823258,37.26,0.313,0.117,-0.4,Built-up,0.201,35.61,46.5,2.8,Medium,18,4460.0,0.446,102.4,0.32,4000.0,0.4,2026-05-31,"POLYGON ((73.822788 18.507845, 73.823735 18.507851, 73.823729 18.508755, 73.822782 18.508749, 73.822788 18.507845))"
PUNE_GRID_100M_0179,18.509204,73.823252,35.94,0.351,0.025,-0.4,Built-up,0.238,33.97,46.1,3.0,Medium,13,3640.0,0.364,74.9,0.234,4230.0,0.423,2026-05-31,"POLYGON ((73.822782 18.508749, 73.823729 18.508755, 73.823723 18.509658, 73.822776 18.509652, 73.822782 18.508749))"
PUNE_GRID_100M_0180,18.510107,73.823246,38.38,0.308,0.189,-0.342,Built-up,0.221,36.42,42.7,3.07,High,24,5160.0,0.516,98.9,0.309,3050.0,0.305,2026-05-31,"POLYGON ((73.822776 18.509652, 73.823723 18.509658, 73.823717 18.510562, 73.822769 18.510556, 73.822776 18.509652))"
PUNE_GRID_100M_0181,18.511011,73.82324,36.75,0.276,0.129,-0.4,Built-up,0.214,34.5,45.4,3.45,Medium,15,4140.0,0.414,90.9,0.284,3850.0,0.385,2026-05-31,"POLYGON ((73.822769 18.510556, 73.823717 18.510562, 73.82371 18.511466, 73.822763 18.51146, 73.822769 18.510556))"
PUNE_GRID_100M_0182,18.511914,73.823234,35.6,0.327,0.033,-0.4,Built-up,0.238,34.75,47.4,2.78,Medium,15,3430.0,0.343,84.8,0.265,4470.0,0.447,2026-05-31,"POLYGON ((73.822763 18.51146, 73.82371 18.511466, 73.823704 18.512369, 73.822757 18.512363, 73.822763 18.51146))"
PUNE_GRID_100M_0183,18.512818,73.823227,35.47,0.328,0.055,-0.361,Built-up,0.234,34.49,46.0,3.04,Medium,11,3350.0,0.335,63.0,0.197,6090.0,0.609,2026-05-31,"POLYGON ((73.822757 18.512363, 73.823704 18.512369, 73.823698 18.513273, 73.822751 18.513267, 73.822757 18.512363))"
PUNE_GRID_100M_0184,18.513722,73.823221,36.74,0.347,0.092,-0.4,Built-up,0.205,35.13,46.5,2.66,Medium,13,4140.0,0.414,99.5,0.311,4090.0,0.409,2026-05-31,"POLYGON ((73.822751 18.513267, 73.823698 18.513273, 73.823692 18.514176, 73.822745 18.514171, 73.822751 18.513267))"
PUNE_GRID_100M_0185,18.514625,73.823215,36.2,0.369,0.073,-0.4,Built-up,0.258,35.01,47.8,2.93,Medium,17,3810.0,0.381,115.8,0.362,4350.0,0.435,2026-05-31,"POLYGON ((73.822745 18.514171, 73.823692 18.514176, 73.823686 18.51508, 73.822738 18.515074, 73.822745 18.514171))"
PUNE_GRID_100M_0186,18.515529,73.823209,36.98,0.324,0.039,-0.4,Built-up,0.226,35.09,45.8,3.08,Medium,20,4300.0,0.43,116.2,0.363,4070.0,0.407,2026-05-31,"POLYGON ((73.822738 18.515074, 73.823686 18.51508, 73.823679 18.515984, 73.822732 18.515978, 73.822738 18.515074))"
PUNE_GRID_100M_0187,18.516433,73.823203,36.81,0.359,0.1,-0.252,Built-up,0.232,35.29,45.5,3.11,Medium,17,4190.0,0.419,121.6,0.38,3100.0,0.31,2026-05-31,"POLYGON ((73.822732 18.515978, 73.823679 18.515984, 73.823673 18.516887, 73.822726 18.516881, 73.822732 18.515978))"
PUNE_GRID_100M_0188,18.517336,73.823197,36.39,0.279,0.117,-0.4,Built-up,0.23,35.21,47.1,3.13,Medium,18,3930.0,0.393,99.2,0.31,4840.0,0.484,2026-05-31,"POLYGON ((73.822726 18.516881, 73.823673 18.516887, 73.823667 18.517791, 73.82272 18.517785, 73.822726 18.516881))"
PUNE_GRID_100M_0189,18.51824,73.82319,35.78,0.414,0.041,-0.4,Vegetation,0.231,33.62,45.1,3.09,Medium,12,3550.0,0.355,100.2,0.313,3510.0,0.351,2026-05-31,"POLYGON ((73.82272 18.517785, 73.823667 18.517791, 73.823661 18.518695, 73.822714 18.518689, 73.82272 18.517785))"
PUNE_GRID_100M_0190,18.519143,73.823184,35.25,0.427,0.038,-0.291,Vegetation,0.242,34.04,45.4,3.12,Medium,10,3220.0,0.322,68.2,0.213,4830.0,0.483,2026-05-31,"POLYGON ((73.822714 18.518689, 73.823661 18.518695, 73.823655 18.519598, 73.822708 18.519592, 73.822714 18.518689))"
PUNE_GRID_100M_0191,18.520047,73.823178,36.11,0.366,0.052,-0.34,Built-up,0.234,34.77,45.7,3.01,Medium,13,3750.0,0.375,81.6,0.255,4300.0,0.43,2026-05-31,"POLYGON ((73.822708 18.519592, 73.823655 18.519598, 73.823649 18.520502, 73.822701 18.520496, 73.822708 18.519592))"
PUNE_GRID_100M_0192,18.520951,73.823172,37.15,0.371,0.133,-0.4,Built-up,0.195,35.45,44.5,2.8,Medium,14,4400.0,0.44,70.4,0.22,4170.0,0.417,2026-05-31,"POLYGON ((73.822701 18.520496, 73.823649 18.520502, 73.823642 18.521405, 73.822695 18.5214, 73.822701 18.520496))"
PUNE_GRID_100M_0193,18.521854,73.823166,36.63,0.252,0.092,-0.4,Built-up,0.218,35.58,44.5,2.64,Medium,17,4080.0,0.408,113.0,0.353,3950.0,0.395,2026-05-31,"POLYGON ((73.822695 18.5214, 73.823642 18.521405, 73.823636 18.522309, 73.822689 18.522303, 73.822695 18.5214))"
PUNE_GRID_100M_0194,18.522758,73.82316,35.45,0.338,0.017,-0.323,Built-up,0.228,33.98,49.4,2.9,Medium,16,3340.0,0.334,99.8,0.312,4660.0,0.466,2026-05-31,"POLYGON ((73.822689 18.522303, 73.823636 18.522309, 73.82363 18.523213, 73.822683 18.523207, 73.822689 18.522303))"
PUNE_GRID_100M_0195,18.523662,73.823153,36.57,0.291,0.136,-0.4,Built-up,0.209,34.91,49.0,2.98,Medium,14,4040.0,0.404,89.9,0.281,4110.0,0.411,2026-05-31,"POLYGON ((73.822683 18.523207, 73.82363 18.523213, 73.823624 18.524116, 73.822677 18.52411, 73.822683 18.523207))"
PUNE_GRID_100M_0196,18.524565,73.823147,36.72,0.344,0.13,-0.4,Built-up,0.197,34.63,45.1,3.27,Medium,17,4140.0,0.414,96.0,0.3,3570.0,0.357,2026-05-31,"POLYGON ((73.822677 18.52411, 73.823624 18.524116, 73.823618 18.52502, 73.82267 18.525014, 73.822677 18.52411))"
PUNE_GRID_100M_0197,18.525469,73.823141,35.68,0.309,0.037,-0.275,Built-up,0.25,34.93,46.6,3.0,Medium,12,3490.0,0.349,74.2,0.232,4220.0,0.422,2026-05-31,"POLYGON ((73.82267 18.525014, 73.823618 18.52502, 73.823611 18.525924, 73.822664 18.525918, 73.82267 18.525014))"
PUNE_GRID_100M_0198,18.526372,73.823135,36.49,0.353,0.107,-0.4,Built-up,0.245,34.97,45.5,2.98,Medium,18,3990.0,0.399,100.8,0.315,4360.0,0.436,2026-05-31,"POLYGON ((73.822664 18.525918, 73.823611 18.525924, 73.823605 18.526827, 73.822658 18.526821, 73.822664 18.525918))"
PUNE_GRID_100M_0199,18.527276,73.823129,36.38,0.382,0.103,-0.316,Built-up,0.236,34.83,47.6,3.11,Medium,20,3920.0,0.392,108.5,0.339,4340.0,0.434,2026-05-31,"POLYGON ((73.822658 18.526821, 73.823605 18.526827, 73.823599 18.527731, 73.822652 18.527725, 73.822658 18.526821))"
PUNE_GRID_100M_0200,18.52818,73.823122,35.38,0.39,0.061,-0.31,Built-up,0.248,34.25,48.7,2.98,Medium,10,3290.0,0.329,56.6,0.177,5810.0,0.581,2026-05-31,"POLYGON ((73.822652 18.527725, 73.823599 18.527731, 73.823593 18.528634, 73.822646 18.528628, 73.822652 18.527725))"
PUNE_GRID_100M_0201,18.529083,73.823116,36.54,0.332,0.043,-0.4,Built-up,0.227,35.27,43.1,3.2,Medium,19,4020.0,0.402,101.8,0.318,3710.0,0.371,2026-05-31,"POLYGON ((73.822646 18.528628, 73.823593 18.528634, 73.823587 18.529538, 73.822639 18.529532, 73.822646 18.528628))"
PUNE_GRID_100M_0202,18.529987,73.82311,36.66,0.277,0.13,-0.35,Built-up,0.207,35.27,46.4,3.44,Medium,12,4090.0,0.409,94.7,0.296,4300.0,0.43,2026-05-31,"POLYGON ((73.822639 18.529532, 73.823587 18.529538, 73.823581 18.530442, 73.822633 18.530436, 73.822639 18.529532))"
PUNE_GRID_100M_0203,18.530891,73.823104,37.03,0.27,0.099,-0.4,Built-up,0.211,36.22,43.4,3.49,Medium,13,4320.0,0.432,105.3,0.329,3580.0,0.358,2026-05-31,"POLYGON ((73.822633 18.530436, 73.823581 18.530442, 73.823574 18.531345, 73.822627 18.531339, 73.822633 18.530436))"
PUNE_GRID_100M_0204,18.531794,73.823098,36.96,0.356,0.102,-0.4,Built-up,0.231,35.51,48.1,3.08,Medium,14,4270.0,0.427,108.5,0.339,4190.0,0.419,2026-05-31,"POLYGON ((73.822627 18.531339, 73.823574 18.531345, 73.823568 18.532249, 73.822621 18.532243, 73.822627 18.531339))"
PUNE_GRID_100M_0205,18.532698,73.823091,34.96,0.408,0.102,-0.4,Vegetation,0.225,33.83,47.7,3.14,Medium,11,3020.0,0.302,70.1,0.219,5730.0,0.573,2026-05-31,"POLYGON ((73.822621 18.532243, 73.823568 18.532249, 73.823562 18.533153, 73.822615 18.533147, 73.822621 18.532243))"
PUNE_GRID_100M_0206,18.533601,73.823085,35.25,0.365,0.045,-0.348,Built-up,0.231,34.01,45.6,3.4,Medium,12,3200.0,0.32,75.5,0.236,5180.0,0.518,2026-05-31,"POLYGON ((73.822615 18.533147, 73.823562 18.533153, 73.823556 18.534056, 73.822609 18.53405, 73.822615 18.533147))"
PUNE_GRID_100M_0207,18.534505,73.823079,36.35,0.311,0.074,-0.4,Built-up,0.246,34.83,45.6,3.06,Medium,12,3880.0,0.388,90.2,0.282,4140.0,0.414,2026-05-31,"POLYGON ((73.822609 18.53405, 73.823556 18.534056, 73.82355 18.53496, 73.822602 18.534954, 73.822609 18.53405))"
PUNE_GRID_100M_0208,18.535409,73.823073,36.28,0.249,0.016,-0.372,Built-up,0.243,34.45,45.5,3.24,Medium,17,3840.0,0.384,104.6,0.327,4560.0,0.456,2026-05-31,"POLYGON ((73.822602 18.534954, 73.82355 18.53496, 73.823543 18.535863, 73.822596 18.535857, 73.822602 18.534954))"
PUNE_GRID_100M_0209,18.536312,73.823067,36.21,0.29,0.121,-0.341,Built-up,0.206,34.86,46.8,2.89,Medium,15,3790.0,0.379,96.3,0.301,4570.0,0.457,2026-05-31,"POLYGON ((73.822596 18.535857, 73.823543 18.535863, 73.823537 18.536767, 73.82259 18.536761, 73.822596 18.535857))"
PUNE_GRID_100M_0210,18.537216,73.823061,38.81,0.318,0.156,-0.4,Built-up,0.202,36.9,45.5,3.07,High,20,5410.0,0.541,132.8,0.415,2070.0,0.207,2026-05-31,"POLYGON ((73.82259 18.536761, 73.823537 18.536767, 73.823531 18.537671, 73.822584 18.537665, 73.82259 18.536761))"
PUNE_GRID_100M_0211,18.538119,73.823054,36.11,0.285,0.045,-0.4,Built-up,0.242,34.59,44.4,3.37,Medium,15,3720.0,0.372,73.0,0.228,4060.0,0.406,2026-05-31,"POLYGON ((73.822584 18.537665, 73.823531 18.537671, 73.823525 18.538574, 73.822578 18.538568, 73.822584 18.537665))"
PUNE_GRID_100M_0212,18.539023,73.823048,36.49,0.33,0.082,-0.348,Built-up,0.241,34.8,48.6,3.01,Medium,16,3950.0,0.395,89.9,0.281,4090.0,0.409,2026-05-31,"POLYGON ((73.822578 18.538568, 73.823525 18.538574, 73.823519 18.539478, 73.822571 18.539472, 73.822578 18.538568))"
PUNE_GRID_100M_0213,18.539927,73.823042,36.26,0.371,0.124,-0.39,Built-up,0.226,35.34,48.4,3.14,Medium,16,3810.0,0.381,103.0,0.322,4830.0,0.483,2026-05-31,"POLYGON ((73.822571 18.539472, 73.823519 18.539478, 73.823513 18.540381, 73.822565 18.540376, 73.822571 18.539472))"
PUNE_GRID_100M_0214,18.54083,73.823036,35.93,0.292,0.09,-0.4,Built-up,0.252,34.22,44.9,2.87,Medium,13,3600.0,0.36,87.0,0.272,5040.0,0.504,2026-05-31,"POLYGON ((73.822565 18.540376, 73.823513 18.540381, 73.823506 18.541285, 73.822559 18.541279, 73.822565 18.540376))"
PUNE_GRID_100M_0215,18.541734,73.82303,35.07,0.38,0.023,-0.338,Built-up,0.26,33.43,47.1,3.6,Medium,10,3060.0,0.306,81.9,0.256,4730.0,0.473,2026-05-31,"POLYGON ((73.822559 18.541279, 73.823506 18.541285, 73.8235 18.542189, 73.822553 18.542183, 73.822559 18.541279))"
PUNE_GRID_100M_0216,18.542638,73.823023,35.84,0.383,0.072,-0.359,Built-up,0.234,34.24,48.9,3.46,Medium,17,3540.0,0.354,107.5,0.336,3980.0,0.398,2026-05-31,"POLYGON ((73.822553 18.542183, 73.8235 18.542189, 73.823494 18.543092, 73.822547 18.543086, 73.822553 18.542183))"
PUNE_GRID_100M_0217,18.543541,73.823017,34.53,0.392,-0.014,-0.343,Built-up,0.23,33.21,49.2,3.26,Medium,8,2710.0,0.271,78.4,0.245,6060.0,0.606,2026-05-31,"POLYGON ((73.822547 18.543086, 73.823494 18.543092, 73.823488 18.543996, 73.82254 18.54399, 73.822547 18.543086))"
PUNE_GRID_100M_0218,18.544445,73.823011,34.86,0.495,0.023,-0.315,Vegetation,0.216,34.02,46.6,3.34,Medium,10,2910.0,0.291,71.0,0.222,4970.0,0.497,2026-05-31,"POLYGON ((73.82254 18.54399, 73.823488 18.543996, 73.823482 18.5449, 73.822534 18.544894, 73.82254 18.54399))"
PUNE_GRID_100M_0219,18.545348,73.823005,34.57,0.323,0.008,-0.387,Built-up,0.233,33.59,48.6,3.34,Medium,9,2730.0,0.273,58.9,0.184,5920.0,0.592,2026-05-31,"POLYGON ((73.822534 18.544894, 73.823482 18.5449, 73.823475 18.545803, 73.822528 18.545797, 73.822534 18.544894))"
PUNE_GRID_100M_0220,18.546252,73.822999,34.92,0.42,0.05,-0.353,Vegetation,0.242,33.88,51.6,3.55,Medium,11,2940.0,0.294,37.8,0.118,5460.0,0.546,2026-05-31,"POLYGON ((73.822528 18.545797, 73.823475 18.545803, 73.823469 18.546707, 73.822522 18.546701, 73.822528 18.545797))"
PUNE_GRID_100M_0221,18.547156,73.822992,36.61,0.312,0.126,-0.4,Built-up,0.245,35.47,45.9,3.19,Medium,13,3990.0,0.399,93.8,0.293,4780.0,0.478,2026-05-31,"POLYGON ((73.822522 18.546701, 73.823469 18.546707, 73.823463 18.54761, 73.822516 18.547605, 73.822522 18.546701))"
PUNE_GRID_100M_0222,18.548059,73.822986,33.16,0.47,-0.043,-0.312,Vegetation,0.254,32.5,47.5,3.45,Low,10,1830.0,0.183,39.7,0.124,6490.0,0.649,2026-05-31,"POLYGON ((73.822516 18.547605, 73.823463 18.54761, 73.823457 18.548514, 73.822509 18.548508, 73.822516 18.547605))"
PUNE_GRID_100M_0223,18.548963,73.82298,35.09,0.39,0.018,-0.26,Built-up,0.254,34.3,47.2,3.54,Medium,10,3040.0,0.304,78.1,0.244,5690.0,0.569,2026-05-31,"POLYGON ((73.822509 18.548508, 73.823457 18.548514, 73.823451 18.549418, 73.822503 18.549412, 73.822509 18.548508))"
PUNE_GRID_100M_0224,18.549867,73.822974,33.15,0.41,-0.036,-0.385,Vegetation,0.243,33.16,48.8,3.59,Low,9,1820.0,0.182,41.6,0.13,6860.0,0.686,2026-05-31,"POLYGON ((73.822503 18.549412, 73.823451 18.549418, 73.823444 18.550321, 73.822497 18.550315, 73.822503 18.549412))"
PUNE_GRID_100M_0225,18.500173,73.824261,35.24,0.376,0.033,-0.4,Built-up,0.243,34.03,46.0,2.69,Medium,10,3180.0,0.318,72.3,0.226,5240.0,0.524,2026-05-31,"POLYGON ((73.823791 18.499718, 73.824738 18.499724, 73.824732 18.500628, 73.823784 18.500622, 73.823791 18.499718))"
PUNE_GRID_100M_0226,18.501077,73.824255,36.57,0.246,0.063,-0.4,Built-up,0.241,35.32,46.4,3.01,Medium,12,4010.0,0.401,73.6,0.23,3510.0,0.351,2026-05-31,"POLYGON ((73.823784 18.500622, 73.824732 18.500628, 73.824725 18.501532, 73.823778 18.501526, 73.823784 18.500622))"
PUNE_GRID_100M_0227,18.50198,73.824249,35.83,0.37,0.05,-0.364,Built-up,0.201,34.51,44.5,2.92,Medium,16,3550.0,0.355,73.3,0.229,3880.0,0.388,2026-05-31,"POLYGON ((73.823778 18.501526, 73.824725 18.501532, 73.824719 18.502435, 73.823772 18.502429, 73.823778 18.501526))"
PUNE_GRID_100M_0228,18.502884,73.824243,35.0,0.387,0.028,-0.4,Built-up,0.229,34.28,46.0,3.14,Medium,14,3040.0,0.304,79.0,0.247,5130.0,0.513,2026-05-31,"POLYGON ((73.823772 18.502429, 73.824719 18.502435, 73.824713 18.503339, 73.823766 18.503333, 73.823772 18.502429))"
PUNE_GRID_100M_0229,18.503788,73.824236,35.36,0.388,0.069,-0.357,Built-up,0.242,33.78,47.8,2.69,Medium,11,3270.0,0.327,100.5,0.314,4890.0,0.489,2026-05-31,"POLYGON ((73.823766 18.503333, 73.824713 18.503339, 73.824707 18.504242, 73.82376 18.504237, 73.823766 18.503333))"
PUNE_GRID_100M_0230,18.504691,73.82423,36.55,0.363,0.089,-0.343,Built-up,0.228,34.59,43.1,2.67,Medium,18,4010.0,0.401,95.0,0.297,3650.0,0.365,2026-05-31,"POLYGON ((73.82376 18.504237, 73.824707 18.504242, 73.824701 18.505146, 73.823754 18.50514, 73.82376 18.504237))"
PUNE_GRID_100M_0231,18.505595,73.824224,35.49,0.373,0.011,-0.328,Built-up,0.22,34.23,48.0,3.5,Medium,11,3350.0,0.335,84.5,0.264,4420.0,0.442,2026-05-31,"POLYGON ((73.823754 18.50514, 73.824701 18.505146, 73.824695 18.50605, 73.823747 18.506044, 73.823754 18.50514))"
PUNE_GRID_100M_0232,18.506499,73.824218,36.31,0.335,0.086,-0.4,Built-up,0.188,34.65,42.9,3.18,Medium,19,3870.0,0.387,105.0,0.328,4370.0,0.437,2026-05-31,"POLYGON ((73.823747 18.506044, 73.824695 18.50605, 73.824688 18.506953, 73.823741 18.506947, 73.823747 18.506044))"
PUNE_GRID_100M_0233,18.507402,73.824212,36.24,0.296,0.084,-0.334,Built-up,0.219,34.71,43.4,3.07,Medium,19,3820.0,0.382,81.3,0.254,4640.0,0.464,2026-05-31,"POLYGON ((73.823741 18.506947, 73.824688 18.506953, 73.824682 18.507857, 73.823735 18.507851, 73.823741 18.506947))"
PUNE_GRID_100M_0234,18.508306,73.824206,35.74,0.321,0.064,-0.329,Built-up,0.227,34.45,45.7,3.11,Medium,11,3510.0,0.351,89.0,0.278,4600.0,0.46,2026-05-31,"POLYGON ((73.823735 18.507851, 73.824682 18.507857, 73.824676 18.508761, 73.823729 18.508755, 73.823735 18.507851))"
PUNE_GRID_100M_0235,18.509209,73.824199,38.03,0.316,0.189,-0.384,Built-up,0.193,36.34,45.0,3.06,High,18,4950.0,0.495,109.4,0.342,3340.0,0.334,2026-05-31,"POLYGON ((73.823729 18.508755, 73.824676 18.508761, 73.82467 18.509664, 73.823723 18.509658, 73.823729 18.508755))"
PUNE_GRID_100M_0236,18.510113,73.824193,36.87,0.367,0.14,-0.387,Built-up,0.217,35.19,47.5,3.22,Medium,14,4230.0,0.423,112.6,0.352,3240.0,0.324,2026-05-31,"POLYGON ((73.823723 18.509658, 73.82467 18.509664, 73.824664 18.510568, 73.823717 18.510562, 73.823723 18.509658))"
PUNE_GRID_100M_0237,18.511017,73.824187,34.79,0.373,-0.002,-0.338,Built-up,0.248,33.61,47.3,2.89,Medium,12,2930.0,0.293,72.3,0.226,5250.0,0.525,2026-05-31,"POLYGON ((73.823717 18.510562, 73.824664 18.510568, 73.824658 18.511471, 73.82371 18.511466, 73.823717 18.510562))"
PUNE_GRID_100M_0238,18.51192,73.824181,36.6,0.321,0.079,-0.33,Built-up,0.236,35.01,45.4,3.05,Medium,14,4060.0,0.406,101.1,0.316,4650.0,0.465,2026-05-31,"POLYGON ((73.82371 18.511466, 73.824658 18.511471, 73.824651 18.512375, 73.823704 18.512369, 73.82371 18.511466))"
PUNE_GRID_100M_0239,18.512824,73.824175,35.96,0.305,0.037,-0.269,Built-up,0.198,34.44,47.1,3.05,Medium,13,3660.0,0.366,77.8,0.243,4640.0,0.464,2026-05-31,"POLYGON ((73.823704 18.512369, 73.824651 18.512375, 73.824645 18.513279, 73.823698 18.513273, 73.823704 18.512369))"
PUNE_GRID_100M_0240,18.513728,73.824169,37.2,0.345,0.145,-0.4,Built-up,0.194,35.26,43.9,2.79,Medium,16,4440.0,0.444,115.5,0.361,3530.0,0.353,2026-05-31,"POLYGON ((73.823698 18.513273, 73.824645 18.513279, 73.824639 18.514182, 73.823692 18.514176, 73.823698 18.513273))"
PUNE_GRID_100M_0241,18.514631,73.824162,35.92,0.369,0.11,-0.34,Built-up,0.216,34.16,46.5,3.25,Medium,13,3640.0,0.364,113.9,0.356,5210.0,0.521,2026-05-31,"POLYGON ((73.823692 18.514176, 73.824639 18.514182, 73.824633 18.515086, 73.823686 18.51508, 73.823692 18.514176))"
PUNE_GRID_100M_0242,18.515535,73.824156,36.49,0.4,0.083,-0.388,Built-up,0.234,35.06,44.0,2.9,Medium,15,3990.0,0.399,82.9,0.259,3670.0,0.367,2026-05-31,"POLYGON ((73.823686 18.51508, 73.824633 18.515086, 73.824627 18.51599, 73.823679 18.515984, 73.823686 18.51508))"
PUNE_GRID_100M_0243,18.516438,73.82415,37.0,0.27,0.108,-0.4,Built-up,0.228,35.23,45.5,3.19,Medium,17,4320.0,0.432,99.2,0.31,4070.0,0.407,2026-05-31,"POLYGON ((73.823679 18.515984, 73.824627 18.51599, 73.824621 18.516893, 73.823673 18.516887, 73.823679 18.515984))"
PUNE_GRID_100M_0244,18.517342,73.824144,37.31,0.279,0.173,-0.4,Built-up,0.216,35.91,45.0,3.0,Medium,20,4510.0,0.451,111.4,0.348,4110.0,0.411,2026-05-31,"POLYGON ((73.823673 18.516887, 73.824621 18.516893, 73.824614 18.517797, 73.823667 18.517791, 73.823673 18.516887))"
PUNE_GRID_100M_0245,18.518246,73.824138,35.67,0.361,0.07,-0.392,Built-up,0.222,34.03,45.3,3.31,Medium,12,3480.0,0.348,93.4,0.292,4510.0,0.451,2026-05-31,"POLYGON ((73.823667 18.517791, 73.824614 18.517797, 73.824608 18.5187, 73.823661 18.518695, 73.823667 18.517791))"
PUNE_GRID_100M_0246,18.519149,73.824131,36.37,0.353,0.1,-0.4,Built-up,0.217,34.8,46.2,2.77,Medium,18,3920.0,0.392,87.0,0.272,4610.0,0.461,2026-05-31,"POLYGON ((73.823661 18.518695, 73.824608 18.5187, 73.824602 18.519604, 73.823655 18.519598, 73.823661 18.518695))"
PUNE_GRID_100M_0247,18.520053,73.824125,36.26,0.322,0.046,-0.392,Built-up,0.221,35.43,46.2,2.76,Medium,13,3850.0,0.385,56.0,0.175,4230.0,0.423,2026-05-31,"POLYGON ((73.823655 18.519598, 73.824602 18.519604, 73.824596 18.520508, 73.823649 18.520502, 73.823655 18.519598))"
PUNE_GRID_100M_0248,18.520957,73.824119,36.11,0.301,0.095,-0.4,Built-up,0.234,34.5,47.9,2.8,Medium,17,3760.0,0.376,107.5,0.336,3960.0,0.396,2026-05-31,"POLYGON ((73.823649 18.520502, 73.824596 18.520508, 73.82459 18.521411, 73.823642 18.521405, 73.823649 18.520502))"
PUNE_GRID_100M_0249,18.52186,73.824113,38.04,0.304,0.134,-0.4,Built-up,0.202,36.06,42.2,3.01,High,18,4970.0,0.497,129.0,0.403,2970.0,0.297,2026-05-31,"POLYGON ((73.823642 18.521405, 73.82459 18.521411, 73.824583 18.522315, 73.823636 18.522309, 73.823642 18.521405))"
PUNE_GRID_100M_0250,18.522764,73.824107,36.94,0.336,0.078,-0.4,Built-up,0.239,34.99,45.3,3.29,Medium,15,4280.0,0.428,80.3,0.251,4290.0,0.429,2026-05-31,"POLYGON ((73.823636 18.522309, 73.824583 18.522315, 73.824577 18.523219, 73.82363 18.523213, 73.823636 18.522309))"
PUNE_GRID_100M_0251,18.523667,73.824101,35.59,0.318,0.041,-0.362,Built-up,0.236,34.01,45.4,3.3,Medium,16,3440.0,0.344,74.9,0.234,5310.0,0.531,2026-05-31,"POLYGON ((73.82363 18.523213, 73.824577 18.523219, 73.824571 18.524122, 73.823624 18.524116, 73.82363 18.523213))"
PUNE_GRID_100M_0252,18.524571,73.824094,37.32,0.348,0.112,-0.4,Built-up,0.219,36.09,46.4,2.52,Medium,23,4510.0,0.451,128.3,0.401,3910.0,0.391,2026-05-31,"POLYGON ((73.823624 18.524116, 73.824571 18.524122, 73.824565 18.525026, 73.823618 18.52502, 73.823624 18.524116))"
PUNE_GRID_100M_0253,18.525475,73.824088,38.26,0.308,0.165,-0.4,Built-up,0.2,36.33,45.5,3.04,High,25,5100.0,0.51,140.8,0.44,2550.0,0.255,2026-05-31,"POLYGON ((73.823618 18.52502, 73.824565 18.525026, 73.824559 18.525929, 73.823611 18.525924, 73.823618 18.52502))"
PUNE_GRID_100M_0254,18.526378,73.824082,37.36,0.298,0.088,-0.367,Built-up,0.204,35.69,45.9,2.35,Medium,17,4540.0,0.454,121.0,0.378,3800.0,0.38,2026-05-31,"POLYGON ((73.823611 18.525924, 73.824559 18.525929, 73.824553 18.526833, 73.823605 18.526827, 73.823611 18.525924))"
PUNE_GRID_100M_0255,18.527282,73.824076,35.28,0.368,0.066,-0.4,Built-up,0.218,33.69,45.7,3.16,Medium,10,3240.0,0.324,75.5,0.236,4920.0,0.492,2026-05-31,"POLYGON ((73.823605 18.526827, 73.824553 18.526833, 73.824546 18.527737, 73.823599 18.527731, 73.823605 18.526827))"
PUNE_GRID_100M_0256,18.528186,73.82407,36.07,0.36,0.107,-0.339,Built-up,0.216,34.86,47.5,3.23,Medium,20,3730.0,0.373,90.6,0.283,4780.0,0.478,2026-05-31,"POLYGON ((73.823599 18.527731, 73.824546 18.527737, 73.82454 18.52864, 73.823593 18.528634, 73.823599 18.527731))"
PUNE_GRID_100M_0257,18.529089,73.824064,37.43,0.255,0.076,-0.369,Built-up,0.191,36.05,42.8,3.01,Medium,16,4580.0,0.458,108.2,0.338,3490.0,0.349,2026-05-31,"POLYGON ((73.823593 18.528634, 73.82454 18.52864, 73.824534 18.529544, 73.823587 18.529538, 73.823593 18.528634))"
PUNE_GRID_100M_0258,18.529993,73.824057,35.81,0.348,0.091,-0.356,Built-up,0.221,34.91,43.7,3.04,Medium,15,3560.0,0.356,99.8,0.312,4680.0,0.468,2026-05-31,"POLYGON ((73.823587 18.529538, 73.824534 18.529544, 73.824528 18.530448, 73.823581 18.530442, 73.823587 18.529538))"
PUNE_GRID_100M_0259,18.530896,73.824051,36.68,0.23,0.076,-0.31,Built-up,0.24,35.38,43.7,3.04,Medium,16,4110.0,0.411,87.4,0.273,4240.0,0.424,2026-05-31,"POLYGON ((73.823581 18.530442, 73.824528 18.530448, 73.824522 18.531351, 73.823574 18.531345, 73.823581 18.530442))"
PUNE_GRID_100M_0260,18.5318,73.824045,36.89,0.344,0.136,-0.4,Built-up,0.224,34.98,45.4,2.88,Medium,13,4240.0,0.424,91.5,0.286,3260.0,0.326,2026-05-31,"POLYGON ((73.823574 18.531345, 73.824522 18.531351, 73.824516 18.532255, 73.823568 18.532249, 73.823574 18.531345))"
PUNE_GRID_100M_0261,18.532704,73.824039,35.48,0.296,0.045,-0.397,Built-up,0.224,34.43,47.6,3.13,Medium,14,3350.0,0.335,93.4,0.292,4320.0,0.432,2026-05-31,"POLYGON ((73.823568 18.532249, 73.824516 18.532255, 73.824509 18.533158, 73.823562 18.533153, 73.823568 18.532249))"
PUNE_GRID_100M_0262,18.533607,73.824033,36.11,0.396,0.076,-0.337,Built-up,0.227,34.98,41.6,3.01,Medium,15,3740.0,0.374,89.3,0.279,4460.0,0.446,2026-05-31,"POLYGON ((73.823562 18.533153, 73.824509 18.533158, 73.824503 18.534062, 73.823556 18.534056, 73.823562 18.533153))"
PUNE_GRID_100M_0263,18.534511,73.824026,33.5,0.414,-0.048,-0.305,Vegetation,0.24,32.41,50.2,3.25,Low,11,2110.0,0.211,68.2,0.213,5580.0,0.558,2026-05-31,"POLYGON ((73.823556 18.534056, 73.824503 18.534062, 73.824497 18.534966, 73.82355 18.53496, 73.823556 18.534056))"
PUNE_GRID_100M_0264,18.535415,73.82402,35.21,0.359,0.071,-0.388,Built-up,0.229,33.81,47.0,3.06,Medium,16,3170.0,0.317,67.5,0.211,5530.0,0.553,2026-05-31,"POLYGON ((73.82355 18.53496, 73.824497 18.534966, 73.824491 18.535869, 73.823543 18.535863, 73.82355 18.53496))"
PUNE_GRID_100M_0265,18.536318,73.824014,35.75,0.324,0.022,-0.289,Built-up,0.259,34.79,44.0,2.92,Medium,16,3510.0,0.351,83.5,0.261,5060.0,0.506,2026-05-31,"POLYGON ((73.823543 18.535863, 73.824491 18.535869, 73.824485 18.536773, 73.823537 18.536767, 73.823543 18.535863))"
PUNE_GRID_100M_0266,18.537222,73.824008,34.88,0.368,0.038,-0.376,Built-up,0.248,34.18,47.2,2.8,Medium,16,2960.0,0.296,59.2,0.185,5620.0,0.562,2026-05-31,"POLYGON ((73.823537 18.536767, 73.824485 18.536773, 73.824478 18.537677, 73.823531 18.537671, 73.823537 18.536767))"
PUNE_GRID_100M_0267,18.538125,73.824002,37.11,0.358,0.153,-0.4,Built-up,0.22,35.01,47.0,2.74,Medium,16,4350.0,0.435,104.6,0.327,3220.0,0.322,2026-05-31,"POLYGON ((73.823531 18.537671, 73.824478 18.537677, 73.824472 18.53858, 73.823525 18.538574, 73.823531 18.537671))"
PUNE_GRID_100M_0268,18.539029,73.823996,34.58,0.29,0.028,-0.36,Built-up,0.228,33.94,48.2,3.39,Medium,11,2770.0,0.277,47.7,0.149,6340.0,0.634,2026-05-31,"POLYGON ((73.823525 18.538574, 73.824472 18.53858, 73.824466 18.539484, 73.823519 18.539478, 73.823525 18.538574))"
PUNE_GRID_100M_0269,18.539933,73.823989,35.29,0.416,0.108,-0.4,Vegetation,0.232,34.23,48.4,3.05,Medium,12,3210.0,0.321,70.7,0.221,5940.0,0.594,2026-05-31,"POLYGON ((73.823519 18.539478, 73.824466 18.539484, 73.82446 18.540387, 73.823513 18.540381, 73.823519 18.539478))"
PUNE_GRID_100M_0270,18.540836,73.823983,35.66,0.365,0.039,-0.362,Built-up,0.208,34.7,44.4,3.22,Medium,16,3440.0,0.344,64.3,0.201,5020.0,0.502,2026-05-31,"POLYGON ((73.823513 18.540381, 73.82446 18.540387, 73.824454 18.541291, 73.823506 18.541285, 73.823513 18.540381))"
PUNE_GRID_100M_0271,18.54174,73.823977,36.62,0.27,0.127,-0.331,Built-up,0.213,34.94,45.1,3.53,Medium,18,4030.0,0.403,105.6,0.33,4180.0,0.418,2026-05-31,"POLYGON ((73.823506 18.541285, 73.824454 18.541291, 73.824448 18.542195, 73.8235 18.542189, 73.823506 18.541285))"
PUNE_GRID_100M_0272,18.542643,73.823971,34.23,0.359,-0.013,-0.323,Built-up,0.251,33.65,46.2,3.07,Medium,9,2530.0,0.253,69.8,0.218,5900.0,0.59,2026-05-31,"POLYGON ((73.8235 18.542189, 73.824448 18.542195, 73.824441 18.543098, 73.823494 18.543092, 73.8235 18.542189))"
PUNE_GRID_100M_0273,18.543547,73.823965,36.21,0.4,0.116,-0.395,Built-up,0.23,35.1,48.6,3.08,Medium,11,3770.0,0.377,68.5,0.214,4800.0,0.48,2026-05-31,"POLYGON ((73.823494 18.543092, 73.824441 18.543098, 73.824435 18.544002, 73.823488 18.543996, 73.823494 18.543092))"
PUNE_GRID_100M_0274,18.544451,73.823958,35.2,0.33,0.034,-0.372,Built-up,0.244,34.03,47.8,3.19,Medium,16,3130.0,0.313,92.2,0.288,4960.0,0.496,2026-05-31,"POLYGON ((73.823488 18.543996, 73.824435 18.544002, 73.824429 18.544905, 73.823482 18.5449, 73.823488 18.543996))"
PUNE_GRID_100M_0275,18.545354,73.823952,34.3,0.353,-0.018,-0.326,Built-up,0.248,33.52,51.8,3.24,Medium,8,2570.0,0.257,93.8,0.293,5540.0,0.554,2026-05-31,"POLYGON ((73.823482 18.5449, 73.824429 18.544905, 73.824423 18.545809, 73.823475 18.545803, 73.823482 18.5449))"
PUNE_GRID_100M_0276,18.546258,73.823946,35.36,0.408,0.08,-0.345,Vegetation,0.223,34.06,46.0,3.63,Medium,12,3220.0,0.322,77.8,0.243,5410.0,0.541,2026-05-31,"POLYGON ((73.823475 18.545803, 73.824423 18.545809, 73.824417 18.546713, 73.823469 18.546707, 73.823475 18.545803))"
PUNE_GRID_100M_0277,18.547162,73.82394,35.04,0.387,0.012,-0.324,Built-up,0.246,34.52,45.9,3.58,Medium,11,3020.0,0.302,64.3,0.201,6320.0,0.632,2026-05-31,"POLYGON ((73.823469 18.546707, 73.824417 18.546713, 73.82441 18.547616, 73.823463 18.54761, 73.823469 18.546707))"
PUNE_GRID_100M_0278,18.548065,73.823934,34.3,0.362,-0.049,-0.347,Built-up,0.235,33.47,47.3,3.41,Medium,10,2550.0,0.255,97.3,0.304,4980.0,0.498,2026-05-31,"POLYGON ((73.823463 18.54761, 73.82441 18.547616, 73.824404 18.54852, 73.823457 18.548514, 73.823463 18.54761))"
PUNE_GRID_100M_0279,18.548969,73.823927,34.73,0.393,-0.003,-0.333,Built-up,0.228,33.53,49.3,3.59,Medium,14,2820.0,0.282,50.9,0.159,5660.0,0.566,2026-05-31,"POLYGON ((73.823457 18.548514, 73.824404 18.54852, 73.824398 18.549424, 73.823451 18.549418, 73.823457 18.548514))"
PUNE_GRID_100M_0280,18.549872,73.823921,34.26,0.36,0.01,-0.33,Built-up,0.239,33.27,47.0,3.29,Medium,13,2520.0,0.252,60.8,0.19,5440.0,0.544,2026-05-31,"POLYGON ((73.823451 18.549418, 73.824398 18.549424, 73.824392 18.550327, 73.823444 18.550321, 73.823451 18.549418))"
PUNE_GRID_100M_0281,18.500179,73.825208,35.85,0.389,0.105,-0.4,Built-up,0.224,34.63,46.5,3.18,Medium,13,3570.0,0.357,88.0,0.275,5240.0,0.524,2026-05-31,"POLYGON ((73.824738 18.499724, 73.825685 18.49973, 73.825679 18.500634, 73.824732 18.500628, 73.824738 18.499724))"
PUNE_GRID_100M_0282,18.501083,73.825202,36.38,0.369,0.09,-0.378,Built-up,0.196,35.19,46.0,3.05,Medium,17,3900.0,0.39,110.7,0.346,3830.0,0.383,2026-05-31,"POLYGON ((73.824732 18.500628, 73.825679 18.500634, 73.825673 18.501537, 73.824725 18.501532, 73.824732 18.500628))"
PUNE_GRID_100M_0283,18.501986,73.825196,37.2,0.319,0.164,-0.4,Built-up,0.217,35.14,45.3,2.84,Medium,14,4410.0,0.441,110.4,0.345,2980.0,0.298,2026-05-31,"POLYGON ((73.824725 18.501532, 73.825673 18.501537, 73.825666 18.502441, 73.824719 18.502435, 73.824725 18.501532))"
PUNE_GRID_100M_0284,18.50289,73.82519,35.02,0.389,-0.015,-0.32,Built-up,0.254,34.57,46.0,3.32,Medium,12,3060.0,0.306,67.2,0.21,5570.0,0.557,2026-05-31,"POLYGON ((73.824719 18.502435, 73.825666 18.502441, 73.82566 18.503345, 73.824713 18.503339, 73.824719 18.502435))"
PUNE_GRID_100M_0285,18.503794,73.825184,37.79,0.348,0.137,-0.372,Built-up,0.214,36.05,44.6,3.18,High,23,4790.0,0.479,102.7,0.321,3940.0,0.394,2026-05-31,"POLYGON ((73.824713 18.503339, 73.82566 18.503345, 73.825654 18.504248, 73.824707 18.504242, 73.824713 18.503339))"
PUNE_GRID_100M_0286,18.504697,73.825177,34.6,0.389,-0.002,-0.312,Built-up,0.276,33.86,47.0,3.06,Medium,9,2800.0,0.28,62.7,0.196,5880.0,0.588,2026-05-31,"POLYGON ((73.824707 18.504242, 73.825654 18.504248, 73.825648 18.505152, 73.824701 18.505146, 73.824707 18.504242))"
PUNE_GRID_100M_0287,18.505601,73.825171,36.11,0.289,0.072,-0.399,Built-up,0.217,34.75,46.1,3.04,Medium,16,3740.0,0.374,76.8,0.24,4620.0,0.462,2026-05-31,"POLYGON ((73.824701 18.505146, 73.825648 18.505152, 73.825642 18.506056, 73.824695 18.50605, 73.824701 18.505146))"
PUNE_GRID_100M_0288,18.506504,73.825165,36.77,0.331,0.107,-0.377,Built-up,0.215,35.24,47.0,2.73,Medium,16,4160.0,0.416,100.5,0.314,4060.0,0.406,2026-05-31,"POLYGON ((73.824695 18.50605, 73.825642 18.506056, 73.825636 18.506959, 73.824688 18.506953, 73.824695 18.50605))"
PUNE_GRID_100M_0289,18.507408,73.825159,36.58,0.403,0.117,-0.326,Vegetation,0.213,35.06,48.4,2.83,Medium,14,4050.0,0.405,89.9,0.281,4670.0,0.467,2026-05-31,"POLYGON ((73.824688 18.506953, 73.825636 18.506959, 73.825629 18.507863, 73.824682 18.507857, 73.824688 18.506953))"
PUNE_GRID_100M_0290,18.508312,73.825153,35.92,0.302,0.053,-0.301,Built-up,0.229,34.95,45.0,3.08,Medium,11,3630.0,0.363,67.8,0.212,4380.0,0.438,2026-05-31,"POLYGON ((73.824682 18.507857, 73.825629 18.507863, 73.825623 18.508766, 73.824676 18.508761, 73.824682 18.507857))"
PUNE_GRID_100M_0291,18.509215,73.825147,36.31,0.315,0.088,-0.387,Built-up,0.219,34.91,45.4,2.9,Medium,13,3880.0,0.388,109.1,0.341,4050.0,0.405,2026-05-31,"POLYGON ((73.824676 18.508761, 73.825623 18.508766, 73.825617 18.50967, 73.82467 18.509664, 73.824676 18.508761))"
PUNE_GRID_100M_0292,18.510119,73.82514,36.13,0.352,0.074,-0.373,Built-up,0.206,35.02,44.9,2.95,Medium,13,3770.0,0.377,84.2,0.263,4260.0,0.426,2026-05-31,"POLYGON ((73.82467 18.509664, 73.825617 18.50967, 73.825611 18.510574, 73.824664 18.510568, 73.82467 18.509664))"
PUNE_GRID_100M_0293,18.511023,73.825134,36.1,0.334,0.047,-0.313,Built-up,0.223,34.64,46.4,2.97,Medium,13,3750.0,0.375,73.9,0.231,4090.0,0.409,2026-05-31,"POLYGON ((73.824664 18.510568, 73.825611 18.510574, 73.825605 18.511477, 73.824658 18.511471, 73.824664 18.510568))"
PUNE_GRID_100M_0294,18.511926,73.825128,37.3,0.255,0.125,-0.4,Built-up,0.216,35.67,44.4,2.84,Medium,14,4500.0,0.45,105.9,0.331,3380.0,0.338,2026-05-31,"POLYGON ((73.824658 18.511471, 73.825605 18.511477, 73.825599 18.512381, 73.824651 18.512375, 73.824658 18.511471))"
PUNE_GRID_100M_0295,18.51283,73.825122,36.94,0.352,0.108,-0.4,Built-up,0.239,35.12,45.8,2.78,Medium,19,4280.0,0.428,103.7,0.324,4190.0,0.419,2026-05-31,"POLYGON ((73.824651 18.512375, 73.825599 18.512381, 73.825592 18.513285, 73.824645 18.513279, 73.824651 18.512375))"
PUNE_GRID_100M_0296,18.513733,73.825116,36.14,0.428,0.071,-0.312,Vegetation,0.26,35.16,47.7,2.65,Medium,20,3780.0,0.378,68.5,0.214,4800.0,0.48,2026-05-31,"POLYGON ((73.824645 18.513279, 73.825592 18.513285, 73.825586 18.514188, 73.824639 18.514182, 73.824645 18.513279))"
PUNE_GRID_100M_0297,18.514637,73.82511,37.44,0.297,0.136,-0.356,Built-up,0.236,35.46,41.3,2.93,Medium,21,4600.0,0.46,114.6,0.358,3580.0,0.358,2026-05-31,"POLYGON ((73.824639 18.514182, 73.825586 18.514188, 73.82558 18.515092, 73.824633 18.515086, 73.824639 18.514182))"
PUNE_GRID_100M_0298,18.515541,73.825103,36.99,0.269,0.117,-0.378,Built-up,0.207,35.3,46.1,3.08,Medium,20,4320.0,0.432,90.2,0.282,3890.0,0.389,2026-05-31,"POLYGON ((73.824633 18.515086, 73.82558 18.515092, 73.825574 18.515995, 73.824627 18.51599, 73.824633 18.515086))"
PUNE_GRID_100M_0299,18.516444,73.825097,37.42,0.228,0.121,-0.4,Built-up,0.208,35.6,44.4,2.63,Medium,16,4580.0,0.458,131.8,0.412,3390.0,0.339,2026-05-31,"POLYGON ((73.824627 18.51599, 73.825574 18.515995, 73.825568 18.516899, 73.824621 18.516893, 73.824627 18.51599))"
PUNE_GRID_100M_0300,18.517348,73.825091,37.29,0.305,0.166,-0.4,Built-up,0.208,35.5,45.9,2.95,Medium,16,4500.0,0.45,114.6,0.358,3110.0,0.311,2026-05-31,"POLYGON ((73.824621 18.516893, 73.825568 18.516899, 73.825562 18.517803, 73.824614 18.517797, 73.824621 18.516893))"
PUNE_GRID_100M_0301,18.518252,73.825085,36.13,0.38,0.041,-0.396,Built-up,0.259,35.01,44.8,3.01,Medium,14,3780.0,0.378,85.8,0.268,4290.0,0.429,2026-05-31,"POLYGON ((73.824614 18.517797, 73.825562 18.517803, 73.825555 18.518706, 73.824608 18.5187, 73.824614 18.517797))"
PUNE_GRID_100M_0302,18.519155,73.825079,36.36,0.346,0.065,-0.359,Built-up,0.226,34.86,47.7,2.75,Medium,21,3920.0,0.392,84.5,0.264,4360.0,0.436,2026-05-31,"POLYGON ((73.824608 18.5187, 73.825555 18.518706, 73.825549 18.51961, 73.824602 18.519604, 73.824608 18.5187))"
PUNE_GRID_100M_0303,18.520059,73.825073,37.4,0.291,0.216,-0.4,Built-up,0.181,36.1,46.4,3.23,Medium,16,4580.0,0.458,108.5,0.339,3510.0,0.351,2026-05-31,"POLYGON ((73.824602 18.519604, 73.825549 18.51961, 73.825543 18.520514, 73.824596 18.520508, 73.824602 18.519604))"
PUNE_GRID_100M_0304,18.520962,73.825066,37.29,0.271,0.097,-0.4,Built-up,0.215,35.36,46.0,2.87,Medium,20,4510.0,0.451,116.2,0.363,3530.0,0.353,2026-05-31,"POLYGON ((73.824596 18.520508, 73.825543 18.520514, 73.825537 18.521417, 73.82459 18.521411, 73.824596 18.520508))"
PUNE_GRID_100M_0305,18.521866,73.82506,36.78,0.269,0.064,-0.4,Built-up,0.24,35.3,46.8,2.93,Medium,15,4190.0,0.419,100.2,0.313,3820.0,0.382,2026-05-31,"POLYGON ((73.82459 18.521411, 73.825537 18.521417, 73.825531 18.522321, 73.824583 18.522315, 73.82459 18.521411))"
PUNE_GRID_100M_0306,18.52277,73.825054,36.88,0.343,0.132,-0.342,Built-up,0.227,35.08,44.4,2.92,Medium,16,4250.0,0.425,99.2,0.31,3670.0,0.367,2026-05-31,"POLYGON ((73.824583 18.522315, 73.825531 18.522321, 73.825525 18.523224, 73.824577 18.523219, 73.824583 18.522315))"
PUNE_GRID_100M_0307,18.523673,73.825048,37.79,0.314,0.088,-0.4,Built-up,0.221,36.08,43.8,2.6,High,21,4820.0,0.482,116.5,0.364,4350.0,0.435,2026-05-31,"POLYGON ((73.824577 18.523219, 73.825525 18.523224, 73.825518 18.524128, 73.824571 18.524122, 73.824577 18.523219))"
PUNE_GRID_100M_0308,18.524577,73.825042,36.28,0.268,0.076,-0.373,Built-up,0.237,34.89,47.1,3.16,Medium,19,3870.0,0.387,85.1,0.266,4690.0,0.469,2026-05-31,"POLYGON ((73.824571 18.524122, 73.825518 18.524128, 73.825512 18.525032, 73.824565 18.525026, 73.824571 18.524122))"
PUNE_GRID_100M_0309,18.525481,73.825035,37.17,0.363,0.187,-0.4,Built-up,0.172,35.47,44.1,2.77,Medium,22,4430.0,0.443,102.1,0.319,3780.0,0.378,2026-05-31,"POLYGON ((73.824565 18.525026, 73.825512 18.525032, 73.825506 18.525935, 73.824559 18.525929, 73.824565 18.525026))"
PUNE_GRID_100M_0310,18.526384,73.825029,36.54,0.344,0.048,-0.4,Built-up,0.233,35.43,47.9,2.92,Medium,13,4030.0,0.403,70.1,0.219,4220.0,0.422,2026-05-31,"POLYGON ((73.824559 18.525929, 73.825506 18.525935, 73.8255 18.526839, 73.824553 18.526833, 73.824559 18.525929))"
PUNE_GRID_100M_0311,18.527288,73.825023,36.49,0.379,0.033,-0.4,Built-up,0.247,34.85,45.3,3.09,Medium,12,4000.0,0.4,108.5,0.339,3800.0,0.38,2026-05-31,"POLYGON ((73.824553 18.526833, 73.8255 18.526839, 73.825494 18.527743, 73.824546 18.527737, 73.824553 18.526833))"
PUNE_GRID_100M_0312,18.528191,73.825017,37.51,0.233,0.093,-0.4,Built-up,0.211,35.93,45.7,3.27,High,17,4630.0,0.463,114.9,0.359,3240.0,0.324,2026-05-31,"POLYGON ((73.824546 18.527737, 73.825494 18.527743, 73.825488 18.528646, 73.82454 18.52864, 73.824546 18.527737))"
PUNE_GRID_100M_0313,18.529095,73.825011,37.25,0.242,0.153,-0.4,Built-up,0.2,35.34,48.3,2.77,Medium,22,4470.0,0.447,97.3,0.304,3740.0,0.374,2026-05-31,"POLYGON ((73.82454 18.52864, 73.825488 18.528646, 73.825481 18.52955, 73.824534 18.529544, 73.82454 18.52864))"
PUNE_GRID_100M_0314,18.529999,73.825005,37.19,0.292,0.157,-0.394,Built-up,0.184,35.57,44.2,2.9,Medium,18,4430.0,0.443,130.6,0.408,2590.0,0.259,2026-05-31,"POLYGON ((73.824534 18.529544, 73.825481 18.52955, 73.825475 18.530453, 73.824528 18.530448, 73.824534 18.529544))"
PUNE_GRID_100M_0315,18.530902,73.824998,37.53,0.307,0.123,-0.4,Built-up,0.242,35.41,45.1,3.28,High,16,4650.0,0.465,112.6,0.352,2670.0,0.267,2026-05-31,"POLYGON ((73.824528 18.530448, 73.825475 18.530453, 73.825469 18.531357, 73.824522 18.531351, 73.824528 18.530448))"
PUNE_GRID_100M_0316,18.531806,73.824992,36.45,0.396,0.111,-0.307,Built-up,0.209,34.82,47.4,3.1,Medium,13,3970.0,0.397,81.9,0.256,4010.0,0.401,2026-05-31,"POLYGON ((73.824522 18.531351, 73.825469 18.531357, 73.825463 18.532261, 73.824516 18.532255, 73.824522 18.531351))"
PUNE_GRID_100M_0317,18.53271,73.824986,36.92,0.336,0.153,-0.36,Built-up,0.216,35.32,46.9,3.15,Medium,21,4260.0,0.426,113.3,0.354,3760.0,0.376,2026-05-31,"POLYGON ((73.824516 18.532255, 73.825463 18.532261, 73.825457 18.533164, 73.824509 18.533158, 73.824516 18.532255))"
PUNE_GRID_100M_0318,18.533613,73.82498,36.07,0.328,0.127,-0.36,Built-up,0.226,35.29,45.7,2.82,Medium,20,3720.0,0.372,94.4,0.295,4300.0,0.43,2026-05-31,"POLYGON ((73.824509 18.533158, 73.825457 18.533164, 73.82545 18.534068, 73.824503 18.534062, 73.824509 18.533158))"
PUNE_GRID_100M_0319,18.534517,73.824974,36.51,0.281,0.086,-0.39,Built-up,0.247,35.09,45.0,2.97,Medium,14,4000.0,0.4,101.1,0.316,4640.0,0.464,2026-05-31,"POLYGON ((73.824503 18.534062, 73.82545 18.534068, 73.825444 18.534972, 73.824497 18.534966, 73.824503 18.534062))"
PUNE_GRID_100M_0320,18.53542,73.824968,36.08,0.386,0.005,-0.276,Built-up,0.237,35.25,45.8,3.02,Medium,16,3720.0,0.372,83.8,0.262,3900.0,0.39,2026-05-31,"POLYGON ((73.824497 18.534966, 73.825444 18.534972, 73.825438 18.535875, 73.824491 18.535869, 73.824497 18.534966))"
PUNE_GRID_100M_0321,18.536324,73.824961,36.19,0.295,0.054,-0.383,Built-up,0.222,34.9,48.2,2.89,Medium,17,3790.0,0.379,96.6,0.302,4000.0,0.4,2026-05-31,"POLYGON ((73.824491 18.535869, 73.825438 18.535875, 73.825432 18.536779, 73.824485 18.536773, 73.824491 18.535869))"
PUNE_GRID_100M_0322,18.537228,73.824955,36.51,0.387,0.08,-0.384,Built-up,0.228,34.94,45.4,2.74,Medium,21,3990.0,0.399,92.5,0.289,4750.0,0.475,2026-05-31,"POLYGON ((73.824485 18.536773, 73.825432 18.536779, 73.825426 18.537682, 73.824478 18.537677, 73.824485 18.536773))"
PUNE_GRID_100M_0323,18.538131,73.824949,35.3,0.353,0.031,-0.354,Built-up,0.254,34.67,46.9,2.99,Medium,12,3230.0,0.323,84.5,0.264,5030.0,0.503,2026-05-31,"POLYGON ((73.824478 18.537677, 73.825426 18.537682, 73.82542 18.538586, 73.824472 18.53858, 73.824478 18.537677))"
PUNE_GRID_100M_0324,18.539035,73.824943,37.55,0.349,0.134,-0.369,Built-up,0.213,35.92,44.3,3.38,High,15,4630.0,0.463,86.7,0.271,3910.0,0.391,2026-05-31,"POLYGON ((73.824472 18.53858, 73.82542 18.538586, 73.825413 18.53949, 73.824466 18.539484, 73.824472 18.53858))"
PUNE_GRID_100M_0325,18.539939,73.824937,34.98,0.403,0.058,-0.341,Vegetation,0.215,33.79,48.1,3.13,Medium,9,3020.0,0.302,66.9,0.209,6170.0,0.617,2026-05-31,"POLYGON ((73.824466 18.539484, 73.825413 18.53949, 73.825407 18.540393, 73.82446 18.540387, 73.824466 18.539484))"
PUNE_GRID_100M_0326,18.540842,73.82493,34.73,0.379,0.051,-0.394,Built-up,0.208,33.95,47.4,3.41,Medium,11,2860.0,0.286,90.6,0.283,5010.0,0.501,2026-05-31,"POLYGON ((73.82446 18.540387, 73.825407 18.540393, 73.825401 18.541297, 73.824454 18.541291, 73.82446 18.540387))"
PUNE_GRID_100M_0327,18.541746,73.824924,36.54,0.3,0.089,-0.4,Built-up,0.206,34.99,44.3,3.18,Medium,15,3990.0,0.399,86.1,0.269,4160.0,0.416,2026-05-31,"POLYGON ((73.824454 18.541291, 73.825401 18.541297, 73.825395 18.542201, 73.824448 18.542195, 73.824454 18.541291))"
PUNE_GRID_100M_0328,18.542649,73.824918,36.15,0.321,0.11,-0.362,Built-up,0.233,34.21,44.6,3.01,Medium,19,3740.0,0.374,81.9,0.256,4380.0,0.438,2026-05-31,"POLYGON ((73.824448 18.542195, 73.825395 18.542201, 73.825389 18.543104, 73.824441 18.543098, 73.824448 18.542195))"
PUNE_GRID_100M_0329,18.543553,73.824912,35.92,0.36,0.077,-0.345,Built-up,0.221,34.92,43.3,3.44,Medium,13,3590.0,0.359,80.3,0.251,3880.0,0.388,2026-05-31,"POLYGON ((73.824441 18.543098, 73.825389 18.543104, 73.825383 18.544008, 73.824435 18.544002, 73.824441 18.543098))"
PUNE_GRID_100M_0330,18.544457,73.824906,35.83,0.349,0.064,-0.395,Built-up,0.219,34.91,45.1,3.24,Medium,15,3530.0,0.353,69.1,0.216,4700.0,0.47,2026-05-31,"POLYGON ((73.824435 18.544002, 73.825383 18.544008, 73.825376 18.544911, 73.824429 18.544905, 73.824435 18.544002))"
PUNE_GRID_100M_0331,18.54536,73.8249,35.21,0.344,0.062,-0.4,Built-up,0.218,34.7,48.0,3.41,Medium,11,3140.0,0.314,47.0,0.147,5770.0,0.577,2026-05-31,"POLYGON ((73.824429 18.544905, 73.825376 18.544911, 73.82537 18.545815, 73.824423 18.545809, 73.824429 18.544905))"
PUNE_GRID_100M_0332,18.546264,73.824893,34.4,0.389,0.0,-0.36,Built-up,0.241,33.71,49.5,3.02,Medium,11,2630.0,0.263,60.2,0.188,6020.0,0.602,2026-05-31,"POLYGON ((73.824423 18.545809, 73.82537 18.545815, 73.825364 18.546719, 73.824417 18.546713, 73.824423 18.545809))"
PUNE_GRID_100M_0333,18.547167,73.824887,35.08,0.375,0.09,-0.355,Built-up,0.22,33.98,48.0,3.46,Medium,14,3050.0,0.305,74.9,0.234,5500.0,0.55,2026-05-31,"POLYGON ((73.824417 18.546713, 73.825364 18.546719, 73.825358 18.547622, 73.82441 18.547616, 73.824417 18.546713))"
PUNE_GRID_100M_0334,18.548071,73.824881,34.37,0.312,-0.047,-0.241,Built-up,0.244,33.81,48.3,3.48,Medium,13,2600.0,0.26,61.8,0.193,5670.0,0.567,2026-05-31,"POLYGON ((73.82441 18.547616, 73.825358 18.547622, 73.825352 18.548526, 73.824404 18.54852, 73.82441 18.547616))"
PUNE_GRID_100M_0335,18.548975,73.824875,35.58,0.373,0.036,-0.4,Built-up,0.254,34.66,46.3,3.34,Medium,14,3360.0,0.336,78.7,0.246,4640.0,0.464,2026-05-31,"POLYGON ((73.824404 18.54852, 73.825352 18.548526, 73.825345 18.549429, 73.824398 18.549424, 73.824404 18.54852))"
PUNE_GRID_100M_0336,18.549878,73.824869,34.57,0.351,0.002,-0.372,Built-up,0.263,34.19,48.5,3.14,Medium,14,2720.0,0.272,65.9,0.206,6170.0,0.617,2026-05-31,"POLYGON ((73.824398 18.549424, 73.825345 18.549429, 73.825339 18.550333, 73.824392 18.550327, 73.824398 18.549424))"
PUNE_GRID_100M_0337,18.500185,73.826155,35.25,0.32,0.049,-0.389,Built-up,0.207,34.16,47.2,3.09,Medium,15,3190.0,0.319,89.6,0.28,4770.0,0.477,2026-05-31,"POLYGON ((73.825685 18.49973, 73.826632 18.499736, 73.826626 18.50064, 73.825679 18.500634, 73.825685 18.49973))"
PUNE_GRID_100M_0338,18.501089,73.826149,35.74,0.282,0.096,-0.321,Built-up,0.228,34.47,49.1,3.21,Medium,10,3500.0,0.35,81.6,0.255,4850.0,0.485,2026-05-31,"POLYGON ((73.825679 18.500634, 73.826626 18.50064, 73.82662 18.501543, 73.825673 18.501537, 73.825679 18.500634))"
PUNE_GRID_100M_0339,18.501992,73.826143,36.41,0.254,0.088,-0.387,Built-up,0.213,34.77,45.7,3.12,Medium,16,3930.0,0.393,87.0,0.272,4320.0,0.432,2026-05-31,"POLYGON ((73.825673 18.501537, 73.82662 18.501543, 73.826613 18.502447, 73.825666 18.502441, 73.825673 18.501537))"
PUNE_GRID_100M_0340,18.502896,73.826137,35.71,0.296,0.014,-0.4,Built-up,0.234,34.66,48.4,3.18,Medium,13,3490.0,0.349,80.3,0.251,5340.0,0.534,2026-05-31,"POLYGON ((73.825666 18.502441, 73.826613 18.502447, 73.826607 18.503351, 73.82566 18.503345, 73.825666 18.502441))"
PUNE_GRID_100M_0341,18.503799,73.826131,35.58,0.326,0.076,-0.352,Built-up,0.231,33.94,47.8,3.25,Medium,11,3410.0,0.341,89.3,0.279,5140.0,0.514,2026-05-31,"POLYGON ((73.82566 18.503345, 73.826607 18.503351, 73.826601 18.504254, 73.825654 18.504248, 73.82566 18.503345))"
PUNE_GRID_100M_0342,18.504703,73.826125,36.51,0.4,0.116,-0.4,Built-up,0.216,35.29,46.9,2.9,Medium,12,4000.0,0.4,113.9,0.356,3410.0,0.341,2026-05-31,"POLYGON ((73.825654 18.504248, 73.826601 18.504254, 73.826595 18.505158, 73.825648 18.505152, 73.825654 18.504248))"
PUNE_GRID_100M_0343,18.505607,73.826118,36.58,0.299,0.038,-0.4,Built-up,0.237,35.28,42.7,2.79,Medium,15,4050.0,0.405,89.3,0.279,3640.0,0.364,2026-05-31,"POLYGON ((73.825648 18.505152, 73.826595 18.505158, 73.826589 18.506061, 73.825642 18.506056, 73.825648 18.505152))"
PUNE_GRID_100M_0344,18.50651,73.826112,36.05,0.345,0.072,-0.4,Built-up,0.237,34.91,47.6,3.0,Medium,12,3720.0,0.372,90.6,0.283,4660.0,0.466,2026-05-31,"POLYGON ((73.825642 18.506056, 73.826589 18.506061, 73.826583 18.506965, 73.825636 18.506959, 73.825642 18.506056))"
PUNE_GRID_100M_0345,18.507414,73.826106,36.14,0.351,0.029,-0.275,Built-up,0.239,34.84,45.9,2.93,Medium,16,3780.0,0.378,95.0,0.297,4300.0,0.43,2026-05-31,"POLYGON ((73.825636 18.506959, 73.826583 18.506965, 73.826577 18.507869, 73.825629 18.507863, 73.825636 18.506959))"
PUNE_GRID_100M_0346,18.508318,73.8261,36.76,0.319,0.084,-0.364,Built-up,0.215,35.69,44.9,3.14,Medium,18,4170.0,0.417,87.4,0.273,3830.0,0.383,2026-05-31,"POLYGON ((73.825629 18.507863, 73.826577 18.507869, 73.82657 18.508772, 73.825623 18.508766, 73.825629 18.507863))"
PUNE_GRID_100M_0347,18.509221,73.826094,35.48,0.355,0.02,-0.353,Built-up,0.227,34.6,44.4,2.76,Medium,14,3370.0,0.337,81.3,0.254,5270.0,0.527,2026-05-31,"POLYGON ((73.825623 18.508766, 73.82657 18.508772, 73.826564 18.509676, 73.825617 18.50967, 73.825623 18.508766))"
PUNE_GRID_100M_0348,18.510125,73.826088,35.56,0.308,0.074,-0.392,Built-up,0.205,34.21,46.5,3.17,Medium,12,3420.0,0.342,63.4,0.198,5060.0,0.506,2026-05-31,"POLYGON ((73.825617 18.50967, 73.826564 18.509676, 73.826558 18.51058, 73.825611 18.510574, 73.825617 18.50967))"
PUNE_GRID_100M_0349,18.511028,73.826081,36.16,0.392,0.081,-0.368,Built-up,0.213,34.64,46.1,3.23,Medium,13,3800.0,0.38,68.5,0.214,4580.0,0.458,2026-05-31,"POLYGON ((73.825611 18.510574, 73.826558 18.51058, 73.826552 18.511483, 73.825605 18.511477, 73.825611 18.510574))"
PUNE_GRID_100M_0350,18.511932,73.826075,36.61,0.391,0.059,-0.36,Built-up,0.259,34.86,43.8,2.95,Medium,18,4080.0,0.408,102.7,0.321,4270.0,0.427,2026-05-31,"POLYGON ((73.825605 18.511477, 73.826552 18.511483, 73.826546 18.512387, 73.825599 18.512381, 73.825605 18.511477))"
PUNE_GRID_100M_0351,18.512836,73.826069,37.07,0.235,0.145,-0.393,Built-up,0.202,35.61,43.1,2.96,Medium,21,4370.0,0.437,99.8,0.312,3540.0,0.354,2026-05-31,"POLYGON ((73.825599 18.512381, 73.826546 18.512387, 73.82654 18.51329, 73.825592 18.513285, 73.825599 18.512381))"
PUNE_GRID_100M_0352,18.513739,73.826063,38.04,0.228,0.119,-0.392,Built-up,0.201,35.83,45.3,2.79,High,18,4980.0,0.498,122.2,0.382,3500.0,0.35,2026-05-31,"POLYGON ((73.825592 18.513285, 73.82654 18.51329, 73.826533 18.514194, 73.825586 18.514188, 73.825592 18.513285))"
PUNE_GRID_100M_0353,18.514643,73.826057,37.57,0.274,0.151,-0.367,Built-up,0.218,36.12,46.3,2.83,High,23,4690.0,0.469,112.3,0.351,2940.0,0.294,2026-05-31,"POLYGON ((73.825586 18.514188, 73.826533 18.514194, 73.826527 18.515098, 73.82558 18.515092, 73.825586 18.514188))"
PUNE_GRID_100M_0354,18.515547,73.826051,36.79,0.274,0.081,-0.381,Built-up,0.224,35.65,45.9,2.85,Medium,16,4200.0,0.42,88.3,0.276,4230.0,0.423,2026-05-31,"POLYGON ((73.82558 18.515092, 73.826527 18.515098, 73.826521 18.516001, 73.825574 18.515995, 73.82558 18.515092))"
PUNE_GRID_100M_0355,18.51645,73.826044,36.92,0.328,0.1,-0.4,Built-up,0.219,35.08,47.2,3.22,Medium,15,4280.0,0.428,102.1,0.319,4340.0,0.434,2026-05-31,"POLYGON ((73.825574 18.515995, 73.826521 18.516001, 73.826515 18.516905, 73.825568 18.516899, 73.825574 18.515995))"
PUNE_GRID_100M_0356,18.517354,73.826038,36.15,0.306,0.092,-0.4,Built-up,0.245,34.75,46.0,2.91,Medium,13,3800.0,0.38,75.5,0.236,3940.0,0.394,2026-05-31,"POLYGON ((73.825568 18.516899, 73.826515 18.516905, 73.826509 18.517809, 73.825562 18.517803, 73.825568 18.516899))"
PUNE_GRID_100M_0357,18.518257,73.826032,36.95,0.393,0.128,-0.4,Built-up,0.225,35.37,45.4,2.66,Medium,15,4300.0,0.43,121.0,0.378,3430.0,0.343,2026-05-31,"POLYGON ((73.825562 18.517803, 73.826509 18.517809, 73.826503 18.518712, 73.825555 18.518706, 73.825562 18.517803))"
PUNE_GRID_100M_0358,18.519161,73.826026,36.74,0.362,0.143,-0.306,Built-up,0.206,35.48,44.2,2.97,Medium,13,4170.0,0.417,82.9,0.259,4510.0,0.451,2026-05-31,"POLYGON ((73.825555 18.518706, 73.826503 18.518712, 73.826496 18.519616, 73.825549 18.51961, 73.825555 18.518706))"
PUNE_GRID_100M_0359,18.520065,73.82602,37.24,0.305,0.123,-0.356,Built-up,0.211,36.05,42.9,3.09,Medium,17,4480.0,0.448,105.0,0.328,4000.0,0.4,2026-05-31,"POLYGON ((73.825549 18.51961, 73.826496 18.519616, 73.82649 18.520519, 73.825543 18.520514, 73.825549 18.51961))"
PUNE_GRID_100M_0360,18.520968,73.826014,36.31,0.37,0.093,-0.4,Built-up,0.216,34.41,48.7,2.92,Medium,13,3900.0,0.39,80.3,0.251,4280.0,0.428,2026-05-31,"POLYGON ((73.825543 18.520514, 73.82649 18.520519, 73.826484 18.521423, 73.825537 18.521417, 73.825543 18.520514))"
PUNE_GRID_100M_0361,18.521872,73.826007,37.38,0.336,0.119,-0.4,Built-up,0.232,35.57,46.8,3.22,Medium,17,4570.0,0.457,117.1,0.366,3040.0,0.304,2026-05-31,"POLYGON ((73.825537 18.521417, 73.826484 18.521423, 73.826478 18.522327, 73.825531 18.522321, 73.825537 18.521417))"
PUNE_GRID_100M_0362,18.522776,73.826001,38.18,0.241,0.174,-0.4,Built-up,0.204,36.15,42.4,3.08,High,24,5070.0,0.507,117.4,0.367,3210.0,0.321,2026-05-31,"POLYGON ((73.825531 18.522321, 73.826478 18.522327, 73.826472 18.52323, 73.825525 18.523224, 73.825531 18.522321))"
PUNE_GRID_100M_0363,18.523679,73.825995,36.85,0.278,0.121,-0.321,Built-up,0.191,34.87,45.8,2.72,Medium,23,4240.0,0.424,95.0,0.297,4340.0,0.434,2026-05-31,"POLYGON ((73.825525 18.523224, 73.826472 18.52323, 73.826466 18.524134, 73.825518 18.524128, 73.825525 18.523224))"
PUNE_GRID_100M_0364,18.524583,73.825989,37.24,0.3,0.123,-0.4,Built-up,0.217,35.42,45.1,2.82,Medium,20,4480.0,0.448,118.4,0.37,2940.0,0.294,2026-05-31,"POLYGON ((73.825518 18.524128, 73.826466 18.524134, 73.826459 18.525038, 73.825512 18.525032, 73.825518 18.524128))"
PUNE_GRID_100M_0365,18.525486,73.825983,37.45,0.324,0.081,-0.377,Built-up,0.202,35.84,44.6,2.98,Medium,19,4610.0,0.461,111.0,0.347,2870.0,0.287,2026-05-31,"POLYGON ((73.825512 18.525032, 73.826459 18.525038, 73.826453 18.525941, 73.825506 18.525935, 73.825512 18.525032))"
PUNE_GRID_100M_0366,18.52639,73.825977,36.54,0.327,0.104,-0.397,Built-up,0.254,34.99,45.2,2.61,Medium,15,4040.0,0.404,103.7,0.324,4080.0,0.408,2026-05-31,"POLYGON ((73.825506 18.525935, 73.826453 18.525941, 73.826447 18.526845, 73.8255 18.526839, 73.825506 18.525935))"
PUNE_GRID_100M_0367,18.527294,73.82597,37.01,0.242,0.126,-0.359,Built-up,0.203,34.94,46.0,3.01,Medium,14,4330.0,0.433,91.2,0.285,4070.0,0.407,2026-05-31,"POLYGON ((73.8255 18.526839, 73.826447 18.526845, 73.826441 18.527748, 73.825494 18.527743, 73.8255 18.526839))"
PUNE_GRID_100M_0368,18.528197,73.825964,36.8,0.28,0.086,-0.39,Built-up,0.222,36.12,46.8,2.6,Medium,20,4200.0,0.42,82.9,0.259,3900.0,0.39,2026-05-31,"POLYGON ((73.825494 18.527743, 73.826441 18.527748, 73.826435 18.528652, 73.825488 18.528646, 73.825494 18.527743))"
PUNE_GRID_100M_0369,18.529101,73.825958,36.83,0.308,0.069,-0.4,Built-up,0.231,35.36,46.1,3.16,Medium,21,4210.0,0.421,102.4,0.32,4100.0,0.41,2026-05-31,"POLYGON ((73.825488 18.528646, 73.826435 18.528652, 73.826429 18.529556, 73.825481 18.52955, 73.825488 18.528646))"
PUNE_GRID_100M_0370,18.530005,73.825952,36.08,0.334,0.118,-0.4,Built-up,0.214,34.79,46.0,3.15,Medium,11,3750.0,0.375,85.8,0.268,4160.0,0.416,2026-05-31,"POLYGON ((73.825481 18.52955, 73.826429 18.529556, 73.826422 18.530459, 73.825475 18.530453, 73.825481 18.52955))"
PUNE_GRID_100M_0371,18.530908,73.825946,36.67,0.395,0.115,-0.4,Built-up,0.215,34.84,45.4,3.08,Medium,21,4110.0,0.411,106.6,0.333,3050.0,0.305,2026-05-31,"POLYGON ((73.825475 18.530453, 73.826422 18.530459, 73.826416 18.531363, 73.825469 18.531357, 73.825475 18.530453))"
PUNE_GRID_100M_0372,18.531812,73.82594,36.99,0.25,0.108,-0.389,Built-up,0.227,35.47,46.8,2.85,Medium,17,4310.0,0.431,102.4,0.32,3560.0,0.356,2026-05-31,"POLYGON ((73.825469 18.531357, 73.826416 18.531363, 73.82641 18.532267, 73.825463 18.532261, 73.825469 18.531357))"
PUNE_GRID_100M_0373,18.532715,73.825933,37.7,0.301,0.112,-0.323,Built-up,0.243,35.84,45.5,3.03,High,18,4750.0,0.475,116.5,0.364,3180.0,0.318,2026-05-31,"POLYGON ((73.825463 18.532261, 73.82641 18.532267, 73.826404 18.53317, 73.825457 18.533164, 73.825463 18.532261))"
PUNE_GRID_100M_0374,18.533619,73.825927,37.24,0.356,0.101,-0.4,Built-up,0.233,35.0,45.3,2.9,Medium,17,4460.0,0.446,86.4,0.27,3620.0,0.362,2026-05-31,"POLYGON ((73.825457 18.533164, 73.826404 18.53317, 73.826398 18.534074, 73.82545 18.534068, 73.825457 18.533164))"
PUNE_GRID_100M_0375,18.534523,73.825921,38.13,0.356,0.205,-0.4,Built-up,0.225,35.87,44.4,2.81,High,26,5010.0,0.501,144.3,0.451,2170.0,0.217,2026-05-31,"POLYGON ((73.82545 18.534068, 73.826398 18.534074, 73.826392 18.534977, 73.825444 18.534972, 73.82545 18.534068))"
PUNE_GRID_100M_0376,18.535426,73.825915,35.72,0.334,0.062,-0.4,Built-up,0.213,34.74,46.9,2.96,Medium,18,3510.0,0.351,82.2,0.257,3990.0,0.399,2026-05-31,"POLYGON ((73.825444 18.534972, 73.826392 18.534977, 73.826385 18.535881, 73.825438 18.535875, 73.825444 18.534972))"
PUNE_GRID_100M_0377,18.53633,73.825909,36.96,0.326,0.097,-0.4,Built-up,0.227,35.96,44.7,3.18,Medium,21,4280.0,0.428,111.7,0.349,3470.0,0.347,2026-05-31,"POLYGON ((73.825438 18.535875, 73.826385 18.535881, 73.826379 18.536785, 73.825432 18.536779, 73.825438 18.535875))"
PUNE_GRID_100M_0378,18.537234,73.825903,36.33,0.351,0.1,-0.353,Built-up,0.224,35.04,47.2,3.06,Medium,14,3880.0,0.388,82.6,0.258,4710.0,0.471,2026-05-31,"POLYGON ((73.825432 18.536779, 73.826379 18.536785, 73.826373 18.537688, 73.825426 18.537682, 73.825432 18.536779))"
PUNE_GRID_100M_0379,18.538137,73.825896,37.85,0.283,0.129,-0.4,Built-up,0.222,36.33,43.1,3.36,High,18,4830.0,0.483,120.0,0.375,3550.0,0.355,2026-05-31,"POLYGON ((73.825426 18.537682, 73.826373 18.537688, 73.826367 18.538592, 73.82542 18.538586, 73.825426 18.537682))"
PUNE_GRID_100M_0380,18.539041,73.82589,35.37,0.358,0.087,-0.364,Built-up,0.245,34.21,46.1,3.23,Medium,15,3270.0,0.327,61.8,0.193,5630.0,0.563,2026-05-31,"POLYGON ((73.82542 18.538586, 73.826367 18.538592, 73.826361 18.539496, 73.825413 18.53949, 73.82542 18.538586))"
PUNE_GRID_100M_0381,18.539944,73.825884,35.26,0.383,0.077,-0.4,Built-up,0.223,34.16,47.7,3.23,Medium,11,3200.0,0.32,82.6,0.258,4700.0,0.47,2026-05-31,"POLYGON ((73.825413 18.53949, 73.826361 18.539496, 73.826355 18.540399, 73.825407 18.540393, 73.825413 18.53949))"
PUNE_GRID_100M_0382,18.540848,73.825878,35.36,0.261,0.027,-0.349,Built-up,0.229,34.58,45.0,2.79,Medium,11,3260.0,0.326,73.6,0.23,4590.0,0.459,2026-05-31,"POLYGON ((73.825407 18.540393, 73.826355 18.540399, 73.826348 18.541303, 73.825401 18.541297, 73.825407 18.540393))"
PUNE_GRID_100M_0383,18.541752,73.825872,34.05,0.436,-0.037,-0.296,Vegetation,0.255,33.83,45.4,3.07,Medium,13,2440.0,0.244,58.9,0.184,6210.0,0.621,2026-05-31,"POLYGON ((73.825401 18.541297, 73.826348 18.541303, 73.826342 18.542206, 73.825395 18.542201, 73.825401 18.541297))"
PUNE_GRID_100M_0384,18.542655,73.825865,35.23,0.372,-0.043,-0.369,Built-up,0.221,34.55,46.9,2.93,Medium,12,3170.0,0.317,85.1,0.266,5290.0,0.529,2026-05-31,"POLYGON ((73.825395 18.542201, 73.826342 18.542206, 73.826336 18.54311, 73.825389 18.543104, 73.825395 18.542201))"
PUNE_GRID_100M_0385,18.543559,73.825859,34.95,0.368,-0.022,-0.302,Built-up,0.24,33.65,44.5,3.12,Medium,10,2990.0,0.299,56.0,0.175,5650.0,0.565,2026-05-31,"POLYGON ((73.825389 18.543104, 73.826336 18.54311, 73.82633 18.544014, 73.825383 18.544008, 73.825389 18.543104))"
PUNE_GRID_100M_0386,18.544463,73.825853,35.58,0.437,0.011,-0.352,Vegetation,0.236,34.39,44.6,3.04,Medium,15,3380.0,0.338,72.3,0.226,4140.0,0.414,2026-05-31,"POLYGON ((73.825383 18.544008, 73.82633 18.544014, 73.826324 18.544917, 73.825376 18.544911, 73.825383 18.544008))"
PUNE_GRID_100M_0387,18.545366,73.825847,35.63,0.326,0.057,-0.321,Built-up,0.216,34.52,47.6,3.12,Medium,15,3410.0,0.341,87.7,0.274,4420.0,0.442,2026-05-31,"POLYGON ((73.825376 18.544911, 73.826324 18.544917, 73.826318 18.545821, 73.82537 18.545815, 73.825376 18.544911))"
PUNE_GRID_100M_0388,18.54627,73.825841,36.75,0.298,0.094,-0.398,Built-up,0.239,35.15,45.3,3.42,Medium,15,4110.0,0.411,125.4,0.392,3700.0,0.37,2026-05-31,"POLYGON ((73.82537 18.545815, 73.826318 18.545821, 73.826311 18.546725, 73.825364 18.546719, 73.82537 18.545815))"
PUNE_GRID_100M_0389,18.547173,73.825835,35.91,0.423,0.026,-0.341,Vegetation,0.219,34.75,48.2,3.32,Medium,11,3570.0,0.357,83.8,0.262,4840.0,0.484,2026-05-31,"POLYGON ((73.825364 18.546719, 73.826311 18.546725, 73.826305 18.547628, 73.825358 18.547622, 73.825364 18.546719))"
PUNE_GRID_100M_0390,18.548077,73.825828,34.58,0.356,-0.002,-0.351,Built-up,0.238,33.95,45.5,3.45,Medium,9,2740.0,0.274,73.3,0.229,5880.0,0.588,2026-05-31,"POLYGON ((73.825358 18.547622, 73.826305 18.547628, 73.826299 18.548532, 73.825352 18.548526, 73.825358 18.547622))"
PUNE_GRID_100M_0391,18.548981,73.825822,34.21,0.381,0.005,-0.357,Built-up,0.243,33.75,47.5,2.94,Medium,9,2500.0,0.25,58.6,0.183,6010.0,0.601,2026-05-31,"POLYGON ((73.825352 18.548526, 73.826299 18.548532, 73.826293 18.549435, 73.825345 18.549429, 73.825352 18.548526))"
PUNE_GRID_100M_0392,18.549884,73.825816,35.21,0.362,0.05,-0.357,Built-up,0.251,34.65,47.4,3.29,Medium,11,3120.0,0.312,99.8,0.312,5080.0,0.508,2026-05-31,"POLYGON ((73.825345 18.549429, 73.826293 18.549435, 73.826287 18.550339, 73.825339 18.550333, 73.825345 18.549429))"
PUNE_GRID_100M_0393,18.500191,73.827102,34.99,0.409,-0.032,-0.31,Vegetation,0.246,33.89,45.3,3.27,Medium,13,3040.0,0.304,50.6,0.158,5520.0,0.552,2026-05-31,"POLYGON ((73.826632 18.499736, 73.827579 18.499742, 73.827573 18.500646, 73.826626 18.50064, 73.826632 18.499736))"
PUNE_GRID_100M_0394,18.501094,73.827096,37.6,0.292,0.138,-0.4,Built-up,0.229,35.41,46.5,3.36,High,17,4670.0,0.467,113.3,0.354,3540.0,0.354,2026-05-31,"POLYGON ((73.826626 18.50064, 73.827573 18.500646, 73.827567 18.501549, 73.82662 18.501543, 73.826626 18.50064))"
PUNE_GRID_100M_0395,18.501998,73.82709,37.17,0.247,0.081,-0.311,Built-up,0.236,35.63,46.0,2.74,Medium,17,4410.0,0.441,85.1,0.266,3920.0,0.392,2026-05-31,"POLYGON ((73.82662 18.501543, 73.827567 18.501549, 73.827561 18.502453, 73.826613 18.502447, 73.82662 18.501543))"
PUNE_GRID_100M_0396,18.502902,73.827084,35.93,0.321,0.094,-0.4,Built-up,0.225,35.22,43.8,2.96,Medium,17,3640.0,0.364,55.4,0.173,4870.0,0.487,2026-05-31,"POLYGON ((73.826613 18.502447, 73.827561 18.502453, 73.827554 18.503356, 73.826607 18.503351, 73.826613 18.502447))"
PUNE_GRID_100M_0397,18.503805,73.827078,35.02,0.35,0.049,-0.4,Built-up,0.215,33.87,46.9,3.23,Medium,11,3070.0,0.307,77.4,0.242,5100.0,0.51,2026-05-31,"POLYGON ((73.826607 18.503351, 73.827554 18.503356, 73.827548 18.50426, 73.826601 18.504254, 73.826607 18.503351))"
PUNE_GRID_100M_0398,18.504709,73.827072,37.55,0.283,0.113,-0.4,Built-up,0.198,35.99,45.5,2.97,High,18,4650.0,0.465,113.3,0.354,3320.0,0.332,2026-05-31,"POLYGON ((73.826601 18.504254, 73.827548 18.50426, 73.827542 18.505164, 73.826595 18.505158, 73.826601 18.504254))"
PUNE_GRID_100M_0399,18.505613,73.827066,36.45,0.341,0.067,-0.356,Built-up,0.23,35.22,45.0,2.81,Medium,17,3970.0,0.397,91.5,0.286,4370.0,0.437,2026-05-31,"POLYGON ((73.826595 18.505158, 73.827542 18.505164, 73.827536 18.506067, 73.826589 18.506061, 73.826595 18.505158))"
PUNE_GRID_100M_0400,18.506516,73.827059,37.6,0.301,0.128,-0.322,Built-up,0.209,35.88,42.7,2.67,High,15,4690.0,0.469,111.4,0.348,3370.0,0.337,2026-05-31,"POLYGON ((73.826589 18.506061, 73.827536 18.506067, 73.82753 18.506971, 73.826583 18.506965, 73.826589 18.506061))"
PUNE_GRID_100M_0401,18.50742,73.827053,35.4,0.29,-0.025,-0.4,Built-up,0.258,34.28,47.1,2.78,Medium,18,3320.0,0.332,119.4,0.373,4710.0,0.471,2026-05-31,"POLYGON ((73.826583 18.506965, 73.82753 18.506971, 73.827524 18.507875, 73.826577 18.507869, 73.826583 18.506965))"
PUNE_GRID_100M_0402,18.508323,73.827047,36.26,0.373,0.092,-0.4,Built-up,0.235,34.6,49.3,2.62,Medium,17,3860.0,0.386,89.3,0.279,4840.0,0.484,2026-05-31,"POLYGON ((73.826577 18.507869, 73.827524 18.507875, 73.827518 18.508778, 73.82657 18.508772, 73.826577 18.507869))"
PUNE_GRID_100M_0403,18.509227,73.827041,36.8,0.322,0.098,-0.4,Built-up,0.22,34.58,45.0,2.96,Medium,22,4200.0,0.42,107.2,0.335,3900.0,0.39,2026-05-31,"POLYGON ((73.82657 18.508772, 73.827518 18.508778, 73.827511 18.509682, 73.826564 18.509676, 73.82657 18.508772))"
PUNE_GRID_100M_0404,18.510131,73.827035,36.89,0.364,0.139,-0.4,Built-up,0.198,34.99,47.8,3.12,Medium,14,4260.0,0.426,94.1,0.294,3600.0,0.36,2026-05-31,"POLYGON ((73.826564 18.509676, 73.827511 18.509682, 73.827505 18.510585, 73.826558 18.51058, 73.826564 18.509676))"
PUNE_GRID_100M_0405,18.511034,73.827029,36.54,0.339,0.061,-0.361,Built-up,0.237,34.96,44.6,2.68,Medium,14,4040.0,0.404,100.8,0.315,4370.0,0.437,2026-05-31,"POLYGON ((73.826558 18.51058, 73.827505 18.510585, 73.827499 18.511489, 73.826552 18.511483, 73.826558 18.51058))"
PUNE_GRID_100M_0406,18.511938,73.827022,37.44,0.334,0.116,-0.317,Built-up,0.204,36.04,45.4,2.98,Medium,20,4610.0,0.461,107.5,0.336,2840.0,0.284,2026-05-31,"POLYGON ((73.826552 18.511483, 73.827499 18.511489, 73.827493 18.512393, 73.826546 18.512387, 73.826552 18.511483))"
PUNE_GRID_100M_0407,18.512842,73.827016,36.13,0.354,0.031,-0.356,Built-up,0.223,34.76,47.3,3.09,Medium,13,3790.0,0.379,85.8,0.268,3970.0,0.397,2026-05-31,"POLYGON ((73.826546 18.512387, 73.827493 18.512393, 73.827487 18.513296, 73.82654 18.51329, 73.826546 18.512387))"
PUNE_GRID_100M_0408,18.513745,73.82701,36.91,0.362,0.081,-0.33,Built-up,0.211,35.18,45.5,2.91,Medium,18,4280.0,0.428,126.1,0.394,3670.0,0.367,2026-05-31,"POLYGON ((73.82654 18.51329, 73.827487 18.513296, 73.827481 18.5142, 73.826533 18.514194, 73.82654 18.51329))"
PUNE_GRID_100M_0409,18.514649,73.827004,37.15,0.321,0.086,-0.355,Built-up,0.222,35.24,44.8,2.59,Medium,15,4430.0,0.443,121.3,0.379,3640.0,0.364,2026-05-31,"POLYGON ((73.826533 18.514194, 73.827481 18.5142, 73.827474 18.515104, 73.826527 18.515098, 73.826533 18.514194))"
PUNE_GRID_100M_0410,18.515552,73.826998,37.49,0.284,0.167,-0.4,Built-up,0.227,35.94,46.1,2.98,Medium,19,4650.0,0.465,113.3,0.354,2790.0,0.279,2026-05-31,"POLYGON ((73.826527 18.515098, 73.827474 18.515104, 73.827468 18.516007, 73.826521 18.516001, 73.826527 18.515098))"
PUNE_GRID_100M_0411,18.516456,73.826992,37.67,0.372,0.124,-0.4,Built-up,0.218,36.28,47.7,2.89,High,20,4760.0,0.476,84.8,0.265,3290.0,0.329,2026-05-31,"POLYGON ((73.826521 18.516001, 73.827468 18.516007, 73.827462 18.516911, 73.826515 18.516905, 73.826521 18.516001))"
PUNE_GRID_100M_0412,18.51736,73.826985,36.22,0.368,0.084,-0.37,Built-up,0.218,35.17,46.5,2.86,Medium,12,3850.0,0.385,87.7,0.274,4090.0,0.409,2026-05-31,"POLYGON ((73.826515 18.516905, 73.827462 18.516911, 73.827456 18.517814, 73.826509 18.517809, 73.826515 18.516905))"
PUNE_GRID_100M_0413,18.518263,73.826979,35.91,0.366,0.055,-0.4,Built-up,0.207,34.82,45.5,2.78,Medium,17,3660.0,0.366,122.6,0.383,4000.0,0.4,2026-05-31,"POLYGON ((73.826509 18.517809, 73.827456 18.517814, 73.82745 18.518718, 73.826503 18.518712, 73.826509 18.517809))"
PUNE_GRID_100M_0414,18.519167,73.826973,38.17,0.213,0.13,-0.337,Built-up,0.225,35.78,44.2,2.91,High,25,5070.0,0.507,118.7,0.371,3190.0,0.319,2026-05-31,"POLYGON ((73.826503 18.518712, 73.82745 18.518718, 73.827444 18.519622, 73.826496 18.519616, 73.826503 18.518712))"
PUNE_GRID_100M_0415,18.520071,73.826967,37.41,0.239,0.128,-0.4,Built-up,0.205,35.58,48.9,2.99,Medium,17,4600.0,0.46,124.5,0.389,3520.0,0.352,2026-05-31,"POLYGON ((73.826496 18.519616, 73.827444 18.519622, 73.827438 18.520525, 73.82649 18.520519, 73.826496 18.519616))"
PUNE_GRID_100M_0416,18.520974,73.826961,36.55,0.332,0.113,-0.335,Built-up,0.221,35.67,46.0,3.37,Medium,12,4060.0,0.406,115.8,0.362,3850.0,0.385,2026-05-31,"POLYGON ((73.82649 18.520519, 73.827438 18.520525, 73.827431 18.521429, 73.826484 18.521423, 73.82649 18.520519))"
PUNE_GRID_100M_0417,18.521878,73.826955,38.38,0.263,0.141,-0.4,Built-up,0.209,36.7,43.4,2.92,High,22,5200.0,0.52,127.7,0.399,2380.0,0.238,2026-05-31,"POLYGON ((73.826484 18.521423, 73.827431 18.521429, 73.827425 18.522333, 73.826478 18.522327, 73.826484 18.521423))"
PUNE_GRID_100M_0418,18.522781,73.826949,37.22,0.273,0.149,-0.396,Built-up,0.226,35.09,43.5,3.2,Medium,23,4480.0,0.448,96.6,0.302,3070.0,0.307,2026-05-31,"POLYGON ((73.826478 18.522327, 73.827425 18.522333, 73.827419 18.523236, 73.826472 18.52323, 73.826478 18.522327))"
PUNE_GRID_100M_0419,18.523685,73.826942,38.05,0.274,0.137,-0.394,Built-up,0.213,36.12,41.8,2.97,High,21,5000.0,0.5,89.0,0.278,3730.0,0.373,2026-05-31,"POLYGON ((73.826472 18.52323, 73.827419 18.523236, 73.827413 18.52414, 73.826466 18.524134, 73.826472 18.52323))"
PUNE_GRID_100M_0420,18.524589,73.826936,37.14,0.364,0.107,-0.395,Built-up,0.22,35.61,45.8,2.88,Medium,17,4430.0,0.443,115.2,0.36,3730.0,0.373,2026-05-31,"POLYGON ((73.826466 18.524134, 73.827413 18.52414, 73.827407 18.525043, 73.826459 18.525038, 73.826466 18.524134))"
PUNE_GRID_100M_0421,18.525492,73.82693,38.71,0.273,0.208,-0.4,Built-up,0.21,36.37,45.0,2.94,High,26,5410.0,0.541,119.4,0.373,2190.0,0.219,2026-05-31,"POLYGON ((73.826459 18.525038, 73.827407 18.525043, 73.827401 18.525947, 73.826453 18.525941, 73.826459 18.525038))"
PUNE_GRID_100M_0422,18.526396,73.826924,38.44,0.209,0.16,-0.394,Built-up,0.243,35.72,43.7,2.67,High,19,5230.0,0.523,127.7,0.399,2860.0,0.286,2026-05-31,"POLYGON ((73.826453 18.525941, 73.827401 18.525947, 73.827394 18.526851, 73.826447 18.526845, 73.826453 18.525941))"
PUNE_GRID_100M_0423,18.5273,73.826918,36.8,0.308,0.107,-0.4,Built-up,0.234,35.29,45.5,2.98,Medium,13,4210.0,0.421,85.1,0.266,3960.0,0.396,2026-05-31,"POLYGON ((73.826447 18.526845, 73.827394 18.526851, 73.827388 18.527754, 73.826441 18.527748, 73.826447 18.526845))"
PUNE_GRID_100M_0424,18.528203,73.826912,37.73,0.247,0.138,-0.4,Built-up,0.214,35.67,43.1,2.53,High,19,4790.0,0.479,111.7,0.349,3050.0,0.305,2026-05-31,"POLYGON ((73.826441 18.527748, 73.827388 18.527754, 73.827382 18.528658, 73.826435 18.528652, 73.826441 18.527748))"
PUNE_GRID_100M_0425,18.529107,73.826905,37.43,0.274,0.138,-0.343,Built-up,0.215,35.47,45.3,2.76,Medium,20,4600.0,0.46,110.7,0.346,3540.0,0.354,2026-05-31,"POLYGON ((73.826435 18.528652, 73.827382 18.528658, 73.827376 18.529562, 73.826429 18.529556, 73.826435 18.528652))"
PUNE_GRID_100M_0426,18.53001,73.826899,37.96,0.255,0.087,-0.348,Built-up,0.216,35.97,45.4,2.96,High,20,4930.0,0.493,121.6,0.38,2630.0,0.263,2026-05-31,"POLYGON ((73.826429 18.529556, 73.827376 18.529562, 73.82737 18.530465, 73.826422 18.530459, 73.826429 18.529556))"
PUNE_GRID_100M_0427,18.530914,73.826893,36.04,0.319,0.017,-0.354,Built-up,0.223,34.69,45.4,3.19,Medium,18,3720.0,0.372,74.9,0.234,4440.0,0.444,2026-05-31,"POLYGON ((73.826422 18.530459, 73.82737 18.530465, 73.827364 18.531369, 73.826416 18.531363, 73.826422 18.530459))"
PUNE_GRID_100M_0428,18.531818,73.826887,37.3,0.244,0.147,-0.326,Built-up,0.205,35.61,47.7,3.24,Medium,14,4510.0,0.451,123.5,0.386,3380.0,0.338,2026-05-31,"POLYGON ((73.826416 18.531363, 73.827364 18.531369, 73.827357 18.532272, 73.82641 18.532267, 73.826416 18.531363))"
PUNE_GRID_100M_0429,18.532721,73.826881,37.54,0.281,0.17,-0.4,Built-up,0.198,35.51,43.7,2.92,High,19,4660.0,0.466,104.3,0.326,3160.0,0.316,2026-05-31,"POLYGON ((73.82641 18.532267, 73.827357 18.532272, 73.827351 18.533176, 73.826404 18.53317, 73.82641 18.532267))"
PUNE_GRID_100M_0430,18.533625,73.826875,35.22,0.345,0.008,-0.287,Built-up,0.248,34.09,47.2,3.01,Medium,13,3210.0,0.321,55.7,0.174,5540.0,0.554,2026-05-31,"POLYGON ((73.826404 18.53317, 73.827351 18.533176, 73.827345 18.53408, 73.826398 18.534074, 73.826404 18.53317))"
PUNE_GRID_100M_0431,18.534529,73.826868,35.61,0.236,0.045,-0.359,Built-up,0.216,33.9,47.8,3.19,Medium,12,3450.0,0.345,81.3,0.254,5540.0,0.554,2026-05-31,"POLYGON ((73.826398 18.534074, 73.827345 18.53408, 73.827339 18.534983, 73.826392 18.534977, 73.826398 18.534074))"
PUNE_GRID_100M_0432,18.535432,73.826862,34.85,0.462,0.027,-0.4,Vegetation,0.255,33.99,47.0,2.74,Medium,12,2970.0,0.297,71.7,0.224,5060.0,0.506,2026-05-31,"POLYGON ((73.826392 18.534977, 73.827339 18.534983, 73.827333 18.535887, 73.826385 18.535881, 73.826392 18.534977))"
PUNE_GRID_100M_0433,18.536336,73.826856,36.19,0.377,0.099,-0.297,Built-up,0.233,33.98,45.8,3.1,Medium,14,3810.0,0.381,93.4,0.292,3650.0,0.365,2026-05-31,"POLYGON ((73.826385 18.535881, 73.827333 18.535887, 73.827327 18.536791, 73.826379 18.536785, 73.826385 18.535881))"
PUNE_GRID_100M_0434,18.537239,73.82685,36.91,0.293,0.05,-0.32,Built-up,0.231,35.25,43.3,2.86,Medium,22,4250.0,0.425,119.4,0.373,2830.0,0.283,2026-05-31,"POLYGON ((73.826379 18.536785, 73.827327 18.536791, 73.82732 18.537694, 73.826373 18.537688, 73.826379 18.536785))"
PUNE_GRID_100M_0435,18.538143,73.826844,37.45,0.29,0.109,-0.4,Built-up,0.22,35.99,47.1,3.01,Medium,15,4580.0,0.458,106.9,0.334,3360.0,0.336,2026-05-31,"POLYGON ((73.826373 18.537688, 73.82732 18.537694, 73.827314 18.538598, 73.826367 18.538592, 73.826373 18.537688))"
PUNE_GRID_100M_0436,18.539047,73.826838,36.22,0.285,0.07,-0.342,Built-up,0.219,34.54,45.8,2.96,Medium,12,3810.0,0.381,89.9,0.281,4080.0,0.408,2026-05-31,"POLYGON ((73.826367 18.538592, 73.827314 18.538598, 73.827308 18.539501, 73.826361 18.539496, 73.826367 18.538592))"
PUNE_GRID_100M_0437,18.53995,73.826831,37.38,0.36,0.153,-0.4,Built-up,0.217,35.88,45.9,3.16,Medium,16,4530.0,0.453,94.7,0.296,3670.0,0.367,2026-05-31,"POLYGON ((73.826361 18.539496, 73.827308 18.539501, 73.827302 18.540405, 73.826355 18.540399, 73.826361 18.539496))"
PUNE_GRID_100M_0438,18.540854,73.826825,34.88,0.455,0.095,-0.347,Vegetation,0.239,34.26,48.1,3.2,Medium,9,2970.0,0.297,81.9,0.256,5320.0,0.532,2026-05-31,"POLYGON ((73.826355 18.540399, 73.827302 18.540405, 73.827296 18.541309, 73.826348 18.541303, 73.826355 18.540399))"
PUNE_GRID_100M_0439,18.541758,73.826819,34.53,0.398,-0.003,-0.4,Built-up,0.23,32.68,46.4,3.28,Medium,13,2740.0,0.274,68.2,0.213,4980.0,0.498,2026-05-31,"POLYGON ((73.826348 18.541303, 73.827296 18.541309, 73.82729 18.542212, 73.826342 18.542206, 73.826348 18.541303))"
PUNE_GRID_100M_0440,18.542661,73.826813,35.75,0.39,0.017,-0.4,Built-up,0.214,34.48,46.1,3.19,Medium,14,3500.0,0.35,78.7,0.246,4040.0,0.404,2026-05-31,"POLYGON ((73.826342 18.542206, 73.82729 18.542212, 73.827283 18.543116, 73.826336 18.54311, 73.826342 18.542206))"
PUNE_GRID_100M_0441,18.543565,73.826807,36.0,0.347,0.082,-0.334,Built-up,0.236,33.84,48.2,3.17,Medium,13,3650.0,0.365,63.4,0.198,4870.0,0.487,2026-05-31,"POLYGON ((73.826336 18.54311, 73.827283 18.543116, 73.827277 18.54402, 73.82633 18.544014, 73.826336 18.54311))"
PUNE_GRID_100M_0442,18.544468,73.826801,35.56,0.302,0.09,-0.398,Built-up,0.229,34.36,44.9,3.52,Medium,12,3380.0,0.338,99.5,0.311,4740.0,0.474,2026-05-31,"POLYGON ((73.82633 18.544014, 73.827277 18.54402, 73.827271 18.544923, 73.826324 18.544917, 73.82633 18.544014))"
PUNE_GRID_100M_0443,18.545372,73.826794,33.83,0.399,-0.024,-0.33,Built-up,0.228,33.18,51.1,2.86,Low,9,2290.0,0.229,39.4,0.123,6170.0,0.617,2026-05-31,"POLYGON ((73.826324 18.544917, 73.827271 18.544923, 73.827265 18.545827, 73.826318 18.545821, 73.826324 18.544917))"
PUNE_GRID_100M_0444,18.546276,73.826788,35.31,0.369,0.012,-0.4,Built-up,0.227,33.47,45.6,3.53,Medium,14,3210.0,0.321,69.4,0.217,4480.0,0.448,2026-05-31,"POLYGON ((73.826318 18.545821, 73.827265 18.545827, 73.827259 18.54673, 73.826311 18.546725, 73.826318 18.545821))"
PUNE_GRID_100M_0445,18.547179,73.826782,34.23,0.384,0.019,-0.265,Built-up,0.224,34.04,45.8,3.15,Medium,12,2530.0,0.253,65.3,0.204,6050.0,0.605,2026-05-31,"POLYGON ((73.826311 18.546725, 73.827259 18.54673, 73.827253 18.547634, 73.826305 18.547628, 73.826311 18.546725))"
PUNE_GRID_100M_0446,18.548083,73.826776,35.7,0.342,0.076,-0.321,Built-up,0.215,34.58,46.6,3.34,Medium,14,3440.0,0.344,67.2,0.21,5440.0,0.544,2026-05-31,"POLYGON ((73.826305 18.547628, 73.827253 18.547634, 73.827246 18.548538, 73.826299 18.548532, 73.826305 18.547628))"
PUNE_GRID_100M_0447,18.548987,73.82677,35.34,0.359,0.01,-0.364,Built-up,0.233,33.98,50.0,3.18,Medium,15,3220.0,0.322,58.2,0.182,5350.0,0.535,2026-05-31,"POLYGON ((73.826299 18.548532, 73.827246 18.548538, 73.82724 18.549441, 73.826293 18.549435, 73.826299 18.548532))"
PUNE_GRID_100M_0448,18.54989,73.826763,34.18,0.4,-0.0,-0.37,Built-up,0.236,33.87,44.8,3.12,Medium,8,2490.0,0.249,32.6,0.102,5870.0,0.587,2026-05-31,"POLYGON ((73.826293 18.549435, 73.82724 18.549441, 73.827234 18.550345, 73.826287 18.550339, 73.826293 18.549435))"
PUNE_GRID_100M_0449,18.500197,73.82805,35.78,0.35,0.09,-0.335,Built-up,0.214,34.01,46.2,3.15,Medium,16,3540.0,0.354,94.1,0.294,4600.0,0.46,2026-05-31,"POLYGON ((73.827579 18.499742, 73.828526 18.499748, 73.82852 18.500651, 73.827573 18.500646, 73.827579 18.499742))"
PUNE_GRID_100M_0450,18.5011,73.828043,35.43,0.318,0.08,-0.283,Built-up,0.214,33.93,47.4,3.24,Medium,17,3320.0,0.332,72.6,0.227,4450.0,0.445,2026-05-31,"POLYGON ((73.827573 18.500646, 73.82852 18.500651, 73.828514 18.501555, 73.827567 18.501549, 73.827573 18.500646))"
PUNE_GRID_100M_0451,18.502004,73.828037,36.32,0.3,0.082,-0.335,Built-up,0.222,34.23,46.0,3.12,Medium,15,3880.0,0.388,130.6,0.408,4320.0,0.432,2026-05-31,"POLYGON ((73.827567 18.501549, 73.828514 18.501555, 73.828508 18.502459, 73.827561 18.502453, 73.827567 18.501549))"
PUNE_GRID_100M_0452,18.502908,73.828031,37.22,0.246,0.114,-0.287,Built-up,0.222,36.09,45.8,2.9,Medium,16,4450.0,0.445,94.1,0.294,3700.0,0.37,2026-05-31,"POLYGON ((73.827561 18.502453, 73.828508 18.502459, 73.828502 18.503362, 73.827554 18.503356, 73.827561 18.502453))"
PUNE_GRID_100M_0453,18.503811,73.828025,35.75,0.388,0.096,-0.4,Built-up,0.218,34.62,45.3,3.72,Medium,11,3530.0,0.353,73.0,0.228,4080.0,0.408,2026-05-31,"POLYGON ((73.827554 18.503356, 73.828502 18.503362, 73.828495 18.504266, 73.827548 18.50426, 73.827554 18.503356))"
PUNE_GRID_100M_0454,18.504715,73.828019,37.02,0.22,0.08,-0.4,Built-up,0.243,35.61,44.5,3.22,Medium,16,4330.0,0.433,96.6,0.302,3640.0,0.364,2026-05-31,"POLYGON ((73.827548 18.50426, 73.828495 18.504266, 73.828489 18.50517, 73.827542 18.505164, 73.827548 18.50426))"
PUNE_GRID_100M_0455,18.505618,73.828013,36.27,0.377,0.095,-0.4,Built-up,0.231,34.98,45.8,3.15,Medium,16,3860.0,0.386,95.7,0.299,4430.0,0.443,2026-05-31,"POLYGON ((73.827542 18.505164, 73.828489 18.50517, 73.828483 18.506073, 73.827536 18.506067, 73.827542 18.505164))"
PUNE_GRID_100M_0456,18.506522,73.828007,36.13,0.391,0.035,-0.342,Built-up,0.21,34.96,44.4,2.89,Medium,12,3780.0,0.378,84.8,0.265,4290.0,0.429,2026-05-31,"POLYGON ((73.827536 18.506067, 73.828483 18.506073, 73.828477 18.506977, 73.82753 18.506971, 73.827536 18.506067))"
PUNE_GRID_100M_0457,18.507426,73.828,36.75,0.302,0.136,-0.396,Built-up,0.223,35.25,45.5,2.82,Medium,16,4170.0,0.417,107.8,0.337,3710.0,0.371,2026-05-31,"POLYGON ((73.82753 18.506971, 73.828477 18.506977, 73.828471 18.50788, 73.827524 18.507875, 73.82753 18.506971))"
PUNE_GRID_100M_0458,18.508329,73.827994,36.07,0.233,0.065,-0.384,Built-up,0.237,34.83,45.6,2.88,Medium,19,3750.0,0.375,77.4,0.242,4030.0,0.403,2026-05-31,"POLYGON ((73.827524 18.507875, 73.828471 18.50788, 73.828465 18.508784, 73.827518 18.508778, 73.827524 18.507875))"
PUNE_GRID_100M_0459,18.509233,73.827988,36.51,0.308,0.131,-0.362,Built-up,0.21,35.09,45.1,3.14,Medium,15,4030.0,0.403,79.0,0.247,4460.0,0.446,2026-05-31,"POLYGON ((73.827518 18.508778, 73.828465 18.508784, 73.828459 18.509688, 73.827511 18.509682, 73.827518 18.508778))"
PUNE_GRID_100M_0460,18.510137,73.827982,36.05,0.336,0.087,-0.323,Built-up,0.202,34.55,46.6,2.72,Medium,12,3740.0,0.374,66.9,0.209,4370.0,0.437,2026-05-31,"POLYGON ((73.827511 18.509682, 73.828459 18.509688, 73.828452 18.510591, 73.827505 18.510585, 73.827511 18.509682))"
PUNE_GRID_100M_0461,18.51104,73.827976,38.63,0.208,0.152,-0.4,Built-up,0.213,36.53,41.4,2.69,High,22,5360.0,0.536,100.2,0.313,1840.0,0.184,2026-05-31,"POLYGON ((73.827505 18.510585, 73.828452 18.510591, 73.828446 18.511495, 73.827499 18.511489, 73.827505 18.510585))"
PUNE_GRID_100M_0462,18.511944,73.82797,37.14,0.279,0.164,-0.4,Built-up,0.21,35.58,44.9,3.01,Medium,19,4420.0,0.442,99.5,0.311,3500.0,0.35,2026-05-31,"POLYGON ((73.827499 18.511489, 73.828446 18.511495, 73.82844 18.512399, 73.827493 18.512393, 73.827499 18.511489))"
PUNE_GRID_100M_0463,18.512847,73.827963,36.59,0.381,0.143,-0.366,Built-up,0.197,35.15,49.2,2.96,Medium,20,4080.0,0.408,94.1,0.294,4430.0,0.443,2026-05-31,"POLYGON ((73.827493 18.512393, 73.82844 18.512399, 73.828434 18.513302, 73.827487 18.513296, 73.827493 18.512393))"
PUNE_GRID_100M_0464,18.513751,73.827957,37.36,0.319,0.158,-0.4,Built-up,0.19,35.21,43.5,2.73,Medium,22,4570.0,0.457,101.4,0.317,3320.0,0.332,2026-05-31,"POLYGON ((73.827487 18.513296, 73.828434 18.513302, 73.828428 18.514206, 73.827481 18.5142, 73.827487 18.513296))"
PUNE_GRID_100M_0465,18.514655,73.827951,37.13,0.263,0.098,-0.4,Built-up,0.221,35.09,47.2,2.66,Medium,18,4430.0,0.443,122.2,0.382,4120.0,0.412,2026-05-31,"POLYGON ((73.827481 18.5142, 73.828428 18.514206, 73.828422 18.515109, 73.827474 18.515104, 73.827481 18.5142))"
PUNE_GRID_100M_0466,18.515558,73.827945,37.07,0.239,0.109,-0.343,Built-up,0.217,35.77,45.4,3.16,Medium,16,4390.0,0.439,121.0,0.378,3650.0,0.365,2026-05-31,"POLYGON ((73.827474 18.515104, 73.828422 18.515109, 73.828416 18.516013, 73.827468 18.516007, 73.827474 18.515104))"
PUNE_GRID_100M_0467,18.516462,73.827939,37.77,0.265,0.154,-0.4,Built-up,0.206,35.85,43.9,2.94,High,25,4820.0,0.482,111.4,0.348,3270.0,0.327,2026-05-31,"POLYGON ((73.827468 18.516007, 73.828416 18.516013, 73.828409 18.516917, 73.827462 18.516911, 73.827468 18.516007))"
PUNE_GRID_100M_0468,18.517366,73.827933,37.9,0.265,0.134,-0.4,Built-up,0.215,36.21,42.7,2.6,High,15,4910.0,0.491,94.7,0.296,3150.0,0.315,2026-05-31,"POLYGON ((73.827462 18.516911, 73.828409 18.516917, 73.828403 18.51782, 73.827456 18.517814, 73.827462 18.516911))"
PUNE_GRID_100M_0469,18.518269,73.827927,36.88,0.329,0.16,-0.398,Built-up,0.195,34.99,45.7,2.61,Medium,14,4270.0,0.427,95.4,0.298,3810.0,0.381,2026-05-31,"POLYGON ((73.827456 18.517814, 73.828403 18.51782, 73.828397 18.518724, 73.82745 18.518718, 73.827456 18.517814))"
PUNE_GRID_100M_0470,18.519173,73.82792,36.85,0.289,0.113,-0.4,Built-up,0.213,34.85,47.7,2.79,Medium,16,4260.0,0.426,94.7,0.296,3750.0,0.375,2026-05-31,"POLYGON ((73.82745 18.518718, 73.828397 18.518724, 73.828391 18.519628, 73.827444 18.519622, 73.82745 18.518718))"
PUNE_GRID_100M_0471,18.520076,73.827914,37.1,0.322,0.038,-0.326,Built-up,0.241,35.22,44.7,3.01,Medium,14,4410.0,0.441,97.3,0.304,3560.0,0.356,2026-05-31,"POLYGON ((73.827444 18.519622, 73.828391 18.519628, 73.828385 18.520531, 73.827438 18.520525, 73.827444 18.519622))"
PUNE_GRID_100M_0472,18.52098,73.827908,35.47,0.436,0.056,-0.4,Vegetation,0.225,34.26,46.5,2.98,Medium,17,3390.0,0.339,72.3,0.226,5140.0,0.514,2026-05-31,"POLYGON ((73.827438 18.520525, 73.828385 18.520531, 73.828379 18.521435, 73.827431 18.521429, 73.827438 18.520525))"
PUNE_GRID_100M_0473,18.521884,73.827902,36.1,0.369,0.064,-0.305,Built-up,0.203,34.57,47.6,3.09,Medium,15,3780.0,0.378,82.2,0.257,4070.0,0.407,2026-05-31,"POLYGON ((73.827431 18.521429, 73.828379 18.521435, 73.828372 18.522338, 73.827425 18.522333, 73.827431 18.521429))"
PUNE_GRID_100M_0474,18.522787,73.827896,38.39,0.254,0.175,-0.4,Built-up,0.201,36.76,44.8,2.57,High,19,5220.0,0.522,120.3,0.376,2220.0,0.222,2026-05-31,"POLYGON ((73.827425 18.522333, 73.828372 18.522338, 73.828366 18.523242, 73.827419 18.523236, 73.827425 18.522333))"
PUNE_GRID_100M_0475,18.523691,73.82789,38.6,0.242,0.176,-0.387,Built-up,0.192,36.57,41.8,2.91,High,18,5340.0,0.534,120.0,0.375,2090.0,0.209,2026-05-31,"POLYGON ((73.827419 18.523236, 73.828366 18.523242, 73.82836 18.524146, 73.827413 18.52414, 73.827419 18.523236))"
PUNE_GRID_100M_0476,18.524595,73.827883,37.06,0.289,0.142,-0.369,Built-up,0.218,36.0,45.5,3.16,Medium,15,4380.0,0.438,107.8,0.337,4430.0,0.443,2026-05-31,"POLYGON ((73.827413 18.52414, 73.82836 18.524146, 73.828354 18.525049, 73.827407 18.525043, 73.827413 18.52414))"
PUNE_GRID_100M_0477,18.525498,73.827877,37.69,0.328,0.18,-0.4,Built-up,0.212,36.0,47.1,3.14,High,21,4780.0,0.478,119.4,0.373,3310.0,0.331,2026-05-31,"POLYGON ((73.827407 18.525043, 73.828354 18.525049, 73.828348 18.525953, 73.827401 18.525947, 73.827407 18.525043))"
PUNE_GRID_100M_0478,18.526402,73.827871,37.45,0.264,0.144,-0.4,Built-up,0.189,34.99,45.0,2.96,Medium,14,4620.0,0.462,99.2,0.31,3570.0,0.357,2026-05-31,"POLYGON ((73.827401 18.525947, 73.828348 18.525953, 73.828342 18.526857, 73.827394 18.526851, 73.827401 18.525947))"
PUNE_GRID_100M_0479,18.527305,73.827865,39.63,0.215,0.223,-0.4,Built-up,0.211,37.56,39.2,3.36,High,30,5980.0,0.598,159.7,0.499,1100.0,0.11,2026-05-31,"POLYGON ((73.827394 18.526851, 73.828342 18.526857, 73.828336 18.52776, 73.827388 18.527754, 73.827394 18.526851))"
PUNE_GRID_100M_0480,18.528209,73.827859,38.02,0.271,0.16,-0.4,Built-up,0.195,35.66,45.2,3.02,High,16,4970.0,0.497,106.9,0.334,3280.0,0.328,2026-05-31,"POLYGON ((73.827388 18.527754, 73.828336 18.52776, 73.828329 18.528664, 73.827382 18.528658, 73.827388 18.527754))"
PUNE_GRID_100M_0481,18.529113,73.827853,36.97,0.286,0.114,-0.368,Built-up,0.243,35.45,45.1,3.11,Medium,13,4320.0,0.432,82.9,0.259,3860.0,0.386,2026-05-31,"POLYGON ((73.827382 18.528658, 73.828329 18.528664, 73.828323 18.529567, 73.827376 18.529562, 73.827382 18.528658))"
PUNE_GRID_100M_0482,18.530016,73.827846,36.26,0.276,0.058,-0.385,Built-up,0.229,34.65,43.2,2.92,Medium,18,3870.0,0.387,97.6,0.305,4300.0,0.43,2026-05-31,"POLYGON ((73.827376 18.529562, 73.828323 18.529567, 73.828317 18.530471, 73.82737 18.530465, 73.827376 18.529562))"
PUNE_GRID_100M_0483,18.53092,73.82784,35.69,0.364,0.073,-0.4,Built-up,0.208,35.13,43.9,2.77,Medium,12,3510.0,0.351,73.9,0.231,4410.0,0.441,2026-05-31,"POLYGON ((73.82737 18.530465, 73.828317 18.530471, 73.828311 18.531375, 73.827364 18.531369, 73.82737 18.530465))"
PUNE_GRID_100M_0484,18.531824,73.827834,37.07,0.3,0.132,-0.302,Built-up,0.199,35.88,46.8,2.76,Medium,23,4380.0,0.438,109.1,0.341,3660.0,0.366,2026-05-31,"POLYGON ((73.827364 18.531369, 73.828311 18.531375, 73.828305 18.532278, 73.827357 18.532272, 73.827364 18.531369))"
PUNE_GRID_100M_0485,18.532727,73.827828,36.24,0.352,0.127,-0.4,Built-up,0.222,34.65,44.9,2.98,Medium,16,3850.0,0.385,61.8,0.193,4400.0,0.44,2026-05-31,"POLYGON ((73.827357 18.532272, 73.828305 18.532278, 73.828299 18.533182, 73.827351 18.533176, 73.827357 18.532272))"
PUNE_GRID_100M_0486,18.533631,73.827822,35.64,0.331,0.091,-0.35,Built-up,0.218,34.41,45.1,2.91,Medium,13,3480.0,0.348,101.4,0.317,4260.0,0.426,2026-05-31,"POLYGON ((73.827351 18.533176, 73.828299 18.533182, 73.828292 18.534086, 73.827345 18.53408, 73.827351 18.533176))"
PUNE_GRID_100M_0487,18.534534,73.827816,36.19,0.382,0.058,-0.4,Built-up,0.228,34.91,46.0,2.61,Medium,14,3820.0,0.382,100.2,0.313,4530.0,0.453,2026-05-31,"POLYGON ((73.827345 18.53408, 73.828292 18.534086, 73.828286 18.534989, 73.827339 18.534983, 73.827345 18.53408))"
PUNE_GRID_100M_0488,18.535438,73.82781,35.77,0.313,0.084,-0.4,Built-up,0.249,34.8,45.4,2.77,Medium,11,3550.0,0.355,65.9,0.206,4220.0,0.422,2026-05-31,"POLYGON ((73.827339 18.534983, 73.828286 18.534989, 73.82828 18.535893, 73.827333 18.535887, 73.827339 18.534983))"
PUNE_GRID_100M_0489,18.536342,73.827803,37.91,0.342,0.127,-0.4,Built-up,0.207,36.05,44.8,2.93,High,17,4880.0,0.488,98.2,0.307,3420.0,0.342,2026-05-31,"POLYGON ((73.827333 18.535887, 73.82828 18.535893, 73.828274 18.536796, 73.827327 18.536791, 73.827333 18.535887))"
PUNE_GRID_100M_0490,18.537245,73.827797,37.18,0.229,0.144,-0.4,Built-up,0.215,35.22,45.0,3.15,Medium,17,4430.0,0.443,127.7,0.399,3650.0,0.365,2026-05-31,"POLYGON ((73.827327 18.536791, 73.828274 18.536796, 73.828268 18.5377, 73.82732 18.537694, 73.827327 18.536791))"
PUNE_GRID_100M_0491,18.538149,73.827791,36.39,0.344,0.072,-0.35,Built-up,0.248,34.76,44.1,3.01,Medium,13,3930.0,0.393,84.8,0.265,3920.0,0.392,2026-05-31,"POLYGON ((73.82732 18.537694, 73.828268 18.5377, 73.828262 18.538604, 73.827314 18.538598, 73.82732 18.537694))"
PUNE_GRID_100M_0492,18.539053,73.827785,37.49,0.307,0.106,-0.323,Built-up,0.225,35.74,44.2,3.02,Medium,14,4610.0,0.461,99.8,0.312,3130.0,0.313,2026-05-31,"POLYGON ((73.827314 18.538598, 73.828262 18.538604, 73.828255 18.539507, 73.827308 18.539501, 73.827314 18.538598))"
PUNE_GRID_100M_0493,18.539956,73.827779,36.28,0.298,0.091,-0.363,Built-up,0.2,35.27,46.6,2.85,Medium,21,3850.0,0.385,63.4,0.198,4470.0,0.447,2026-05-31,"POLYGON ((73.827308 18.539501, 73.828255 18.539507, 73.828249 18.540411, 73.827302 18.540405, 73.827308 18.539501))"
PUNE_GRID_100M_0494,18.54086,73.827773,35.43,0.377,-0.036,-0.33,Built-up,0.254,34.43,46.7,3.07,Medium,10,3320.0,0.332,75.2,0.235,5090.0,0.509,2026-05-31,"POLYGON ((73.827302 18.540405, 73.828249 18.540411, 73.828243 18.541315, 73.827296 18.541309, 73.827302 18.540405))"
PUNE_GRID_100M_0495,18.541763,73.827766,37.24,0.348,0.073,-0.4,Built-up,0.209,35.34,45.1,3.34,Medium,23,4450.0,0.445,104.0,0.325,3510.0,0.351,2026-05-31,"POLYGON ((73.827296 18.541309, 73.828243 18.541315, 73.828237 18.542218, 73.82729 18.542212, 73.827296 18.541309))"
PUNE_GRID_100M_0496,18.542667,73.82776,36.36,0.239,0.081,-0.357,Built-up,0.247,35.15,48.8,3.13,Medium,13,3890.0,0.389,102.4,0.32,4320.0,0.432,2026-05-31,"POLYGON ((73.82729 18.542212, 73.828237 18.542218, 73.828231 18.543122, 73.827283 18.543116, 73.82729 18.542212))"
PUNE_GRID_100M_0497,18.543571,73.827754,35.0,0.395,0.027,-0.253,Built-up,0.223,33.88,48.1,2.81,Medium,13,3030.0,0.303,54.7,0.171,6160.0,0.616,2026-05-31,"POLYGON ((73.827283 18.543116, 73.828231 18.543122, 73.828225 18.544025, 73.827277 18.54402, 73.827283 18.543116))"
PUNE_GRID_100M_0498,18.544474,73.827748,35.57,0.255,0.04,-0.385,Built-up,0.277,34.67,47.8,2.88,Medium,17,3390.0,0.339,61.8,0.193,4830.0,0.483,2026-05-31,"POLYGON ((73.827277 18.54402, 73.828225 18.544025, 73.828218 18.544929, 73.827271 18.544923, 73.827277 18.54402))"
PUNE_GRID_100M_0499,18.545378,73.827742,34.92,0.339,-0.026,-0.358,Built-up,0.267,34.7,46.8,3.27,Medium,12,2970.0,0.297,77.1,0.241,4620.0,0.462,2026-05-31,"POLYGON ((73.827271 18.544923, 73.828218 18.544929, 73.828212 18.545833, 73.827265 18.545827, 73.827271 18.544923))"
PUNE_GRID_100M_0500,18.546282,73.827736,34.4,0.461,-0.027,-0.367,Vegetation,0.233,33.47,47.8,3.12,Medium,9,2650.0,0.265,76.5,0.239,5960.0,0.596,2026-05-31,"POLYGON ((73.827265 18.545827, 73.828212 18.545833, 73.828206 18.546736, 73.827259 18.54673, 73.827265 18.545827))"
PUNE_GRID_100M_0501,18.547185,73.827729,36.14,0.312,0.088,-0.4,Built-up,0.224,35.04,45.4,3.17,Medium,15,3730.0,0.373,69.4,0.217,5290.0,0.529,2026-05-31,"POLYGON ((73.827259 18.54673, 73.828206 18.546736, 73.8282 18.54764, 73.827253 18.547634, 73.827259 18.54673))"
PUNE_GRID_100M_0502,18.548089,73.827723,36.81,0.265,0.124,-0.4,Built-up,0.229,35.04,46.7,3.08,Medium,22,4150.0,0.415,113.6,0.355,3940.0,0.394,2026-05-31,"POLYGON ((73.827253 18.547634, 73.8282 18.54764, 73.828194 18.548544, 73.827246 18.548538, 73.827253 18.547634))"
PUNE_GRID_100M_0503,18.548992,73.827717,34.05,0.4,-0.018,-0.323,Built-up,0.255,33.3,47.6,3.32,Medium,9,2420.0,0.242,58.6,0.183,5600.0,0.56,2026-05-31,"POLYGON ((73.827246 18.548538, 73.828194 18.548544, 73.828188 18.549447, 73.82724 18.549441, 73.827246 18.548538))"
PUNE_GRID_100M_0504,18.549896,73.827711,35.51,0.44,0.083,-0.4,Vegetation,0.232,34.37,46.9,3.18,Medium,10,3320.0,0.332,93.8,0.293,4750.0,0.475,2026-05-31,"POLYGON ((73.82724 18.549441, 73.828188 18.549447, 73.828182 18.550351, 73.827234 18.550345, 73.82724 18.549441))"
PUNE_GRID_100M_0505,18.500203,73.828997,35.81,0.273,0.073,-0.4,Built-up,0.246,34.51,46.6,2.99,Medium,15,3560.0,0.356,84.5,0.264,4200.0,0.42,2026-05-31,"POLYGON ((73.828526 18.499748, 73.829473 18.499754, 73.829467 18.500657, 73.82852 18.500651, 73.828526 18.499748))"
PUNE_GRID_100M_0506,18.501106,73.828991,36.03,0.297,0.049,-0.332,Built-up,0.229,35.46,46.1,2.84,Medium,17,3700.0,0.37,56.6,0.177,5030.0,0.503,2026-05-31,"POLYGON ((73.82852 18.500651, 73.829467 18.500657, 73.829461 18.501561, 73.828514 18.501555, 73.82852 18.500651))"
PUNE_GRID_100M_0507,18.50201,73.828984,36.04,0.398,0.063,-0.4,Built-up,0.223,34.64,50.6,3.18,Medium,15,3710.0,0.371,87.0,0.272,3930.0,0.393,2026-05-31,"POLYGON ((73.828514 18.501555, 73.829461 18.501561, 73.829455 18.502465, 73.828508 18.502459, 73.828514 18.501555))"
PUNE_GRID_100M_0508,18.502913,73.828978,35.91,0.417,0.024,-0.377,Vegetation,0.23,34.81,45.3,2.94,Medium,19,3630.0,0.363,100.8,0.315,4300.0,0.43,2026-05-31,"POLYGON ((73.828508 18.502459, 73.829455 18.502465, 73.829449 18.503368, 73.828502 18.503362, 73.828508 18.502459))"
PUNE_GRID_100M_0509,18.503817,73.828972,36.72,0.311,0.099,-0.316,Built-up,0.235,34.62,44.6,3.09,Medium,14,4150.0,0.415,88.3,0.276,3620.0,0.362,2026-05-31,"POLYGON ((73.828502 18.503362, 73.829449 18.503368, 73.829443 18.504272, 73.828495 18.504266, 73.828502 18.503362))"
PUNE_GRID_100M_0510,18.504721,73.828966,36.1,0.287,0.108,-0.4,Built-up,0.226,34.9,47.2,2.72,Medium,12,3760.0,0.376,85.1,0.266,4490.0,0.449,2026-05-31,"POLYGON ((73.828495 18.504266, 73.829443 18.504272, 73.829436 18.505175, 73.828489 18.50517, 73.828495 18.504266))"
PUNE_GRID_100M_0511,18.505624,73.82896,37.06,0.387,0.138,-0.4,Built-up,0.22,35.78,44.5,3.29,Medium,16,4360.0,0.436,102.4,0.32,3530.0,0.353,2026-05-31,"POLYGON ((73.828489 18.50517, 73.829436 18.505175, 73.82943 18.506079, 73.828483 18.506073, 73.828489 18.50517))"
PUNE_GRID_100M_0512,18.506528,73.828954,36.88,0.373,0.152,-0.397,Built-up,0.225,35.16,45.1,3.19,Medium,18,4250.0,0.425,65.0,0.203,4210.0,0.421,2026-05-31,"POLYGON ((73.828483 18.506073, 73.82943 18.506079, 73.829424 18.506983, 73.828477 18.506977, 73.828483 18.506073))"
PUNE_GRID_100M_0513,18.507432,73.828948,36.8,0.339,0.097,-0.331,Built-up,0.192,34.51,43.9,2.54,Medium,14,4200.0,0.42,122.2,0.382,3660.0,0.366,2026-05-31,"POLYGON ((73.828477 18.506977, 73.829424 18.506983, 73.829418 18.507886, 73.828471 18.50788, 73.828477 18.506977))"
PUNE_GRID_100M_0514,18.508335,73.828941,36.33,0.296,0.125,-0.4,Built-up,0.222,34.92,46.7,2.75,Medium,15,3910.0,0.391,82.2,0.257,3920.0,0.392,2026-05-31,"POLYGON ((73.828471 18.50788, 73.829418 18.507886, 73.829412 18.50879, 73.828465 18.508784, 73.828471 18.50788))"
PUNE_GRID_100M_0515,18.509239,73.828935,36.65,0.315,0.093,-0.367,Built-up,0.227,35.16,46.4,2.99,Medium,13,4120.0,0.412,105.3,0.329,4140.0,0.414,2026-05-31,"POLYGON ((73.828465 18.508784, 73.829412 18.50879, 73.829406 18.509694, 73.828459 18.509688, 73.828465 18.508784))"
PUNE_GRID_100M_0516,18.510142,73.828929,37.78,0.271,0.194,-0.399,Built-up,0.23,36.16,44.3,2.62,High,17,4830.0,0.483,114.9,0.359,3070.0,0.307,2026-05-31,"POLYGON ((73.828459 18.509688, 73.829406 18.509694, 73.8294 18.510597, 73.828452 18.510591, 73.828459 18.509688))"
PUNE_GRID_100M_0517,18.511046,73.828923,37.62,0.297,0.142,-0.4,Built-up,0.192,36.44,46.0,2.85,High,16,4730.0,0.473,129.6,0.405,2660.0,0.266,2026-05-31,"POLYGON ((73.828452 18.510591, 73.8294 18.510597, 73.829393 18.511501, 73.828446 18.511495, 73.828452 18.510591))"
PUNE_GRID_100M_0518,18.51195,73.828917,36.49,0.381,0.113,-0.355,Built-up,0.243,34.93,43.0,2.96,Medium,15,4030.0,0.403,101.8,0.318,4910.0,0.491,2026-05-31,"POLYGON ((73.828446 18.511495, 73.829393 18.511501, 73.829387 18.512404, 73.82844 18.512399, 73.828446 18.511495))"
PUNE_GRID_100M_0519,18.512853,73.828911,37.4,0.326,0.177,-0.377,Built-up,0.209,35.42,44.0,2.83,Medium,19,4590.0,0.459,107.2,0.335,3600.0,0.36,2026-05-31,"POLYGON ((73.82844 18.512399, 73.829387 18.512404, 73.829381 18.513308, 73.828434 18.513302, 73.82844 18.512399))"
PUNE_GRID_100M_0520,18.513757,73.828905,37.96,0.228,0.152,-0.4,Built-up,0.22,35.72,44.4,2.97,High,15,4950.0,0.495,107.5,0.336,2980.0,0.298,2026-05-31,"POLYGON ((73.828434 18.513302, 73.829381 18.513308, 73.829375 18.514212, 73.828428 18.514206, 73.828434 18.513302))"
PUNE_GRID_100M_0521,18.514661,73.828898,36.05,0.393,0.079,-0.319,Built-up,0.251,34.79,44.4,2.71,Medium,14,3760.0,0.376,100.5,0.314,4860.0,0.486,2026-05-31,"POLYGON ((73.828428 18.514206, 73.829375 18.514212, 73.829369 18.515115, 73.828422 18.515109, 73.828428 18.514206))"
PUNE_GRID_100M_0522,18.515564,73.828892,37.85,0.288,0.192,-0.37,Built-up,0.214,36.14,42.1,2.4,High,18,4880.0,0.488,93.1,0.291,3980.0,0.398,2026-05-31,"POLYGON ((73.828422 18.515109, 73.829369 18.515115, 73.829363 18.516019, 73.828416 18.516013, 73.828422 18.515109))"
PUNE_GRID_100M_0523,18.516468,73.828886,36.91,0.336,0.107,-0.388,Built-up,0.227,35.17,45.0,3.04,Medium,20,4300.0,0.43,111.4,0.348,3600.0,0.36,2026-05-31,"POLYGON ((73.828416 18.516013, 73.829363 18.516019, 73.829357 18.516923, 73.828409 18.516917, 73.828416 18.516013))"
PUNE_GRID_100M_0524,18.517371,73.82888,37.92,0.331,0.117,-0.4,Built-up,0.223,36.28,45.7,3.03,High,18,4930.0,0.493,104.3,0.326,3230.0,0.323,2026-05-31,"POLYGON ((73.828409 18.516917, 73.829357 18.516923, 73.82935 18.517826, 73.828403 18.51782, 73.828409 18.516917))"
PUNE_GRID_100M_0525,18.518275,73.828874,36.87,0.265,0.173,-0.4,Built-up,0.202,35.45,47.4,3.34,Medium,16,4270.0,0.427,118.4,0.37,3220.0,0.322,2026-05-31,"POLYGON ((73.828403 18.51782, 73.82935 18.517826, 73.829344 18.51873, 73.828397 18.518724, 73.828403 18.51782))"
PUNE_GRID_100M_0526,18.519179,73.828868,36.04,0.337,0.058,-0.375,Built-up,0.229,34.74,45.3,2.39,Medium,18,3750.0,0.375,92.2,0.288,4330.0,0.433,2026-05-31,"POLYGON ((73.828397 18.518724, 73.829344 18.51873, 73.829338 18.519633, 73.828391 18.519628, 73.828397 18.518724))"
PUNE_GRID_100M_0527,18.520082,73.828861,36.19,0.312,0.083,-0.355,Built-up,0.214,34.56,47.1,2.99,Medium,20,3850.0,0.385,100.8,0.315,4130.0,0.413,2026-05-31,"POLYGON ((73.828391 18.519628, 73.829338 18.519633, 73.829332 18.520537, 73.828385 18.520531, 73.828391 18.519628))"
PUNE_GRID_100M_0528,18.520986,73.828855,37.53,0.224,0.174,-0.4,Built-up,0.208,35.63,45.9,2.44,High,17,4680.0,0.468,113.3,0.354,3330.0,0.333,2026-05-31,"POLYGON ((73.828385 18.520531, 73.829332 18.520537, 73.829326 18.521441, 73.828379 18.521435, 73.828385 18.520531))"
PUNE_GRID_100M_0529,18.52189,73.828849,37.69,0.295,0.128,-0.4,Built-up,0.182,35.15,46.7,3.19,High,16,4780.0,0.478,92.2,0.288,3490.0,0.349,2026-05-31,"POLYGON ((73.828379 18.521435, 73.829326 18.521441, 73.82932 18.522344, 73.828372 18.522338, 73.828379 18.521435))"
PUNE_GRID_100M_0530,18.522793,73.828843,36.74,0.415,0.073,-0.316,Vegetation,0.233,35.29,45.1,2.94,Medium,16,4190.0,0.419,89.6,0.28,4190.0,0.419,2026-05-31,"POLYGON ((73.828372 18.522338, 73.82932 18.522344, 73.829314 18.523248, 73.828366 18.523242, 73.828372 18.522338))"
PUNE_GRID_100M_0531,18.523697,73.828837,37.96,0.198,0.166,-0.4,Built-up,0.208,36.08,41.9,2.65,High,23,4950.0,0.495,127.4,0.398,2950.0,0.295,2026-05-31,"POLYGON ((73.828366 18.523242, 73.829314 18.523248, 73.829307 18.524152, 73.82836 18.524146, 73.828366 18.523242))"
PUNE_GRID_100M_0532,18.5246,73.828831,36.1,0.335,0.021,-0.377,Built-up,0.231,34.83,46.2,3.0,Medium,13,3790.0,0.379,93.1,0.291,3850.0,0.385,2026-05-31,"POLYGON ((73.82836 18.524146, 73.829307 18.524152, 73.829301 18.525055, 73.828354 18.525049, 73.82836 18.524146))"
PUNE_GRID_100M_0533,18.525504,73.828825,37.35,0.318,0.122,-0.356,Built-up,0.221,35.8,43.6,2.74,Medium,23,4570.0,0.457,124.8,0.39,2880.0,0.288,2026-05-31,"POLYGON ((73.828354 18.525049, 73.829301 18.525055, 73.829295 18.525959, 73.828348 18.525953, 73.828354 18.525049))"
PUNE_GRID_100M_0534,18.526408,73.828818,36.4,0.331,0.095,-0.312,Built-up,0.201,35.1,44.8,2.92,Medium,16,3970.0,0.397,100.5,0.314,3870.0,0.387,2026-05-31,"POLYGON ((73.828348 18.525953, 73.829295 18.525959, 73.829289 18.526862, 73.828342 18.526857, 73.828348 18.525953))"
PUNE_GRID_100M_0535,18.527311,73.828812,36.81,0.307,0.098,-0.4,Built-up,0.251,35.23,45.1,2.9,Medium,20,4230.0,0.423,89.3,0.279,3820.0,0.382,2026-05-31,"POLYGON ((73.828342 18.526857, 73.829289 18.526862, 73.829283 18.527766, 73.828336 18.52776, 73.828342 18.526857))"
PUNE_GRID_100M_0536,18.528215,73.828806,37.32,0.242,0.083,-0.361,Built-up,0.224,35.64,44.6,3.22,Medium,22,4550.0,0.455,98.9,0.309,3940.0,0.394,2026-05-31,"POLYGON ((73.828336 18.52776, 73.829283 18.527766, 73.829277 18.52867, 73.828329 18.528664, 73.828336 18.52776))"
PUNE_GRID_100M_0537,18.529119,73.8288,36.55,0.33,0.143,-0.4,Built-up,0.212,34.66,46.0,3.24,Medium,19,4060.0,0.406,98.9,0.309,3550.0,0.355,2026-05-31,"POLYGON ((73.828329 18.528664, 73.829277 18.52867, 73.829271 18.529573, 73.828323 18.529567, 73.828329 18.528664))"
PUNE_GRID_100M_0538,18.530022,73.828794,36.88,0.279,0.113,-0.37,Built-up,0.205,35.14,46.6,2.77,Medium,18,4270.0,0.427,73.0,0.228,3900.0,0.39,2026-05-31,"POLYGON ((73.828323 18.529567, 73.829271 18.529573, 73.829264 18.530477, 73.828317 18.530471, 73.828323 18.529567))"
PUNE_GRID_100M_0539,18.530926,73.828788,37.94,0.185,0.2,-0.4,Built-up,0.204,36.07,44.1,3.11,High,26,4920.0,0.492,139.5,0.436,3150.0,0.315,2026-05-31,"POLYGON ((73.828317 18.530471, 73.829264 18.530477, 73.829258 18.531381, 73.828311 18.531375, 73.828317 18.530471))"
PUNE_GRID_100M_0540,18.531829,73.828781,36.61,0.366,0.09,-0.354,Built-up,0.245,34.91,46.3,2.98,Medium,17,4090.0,0.409,103.7,0.324,3820.0,0.382,2026-05-31,"POLYGON ((73.828311 18.531375, 73.829258 18.531381, 73.829252 18.532284, 73.828305 18.532278, 73.828311 18.531375))"
PUNE_GRID_100M_0541,18.532733,73.828775,37.67,0.32,0.119,-0.4,Built-up,0.234,36.13,44.9,2.63,High,18,4750.0,0.475,129.6,0.405,3220.0,0.322,2026-05-31,"POLYGON ((73.828305 18.532278, 73.829252 18.532284, 73.829246 18.533188, 73.828299 18.533182, 73.828305 18.532278))"
PUNE_GRID_100M_0542,18.533637,73.828769,36.03,0.341,0.079,-0.4,Built-up,0.239,34.52,47.6,2.79,Medium,15,3730.0,0.373,69.4,0.217,4560.0,0.456,2026-05-31,"POLYGON ((73.828299 18.533182, 73.829246 18.533188, 73.82924 18.534091, 73.828292 18.534086, 73.828299 18.533182))"
PUNE_GRID_100M_0543,18.53454,73.828763,37.29,0.304,0.122,-0.4,Built-up,0.226,35.67,44.9,3.41,Medium,19,4510.0,0.451,124.2,0.388,3430.0,0.343,2026-05-31,"POLYGON ((73.828292 18.534086, 73.82924 18.534091, 73.829234 18.534995, 73.828286 18.534989, 73.828292 18.534086))"
PUNE_GRID_100M_0544,18.535444,73.828757,37.94,0.315,0.122,-0.378,Built-up,0.213,36.09,44.5,3.02,High,16,4910.0,0.491,146.6,0.458,2620.0,0.262,2026-05-31,"POLYGON ((73.828286 18.534989, 73.829234 18.534995, 73.829227 18.535899, 73.82828 18.535893, 73.828286 18.534989))"
PUNE_GRID_100M_0545,18.536348,73.828751,34.73,0.393,0.057,-0.322,Built-up,0.208,34.03,46.7,3.17,Medium,14,2900.0,0.29,52.8,0.165,5870.0,0.587,2026-05-31,"POLYGON ((73.82828 18.535893, 73.829227 18.535899, 73.829221 18.536802, 73.828274 18.536796, 73.82828 18.535893))"
PUNE_GRID_100M_0546,18.537251,73.828745,35.99,0.377,0.051,-0.4,Built-up,0.228,34.96,46.0,2.94,Medium,14,3680.0,0.368,98.2,0.307,3780.0,0.378,2026-05-31,"POLYGON ((73.828274 18.536796, 73.829221 18.536802, 73.829215 18.537706, 73.828268 18.5377, 73.828274 18.536796))"
PUNE_GRID_100M_0547,18.538155,73.828738,37.0,0.293,0.06,-0.323,Built-up,0.226,35.61,44.2,2.89,Medium,22,4310.0,0.431,103.4,0.323,3580.0,0.358,2026-05-31,"POLYGON ((73.828268 18.5377, 73.829215 18.537706, 73.829209 18.53861, 73.828262 18.538604, 73.828268 18.5377))"
PUNE_GRID_100M_0548,18.539058,73.828732,36.29,0.382,0.123,-0.4,Built-up,0.234,34.27,44.6,3.01,Medium,20,3860.0,0.386,73.0,0.228,4570.0,0.457,2026-05-31,"POLYGON ((73.828262 18.538604, 73.829209 18.53861, 73.829203 18.539513, 73.828255 18.539507, 73.828262 18.538604))"
PUNE_GRID_100M_0549,18.539962,73.828726,36.65,0.33,0.084,-0.365,Built-up,0.23,35.51,46.8,2.97,Medium,15,4090.0,0.409,104.3,0.326,4150.0,0.415,2026-05-31,"POLYGON ((73.828255 18.539507, 73.829203 18.539513, 73.829197 18.540417, 73.828249 18.540411, 73.828255 18.539507))"
PUNE_GRID_100M_0550,18.540866,73.82872,35.78,0.355,0.042,-0.392,Built-up,0.257,35.0,44.8,2.74,Medium,13,3540.0,0.354,95.7,0.299,5160.0,0.516,2026-05-31,"POLYGON ((73.828249 18.540411, 73.829197 18.540417, 73.82919 18.54132, 73.828243 18.541315, 73.828249 18.540411))"
PUNE_GRID_100M_0551,18.541769,73.828714,36.23,0.281,0.027,-0.352,Built-up,0.253,34.72,45.5,2.86,Medium,12,3820.0,0.382,83.8,0.262,4240.0,0.424,2026-05-31,"POLYGON ((73.828243 18.541315, 73.82919 18.54132, 73.829184 18.542224, 73.828237 18.542218, 73.828243 18.541315))"
PUNE_GRID_100M_0552,18.542673,73.828708,35.94,0.354,0.12,-0.353,Built-up,0.212,34.73,47.8,3.21,Medium,14,3630.0,0.363,102.1,0.319,5000.0,0.5,2026-05-31,"POLYGON ((73.828237 18.542218, 73.829184 18.542224, 73.829178 18.543128, 73.828231 18.543122, 73.828237 18.542218))"
PUNE_GRID_100M_0553,18.543577,73.828701,36.89,0.276,0.071,-0.4,Built-up,0.2,35.06,45.0,3.01,Medium,13,4220.0,0.422,80.0,0.25,3770.0,0.377,2026-05-31,"POLYGON ((73.828231 18.543122, 73.829178 18.543128, 73.829172 18.544031, 73.828225 18.544025, 73.828231 18.543122))"
PUNE_GRID_100M_0554,18.54448,73.828695,36.06,0.312,0.074,-0.4,Built-up,0.247,34.16,47.4,3.11,Medium,19,3700.0,0.37,69.8,0.218,5180.0,0.518,2026-05-31,"POLYGON ((73.828225 18.544025, 73.829172 18.544031, 73.829166 18.544935, 73.828218 18.544929, 73.828225 18.544025))"
PUNE_GRID_100M_0555,18.545384,73.828689,36.01,0.307,0.098,-0.38,Built-up,0.243,34.49,45.3,3.17,Medium,18,3660.0,0.366,89.6,0.28,4830.0,0.483,2026-05-31,"POLYGON ((73.828218 18.544929, 73.829166 18.544935, 73.82916 18.545839, 73.828212 18.545833, 73.828218 18.544929))"
PUNE_GRID_100M_0556,18.546287,73.828683,35.3,0.322,0.051,-0.25,Built-up,0.21,34.05,45.2,3.21,Medium,17,3220.0,0.322,77.8,0.243,4690.0,0.469,2026-05-31,"POLYGON ((73.828212 18.545833, 73.82916 18.545839, 73.829154 18.546742, 73.828206 18.546736, 73.828212 18.545833))"
PUNE_GRID_100M_0557,18.547191,73.828677,35.13,0.455,0.029,-0.4,Vegetation,0.257,33.98,44.5,3.39,Medium,15,3100.0,0.31,65.3,0.204,5410.0,0.541,2026-05-31,"POLYGON ((73.828206 18.546736, 73.829154 18.546742, 73.829147 18.547646, 73.8282 18.54764, 73.828206 18.546736))"
PUNE_GRID_100M_0558,18.548095,73.828671,35.06,0.426,-0.023,-0.239,Vegetation,0.25,33.75,48.9,2.96,Medium,11,3060.0,0.306,83.8,0.262,5130.0,0.513,2026-05-31,"POLYGON ((73.8282 18.54764, 73.829147 18.547646, 73.829141 18.548549, 73.828194 18.548544, 73.8282 18.54764))"
PUNE_GRID_100M_0559,18.548998,73.828664,35.61,0.43,0.028,-0.261,Vegetation,0.237,34.21,44.8,3.32,Medium,12,3390.0,0.339,88.0,0.275,5040.0,0.504,2026-05-31,"POLYGON ((73.828194 18.548544, 73.829141 18.548549, 73.829135 18.549453, 73.828188 18.549447, 73.828194 18.548544))"
PUNE_GRID_100M_0560,18.549902,73.828658,34.84,0.332,0.023,-0.364,Built-up,0.26,33.88,48.2,3.37,Medium,15,2910.0,0.291,81.0,0.253,5240.0,0.524,2026-05-31,"POLYGON ((73.828188 18.549447, 73.829135 18.549453, 73.829129 18.550357, 73.828182 18.550351, 73.828188 18.549447))"
PUNE_GRID_100M_0561,18.500208,73.829944,36.7,0.318,0.078,-0.396,Built-up,0.246,34.96,44.1,3.2,Medium,13,4120.0,0.412,97.3,0.304,3850.0,0.385,2026-05-31,"POLYGON ((73.829473 18.499754, 73.83042 18.49976, 73.830414 18.500663, 73.829467 18.500657, 73.829473 18.499754))"
PUNE_GRID_100M_0562,18.501112,73.829938,38.22,0.211,0.176,-0.4,Built-up,0.218,36.42,46.4,2.71,High,17,5080.0,0.508,129.6,0.405,3250.0,0.325,2026-05-31,"POLYGON ((73.829467 18.500657, 73.830414 18.500663, 73.830408 18.501567, 73.829461 18.501561, 73.829467 18.500657))"
PUNE_GRID_100M_0563,18.502016,73.829932,37.35,0.265,0.151,-0.4,Built-up,0.22,35.85,48.4,3.03,Medium,20,4540.0,0.454,103.4,0.323,3450.0,0.345,2026-05-31,"POLYGON ((73.829461 18.501561, 73.830408 18.501567, 73.830402 18.50247, 73.829455 18.502465, 73.829461 18.501561))"
PUNE_GRID_100M_0564,18.502919,73.829925,36.48,0.286,0.12,-0.4,Built-up,0.228,35.75,43.3,3.3,Medium,20,4000.0,0.4,122.2,0.382,4180.0,0.418,2026-05-31,"POLYGON ((73.829455 18.502465, 73.830402 18.50247, 73.830396 18.503374, 73.829449 18.503368, 73.829455 18.502465))"
PUNE_GRID_100M_0565,18.503823,73.829919,37.79,0.327,0.114,-0.399,Built-up,0.213,36.29,43.1,2.93,High,23,4820.0,0.482,105.3,0.329,3100.0,0.31,2026-05-31,"POLYGON ((73.829449 18.503368, 73.830396 18.503374, 73.83039 18.504278, 73.829443 18.504272, 73.829449 18.503368))"
PUNE_GRID_100M_0566,18.504727,73.829913,36.59,0.304,0.162,-0.34,Built-up,0.21,35.19,46.9,3.03,Medium,20,4070.0,0.407,124.5,0.389,4430.0,0.443,2026-05-31,"POLYGON ((73.829443 18.504272, 73.83039 18.504278, 73.830384 18.505181, 73.829436 18.505175, 73.829443 18.504272))"
PUNE_GRID_100M_0567,18.50563,73.829907,35.36,0.405,0.064,-0.4,Vegetation,0.215,34.07,47.5,3.07,Medium,16,3310.0,0.331,80.0,0.25,4670.0,0.467,2026-05-31,"POLYGON ((73.829436 18.505175, 73.830384 18.505181, 73.830378 18.506085, 73.82943 18.506079, 73.829436 18.505175))"
PUNE_GRID_100M_0568,18.506534,73.829901,36.26,0.355,0.082,-0.395,Built-up,0.22,34.97,47.2,2.7,Medium,15,3880.0,0.388,75.5,0.236,4170.0,0.417,2026-05-31,"POLYGON ((73.82943 18.506079, 73.830378 18.506085, 73.830371 18.506989, 73.829424 18.506983, 73.82943 18.506079))"
PUNE_GRID_100M_0569,18.507437,73.829895,35.64,0.445,0.086,-0.4,Vegetation,0.219,34.55,45.6,3.26,Medium,16,3490.0,0.349,101.1,0.316,5170.0,0.517,2026-05-31,"POLYGON ((73.829424 18.506983, 73.830371 18.506989, 73.830365 18.507892, 73.829418 18.507886, 73.829424 18.506983))"
PUNE_GRID_100M_0570,18.508341,73.829889,36.93,0.248,0.183,-0.4,Built-up,0.198,35.2,48.4,2.98,Medium,18,4300.0,0.43,105.0,0.328,3540.0,0.354,2026-05-31,"POLYGON ((73.829418 18.507886, 73.830365 18.507892, 73.830359 18.508796, 73.829412 18.50879, 73.829418 18.507886))"
PUNE_GRID_100M_0571,18.509245,73.829882,37.29,0.345,0.085,-0.371,Built-up,0.227,35.84,45.3,2.98,Medium,14,4520.0,0.452,119.4,0.373,4000.0,0.4,2026-05-31,"POLYGON ((73.829412 18.50879, 73.830359 18.508796, 73.830353 18.509699, 73.829406 18.509694, 73.829412 18.50879))"
PUNE_GRID_100M_0572,18.510148,73.829876,38.67,0.292,0.183,-0.4,Built-up,0.202,36.15,42.2,2.53,High,19,5390.0,0.539,145.0,0.453,2610.0,0.261,2026-05-31,"POLYGON ((73.829406 18.509694, 73.830353 18.509699, 73.830347 18.510603, 73.8294 18.510597, 73.829406 18.509694))"
PUNE_GRID_100M_0573,18.511052,73.82987,37.65,0.243,0.073,-0.39,Built-up,0.234,35.78,44.5,3.01,High,15,4750.0,0.475,118.4,0.37,3080.0,0.308,2026-05-31,"POLYGON ((73.8294 18.510597, 73.830347 18.510603, 73.830341 18.511507, 73.829393 18.511501, 73.8294 18.510597))"
PUNE_GRID_100M_0574,18.511956,73.829864,37.26,0.336,0.132,-0.4,Built-up,0.192,35.75,43.4,2.95,Medium,22,4510.0,0.451,100.8,0.315,2820.0,0.282,2026-05-31,"POLYGON ((73.829393 18.511501, 73.830341 18.511507, 73.830335 18.51241, 73.829387 18.512404, 73.829393 18.511501))"
PUNE_GRID_100M_0575,18.512859,73.829858,38.14,0.279,0.177,-0.396,Built-up,0.206,36.11,46.9,3.16,High,21,5070.0,0.507,134.1,0.419,2670.0,0.267,2026-05-31,"POLYGON ((73.829387 18.512404, 73.830335 18.51241, 73.830328 18.513314, 73.829381 18.513308, 73.829387 18.512404))"
PUNE_GRID_100M_0576,18.513763,73.829852,35.75,0.34,0.058,-0.375,Built-up,0.232,34.46,45.4,2.77,Medium,13,3580.0,0.358,86.1,0.269,4650.0,0.465,2026-05-31,"POLYGON ((73.829381 18.513308, 73.830328 18.513314, 73.830322 18.514218, 73.829375 18.514212, 73.829381 18.513308))"
PUNE_GRID_100M_0577,18.514666,73.829846,37.75,0.246,0.129,-0.386,Built-up,0.212,35.88,45.5,2.63,High,25,4820.0,0.482,124.5,0.389,3480.0,0.348,2026-05-31,"POLYGON ((73.829375 18.514212, 73.830322 18.514218, 73.830316 18.515121, 73.829369 18.515115, 73.829375 18.514212))"
PUNE_GRID_100M_0578,18.51557,73.829839,38.2,0.234,0.108,-0.382,Built-up,0.218,35.99,43.7,2.68,High,28,5110.0,0.511,95.0,0.297,3630.0,0.363,2026-05-31,"POLYGON ((73.829369 18.515115, 73.830316 18.515121, 73.83031 18.516025, 73.829363 18.516019, 73.829369 18.515115))"
PUNE_GRID_100M_0579,18.516474,73.829833,36.43,0.407,0.101,-0.334,Vegetation,0.198,35.35,44.9,2.71,Medium,14,4000.0,0.4,101.8,0.318,3770.0,0.377,2026-05-31,"POLYGON ((73.829363 18.516019, 73.83031 18.516025, 73.830304 18.516928, 73.829357 18.516923, 73.829363 18.516019))"
PUNE_GRID_100M_0580,18.517377,73.829827,38.55,0.251,0.228,-0.4,Built-up,0.204,36.18,41.3,2.59,High,19,5330.0,0.533,119.7,0.374,2870.0,0.287,2026-05-31,"POLYGON ((73.829357 18.516923, 73.830304 18.516928, 73.830298 18.517832, 73.82935 18.517826, 73.829357 18.516923))"
PUNE_GRID_100M_0581,18.518281,73.829821,37.92,0.304,0.139,-0.396,Built-up,0.225,36.14,45.6,3.07,High,20,4930.0,0.493,139.5,0.436,3070.0,0.307,2026-05-31,"POLYGON ((73.82935 18.517826, 73.830298 18.517832, 73.830292 18.518736, 73.829344 18.51873, 73.82935 18.517826))"
PUNE_GRID_100M_0582,18.519185,73.829815,37.32,0.262,0.143,-0.331,Built-up,0.222,35.75,47.1,3.07,Medium,18,4560.0,0.456,117.4,0.367,3770.0,0.377,2026-05-31,"POLYGON ((73.829344 18.51873, 73.830292 18.518736, 73.830285 18.519639, 73.829338 18.519633, 73.829344 18.51873))"
PUNE_GRID_100M_0583,18.520088,73.829809,38.17,0.233,0.121,-0.377,Built-up,0.234,35.93,43.1,2.77,High,21,5090.0,0.509,125.1,0.391,2940.0,0.294,2026-05-31,"POLYGON ((73.829338 18.519633, 73.830285 18.519639, 73.830279 18.520543, 73.829332 18.520537, 73.829338 18.519633))"
PUNE_GRID_100M_0584,18.520992,73.829803,39.47,0.262,0.24,-0.381,Built-up,0.2,37.15,41.1,2.73,High,32,5910.0,0.591,148.2,0.463,920.0,0.092,2026-05-31,"POLYGON ((73.829332 18.520537, 73.830279 18.520543, 73.830273 18.521447, 73.829326 18.521441, 73.829332 18.520537))"
PUNE_GRID_100M_0585,18.521895,73.829796,37.8,0.223,0.139,-0.375,Built-up,0.222,35.69,46.0,2.45,High,21,4860.0,0.486,104.0,0.325,3100.0,0.31,2026-05-31,"POLYGON ((73.829326 18.521441, 73.830273 18.521447, 73.830267 18.52235, 73.82932 18.522344, 73.829326 18.521441))"
PUNE_GRID_100M_0586,18.522799,73.82979,37.84,0.259,0.13,-0.4,Built-up,0.219,36.41,42.3,2.95,High,23,4880.0,0.488,137.9,0.431,2360.0,0.236,2026-05-31,"POLYGON ((73.82932 18.522344, 73.830267 18.52235, 73.830261 18.523254, 73.829314 18.523248, 73.82932 18.522344))"
PUNE_GRID_100M_0587,18.523703,73.829784,37.25,0.298,0.103,-0.326,Built-up,0.232,35.23,47.0,3.14,Medium,23,4520.0,0.452,134.1,0.419,3140.0,0.314,2026-05-31,"POLYGON ((73.829314 18.523248, 73.830261 18.523254, 73.830255 18.524157, 73.829307 18.524152, 73.829314 18.523248))"
PUNE_GRID_100M_0588,18.524606,73.829778,36.92,0.312,0.1,-0.383,Built-up,0.198,35.15,44.1,2.69,Medium,13,4310.0,0.431,108.5,0.339,4070.0,0.407,2026-05-31,"POLYGON ((73.829307 18.524152, 73.830255 18.524157, 73.830249 18.525061, 73.829301 18.525055, 73.829307 18.524152))"
PUNE_GRID_100M_0589,18.52551,73.829772,38.23,0.255,0.182,-0.4,Built-up,0.194,35.89,42.8,2.8,High,19,5130.0,0.513,143.4,0.448,2650.0,0.265,2026-05-31,"POLYGON ((73.829301 18.525055, 73.830249 18.525061, 73.830242 18.525965, 73.829295 18.525959, 73.829301 18.525055))"
PUNE_GRID_100M_0590,18.526414,73.829766,36.85,0.326,0.069,-0.364,Built-up,0.251,34.89,45.9,2.91,Medium,15,4260.0,0.426,95.0,0.297,4310.0,0.431,2026-05-31,"POLYGON ((73.829295 18.525959, 73.830242 18.525965, 73.830236 18.526868, 73.829289 18.526862, 73.829295 18.525959))"
PUNE_GRID_100M_0591,18.527317,73.82976,37.55,0.313,0.128,-0.4,Built-up,0.18,36.26,43.4,3.18,High,20,4700.0,0.47,102.7,0.321,3470.0,0.347,2026-05-31,"POLYGON ((73.829289 18.526862, 73.830236 18.526868, 73.83023 18.527772, 73.829283 18.527766, 73.829289 18.526862))"
PUNE_GRID_100M_0592,18.528221,73.829753,37.07,0.332,0.117,-0.385,Built-up,0.217,35.61,44.3,2.88,Medium,18,4390.0,0.439,105.9,0.331,3100.0,0.31,2026-05-31,"POLYGON ((73.829283 18.527766, 73.83023 18.527772, 73.830224 18.528676, 73.829277 18.52867, 73.829283 18.527766))"
PUNE_GRID_100M_0593,18.529124,73.829747,37.78,0.238,0.117,-0.4,Built-up,0.237,35.99,45.3,2.89,High,22,4840.0,0.484,121.6,0.38,2010.0,0.201,2026-05-31,"POLYGON ((73.829277 18.52867, 73.830224 18.528676, 73.830218 18.529579, 73.829271 18.529573, 73.829277 18.52867))"
PUNE_GRID_100M_0594,18.530028,73.829741,37.61,0.272,0.196,-0.365,Built-up,0.203,35.63,41.3,2.89,High,24,4730.0,0.473,108.5,0.339,3310.0,0.331,2026-05-31,"POLYGON ((73.829271 18.529573, 73.830218 18.529579, 73.830212 18.530483, 73.829264 18.530477, 73.829271 18.529573))"
PUNE_GRID_100M_0595,18.530932,73.829735,38.12,0.314,0.14,-0.4,Built-up,0.209,36.46,47.0,2.58,High,24,5040.0,0.504,128.0,0.4,2670.0,0.267,2026-05-31,"POLYGON ((73.829264 18.530477, 73.830212 18.530483, 73.830206 18.531386, 73.829258 18.531381, 73.829264 18.530477))"
PUNE_GRID_100M_0596,18.531835,73.829729,36.82,0.347,0.087,-0.4,Built-up,0.226,35.03,45.6,2.59,Medium,14,4230.0,0.423,105.6,0.33,3390.0,0.339,2026-05-31,"POLYGON ((73.829258 18.531381, 73.830206 18.531386, 73.830199 18.53229, 73.829252 18.532284, 73.829258 18.531381))"
PUNE_GRID_100M_0597,18.532739,73.829723,36.94,0.252,0.083,-0.4,Built-up,0.22,35.6,43.5,2.73,Medium,15,4310.0,0.431,90.6,0.283,3160.0,0.316,2026-05-31,"POLYGON ((73.829252 18.532284, 73.830199 18.53229, 73.830193 18.533194, 73.829246 18.533188, 73.829252 18.532284))"
PUNE_GRID_100M_0598,18.533643,73.829716,36.31,0.343,0.138,-0.392,Built-up,0.216,34.66,44.4,3.1,Medium,15,3900.0,0.39,100.2,0.313,3870.0,0.387,2026-05-31,"POLYGON ((73.829246 18.533188, 73.830193 18.533194, 73.830187 18.534097, 73.82924 18.534091, 73.829246 18.533188))"
PUNE_GRID_100M_0599,18.534546,73.82971,36.66,0.238,0.116,-0.387,Built-up,0.209,34.97,47.2,2.85,Medium,16,4120.0,0.412,110.1,0.344,3770.0,0.377,2026-05-31,"POLYGON ((73.82924 18.534091, 73.830187 18.534097, 73.830181 18.535001, 73.829234 18.534995, 73.82924 18.534091))"
PUNE_GRID_100M_0600,18.53545,73.829704,37.24,0.298,0.098,-0.37,Built-up,0.239,35.8,46.1,2.82,Medium,14,4480.0,0.448,109.8,0.343,3760.0,0.376,2026-05-31,"POLYGON ((73.829234 18.534995, 73.830181 18.535001, 73.830175 18.535905, 73.829227 18.535899, 73.829234 18.534995))"
PUNE_GRID_100M_0601,18.536353,73.829698,37.46,0.365,0.169,-0.4,Built-up,0.231,35.98,47.1,2.83,Medium,24,4610.0,0.461,125.4,0.392,3290.0,0.329,2026-05-31,"POLYGON ((73.829227 18.535899, 73.830175 18.535905, 73.830169 18.536808, 73.829221 18.536802, 73.829227 18.535899))"
PUNE_GRID_100M_0602,18.537257,73.829692,36.03,0.301,0.077,-0.4,Built-up,0.224,34.9,45.2,2.93,Medium,16,3720.0,0.372,73.6,0.23,5230.0,0.523,2026-05-31,"POLYGON ((73.829221 18.536802, 73.830169 18.536808, 73.830162 18.537712, 73.829215 18.537706, 73.829221 18.536802))"
PUNE_GRID_100M_0603,18.538161,73.829686,37.38,0.258,0.14,-0.375,Built-up,0.194,35.35,45.5,3.31,Medium,19,4560.0,0.456,115.5,0.361,2940.0,0.294,2026-05-31,"POLYGON ((73.829215 18.537706, 73.830162 18.537712, 73.830156 18.538615, 73.829209 18.53861, 73.829215 18.537706))"
PUNE_GRID_100M_0604,18.539064,73.82968,37.67,0.312,0.135,-0.33,Built-up,0.208,35.73,45.5,2.95,High,16,4740.0,0.474,98.9,0.309,3690.0,0.369,2026-05-31,"POLYGON ((73.829209 18.53861, 73.830156 18.538615, 73.83015 18.539519, 73.829203 18.539513, 73.829209 18.53861))"
PUNE_GRID_100M_0605,18.539968,73.829673,36.82,0.25,0.084,-0.4,Built-up,0.222,35.32,46.6,2.84,Medium,13,4200.0,0.42,86.4,0.27,4010.0,0.401,2026-05-31,"POLYGON ((73.829203 18.539513, 73.83015 18.539519, 73.830144 18.540423, 73.829197 18.540417, 73.829203 18.539513))"
PUNE_GRID_100M_0606,18.540872,73.829667,37.9,0.248,0.166,-0.337,Built-up,0.218,35.78,46.4,3.02,High,22,4870.0,0.487,108.8,0.34,3390.0,0.339,2026-05-31,"POLYGON ((73.829197 18.540417, 73.830144 18.540423, 73.830138 18.541326, 73.82919 18.54132, 73.829197 18.540417))"
PUNE_GRID_100M_0607,18.541775,73.829661,35.68,0.375,0.039,-0.351,Built-up,0.218,34.89,45.4,3.39,Medium,11,3480.0,0.348,71.4,0.223,4680.0,0.468,2026-05-31,"POLYGON ((73.82919 18.54132, 73.830138 18.541326, 73.830132 18.54223, 73.829184 18.542224, 73.82919 18.54132))"
PUNE_GRID_100M_0608,18.542679,73.829655,35.2,0.343,0.089,-0.386,Built-up,0.212,33.42,46.7,2.95,Medium,10,3170.0,0.317,69.1,0.216,5610.0,0.561,2026-05-31,"POLYGON ((73.829184 18.542224, 73.830132 18.54223, 73.830126 18.543134, 73.829178 18.543128, 73.829184 18.542224))"
PUNE_GRID_100M_0609,18.543582,73.829649,34.66,0.377,-0.028,-0.359,Built-up,0.253,33.53,46.4,2.83,Medium,13,2840.0,0.284,65.3,0.204,5670.0,0.567,2026-05-31,"POLYGON ((73.829178 18.543128, 73.830126 18.543134, 73.830119 18.544037, 73.829172 18.544031, 73.829178 18.543128))"
PUNE_GRID_100M_0610,18.544486,73.829643,37.18,0.328,0.169,-0.4,Built-up,0.224,35.37,45.2,2.99,Medium,18,4400.0,0.44,116.2,0.363,3240.0,0.324,2026-05-31,"POLYGON ((73.829172 18.544031, 73.830119 18.544037, 73.830113 18.544941, 73.829166 18.544935, 73.829172 18.544031))"
PUNE_GRID_100M_0611,18.54539,73.829636,36.39,0.343,0.084,-0.334,Built-up,0.216,34.12,46.9,3.13,Medium,16,3910.0,0.391,89.6,0.28,4250.0,0.425,2026-05-31,"POLYGON ((73.829166 18.544935, 73.830113 18.544941, 73.830107 18.545844, 73.82916 18.545839, 73.829166 18.544935))"
PUNE_GRID_100M_0612,18.546293,73.82963,35.71,0.361,0.066,-0.4,Built-up,0.208,34.08,44.0,3.26,Medium,10,3480.0,0.348,63.4,0.198,4830.0,0.483,2026-05-31,"POLYGON ((73.82916 18.545839, 73.830107 18.545844, 73.830101 18.546748, 73.829154 18.546742, 73.82916 18.545839))"
PUNE_GRID_100M_0613,18.547197,73.829624,35.87,0.331,0.089,-0.4,Built-up,0.273,34.8,48.0,3.34,Medium,17,3570.0,0.357,100.2,0.313,4690.0,0.469,2026-05-31,"POLYGON ((73.829154 18.546742, 73.830101 18.546748, 73.830095 18.547652, 73.829147 18.547646, 73.829154 18.546742))"
PUNE_GRID_100M_0614,18.548101,73.829618,34.63,0.403,-0.011,-0.296,Vegetation,0.254,33.75,45.6,2.95,Medium,9,2790.0,0.279,56.3,0.176,5210.0,0.521,2026-05-31,"POLYGON ((73.829147 18.547646, 73.830095 18.547652, 73.830089 18.548555, 73.829141 18.548549, 73.829147 18.547646))"
PUNE_GRID_100M_0615,18.549004,73.829612,37.37,0.287,0.158,-0.4,Built-up,0.208,36.13,44.6,2.99,Medium,19,4500.0,0.45,107.2,0.335,3480.0,0.348,2026-05-31,"POLYGON ((73.829141 18.548549, 73.830089 18.548555, 73.830082 18.549459, 73.829135 18.549453, 73.829141 18.548549))"
PUNE_GRID_100M_0616,18.549908,73.829606,35.39,0.38,-0.039,-0.4,Built-up,0.26,34.74,48.6,3.14,Medium,11,3260.0,0.326,83.8,0.262,5110.0,0.511,2026-05-31,"POLYGON ((73.829135 18.549453, 73.830082 18.549459, 73.830076 18.550363, 73.829129 18.550357, 73.829135 18.549453))"
PUNE_GRID_100M_0617,18.500214,73.830891,36.69,0.296,0.079,-0.383,Built-up,0.224,35.31,46.1,3.12,Medium,17,4120.0,0.412,101.4,0.317,3940.0,0.394,2026-05-31,"POLYGON ((73.83042 18.49976, 73.831368 18.499765, 73.831361 18.500669, 73.830414 18.500663, 73.83042 18.49976))"
PUNE_GRID_100M_0618,18.501118,73.830885,37.28,0.288,0.1,-0.375,Built-up,0.235,35.69,45.7,2.71,Medium,17,4500.0,0.45,121.9,0.381,3900.0,0.39,2026-05-31,"POLYGON ((73.830414 18.500663, 73.831361 18.500669, 73.831355 18.501573, 73.830408 18.501567, 73.830414 18.500663))"
PUNE_GRID_100M_0619,18.502022,73.830879,37.18,0.259,0.085,-0.36,Built-up,0.227,35.55,43.5,2.83,Medium,14,4440.0,0.444,112.6,0.352,3810.0,0.381,2026-05-31,"POLYGON ((73.830408 18.501567, 73.831355 18.501573, 73.831349 18.502476, 73.830402 18.50247, 73.830408 18.501567))"
PUNE_GRID_100M_0620,18.502925,73.830873,37.07,0.301,0.112,-0.4,Built-up,0.221,34.65,43.8,2.82,Medium,14,4370.0,0.437,93.8,0.293,3750.0,0.375,2026-05-31,"POLYGON ((73.830402 18.50247, 73.831349 18.502476, 73.831343 18.50338, 73.830396 18.503374, 73.830402 18.50247))"
PUNE_GRID_100M_0621,18.503829,73.830866,36.34,0.296,0.097,-0.262,Built-up,0.221,34.52,47.3,3.11,Medium,13,3920.0,0.392,121.9,0.381,4020.0,0.402,2026-05-31,"POLYGON ((73.830396 18.503374, 73.831343 18.50338, 73.831337 18.504284, 73.83039 18.504278, 73.830396 18.503374))"
PUNE_GRID_100M_0622,18.504732,73.83086,37.44,0.245,0.156,-0.4,Built-up,0.19,35.74,44.2,3.01,Medium,24,4610.0,0.461,113.3,0.354,3450.0,0.345,2026-05-31,"POLYGON ((73.83039 18.504278, 73.831337 18.504284, 73.831331 18.505187, 73.830384 18.505181, 73.83039 18.504278))"
PUNE_GRID_100M_0623,18.505636,73.830854,38.65,0.258,0.196,-0.4,Built-up,0.234,36.74,43.3,3.07,High,19,5370.0,0.537,127.0,0.397,2600.0,0.26,2026-05-31,"POLYGON ((73.830384 18.505181, 73.831331 18.505187, 73.831325 18.506091, 73.830378 18.506085, 73.830384 18.505181))"
PUNE_GRID_100M_0624,18.50654,73.830848,38.3,0.268,0.154,-0.4,Built-up,0.198,36.4,45.8,3.15,High,25,5150.0,0.515,136.0,0.425,1840.0,0.184,2026-05-31,"POLYGON ((73.830378 18.506085, 73.831325 18.506091, 73.831319 18.506994, 73.830371 18.506989, 73.830378 18.506085))"
PUNE_GRID_100M_0625,18.507443,73.830842,38.57,0.281,0.197,-0.4,Built-up,0.184,36.23,42.6,2.81,High,22,5330.0,0.533,131.2,0.41,2320.0,0.232,2026-05-31,"POLYGON ((73.830371 18.506989, 73.831319 18.506994, 73.831312 18.507898, 73.830365 18.507892, 73.830371 18.506989))"
PUNE_GRID_100M_0626,18.508347,73.830836,36.95,0.29,0.116,-0.366,Built-up,0.216,35.65,45.8,2.62,Medium,16,4320.0,0.432,108.8,0.34,3070.0,0.307,2026-05-31,"POLYGON ((73.830365 18.507892, 73.831312 18.507898, 73.831306 18.508802, 73.830359 18.508796, 73.830365 18.507892))"
PUNE_GRID_100M_0627,18.509251,73.83083,36.64,0.334,0.127,-0.341,Built-up,0.203,35.59,45.8,2.61,Medium,17,4120.0,0.412,130.9,0.409,4160.0,0.416,2026-05-31,"POLYGON ((73.830359 18.508796, 73.831306 18.508802, 73.8313 18.509705, 73.830353 18.509699, 73.830359 18.508796))"
PUNE_GRID_100M_0628,18.510154,73.830823,37.39,0.313,0.156,-0.4,Built-up,0.211,35.95,45.1,2.47,Medium,18,4600.0,0.46,106.9,0.334,3370.0,0.337,2026-05-31,"POLYGON ((73.830353 18.509699, 73.8313 18.509705, 73.831294 18.510609, 73.830347 18.510603, 73.830353 18.509699))"
PUNE_GRID_100M_0629,18.511058,73.830817,37.59,0.302,0.142,-0.4,Built-up,0.225,36.11,44.2,2.73,High,14,4730.0,0.473,109.4,0.342,3170.0,0.317,2026-05-31,"POLYGON ((73.830347 18.510603, 73.831294 18.510609, 73.831288 18.511513, 73.830341 18.511507, 73.830347 18.510603))"
PUNE_GRID_100M_0630,18.511961,73.830811,38.47,0.221,0.154,-0.389,Built-up,0.227,36.26,43.4,2.74,High,26,5280.0,0.528,128.3,0.401,2880.0,0.288,2026-05-31,"POLYGON ((73.830341 18.511507, 73.831288 18.511513, 73.831282 18.512416, 73.830335 18.51241, 73.830341 18.511507))"
PUNE_GRID_100M_0631,18.512865,73.830805,36.29,0.336,0.063,-0.346,Built-up,0.241,35.23,44.4,2.97,Medium,14,3920.0,0.392,107.8,0.337,4240.0,0.424,2026-05-31,"POLYGON ((73.830335 18.51241, 73.831282 18.512416, 73.831276 18.51332, 73.830328 18.513314, 73.830335 18.51241))"
PUNE_GRID_100M_0632,18.513769,73.830799,38.91,0.253,0.184,-0.4,Built-up,0.202,36.78,44.6,2.81,High,23,5560.0,0.556,114.2,0.357,1920.0,0.192,2026-05-31,"POLYGON ((73.830328 18.513314, 73.831276 18.51332, 73.831269 18.514223, 73.830322 18.514218, 73.830328 18.513314))"
PUNE_GRID_100M_0633,18.514672,73.830793,37.6,0.284,0.133,-0.376,Built-up,0.217,35.97,43.9,2.7,High,23,4740.0,0.474,88.6,0.277,3400.0,0.34,2026-05-31,"POLYGON ((73.830322 18.514218, 73.831269 18.514223, 73.831263 18.515127, 73.830316 18.515121, 73.830322 18.514218))"
PUNE_GRID_100M_0634,18.515576,73.830787,37.41,0.207,0.141,-0.4,Built-up,0.221,35.8,46.5,2.77,Medium,22,4620.0,0.462,103.4,0.323,3280.0,0.328,2026-05-31,"POLYGON ((73.830316 18.515121, 73.831263 18.515127, 73.831257 18.516031, 73.83031 18.516025, 73.830316 18.515121))"
PUNE_GRID_100M_0635,18.51648,73.830781,36.97,0.312,0.135,-0.326,Built-up,0.189,35.34,45.1,2.58,Medium,13,4350.0,0.435,83.5,0.261,3170.0,0.317,2026-05-31,"POLYGON ((73.83031 18.516025, 73.831257 18.516031, 73.831251 18.516934, 73.830304 18.516928, 73.83031 18.516025))"
PUNE_GRID_100M_0636,18.517383,73.830774,36.48,0.412,0.09,-0.336,Vegetation,0.232,34.78,44.2,2.99,Medium,13,4040.0,0.404,91.5,0.286,3830.0,0.383,2026-05-31,"POLYGON ((73.830304 18.516928, 73.831251 18.516934, 73.831245 18.517838, 73.830298 18.517832, 73.830304 18.516928))"
PUNE_GRID_100M_0637,18.518287,73.830768,38.48,0.239,0.182,-0.4,Built-up,0.185,36.41,43.9,2.62,High,17,5290.0,0.529,133.4,0.417,2390.0,0.239,2026-05-31,"POLYGON ((73.830298 18.517832, 73.831245 18.517838, 73.831239 18.518742, 73.830292 18.518736, 73.830298 18.517832))"
PUNE_GRID_100M_0638,18.51919,73.830762,37.88,0.245,0.159,-0.4,Built-up,0.242,36.31,44.1,2.55,High,15,4920.0,0.492,106.6,0.333,3040.0,0.304,2026-05-31,"POLYGON ((73.830292 18.518736, 73.831239 18.518742, 73.831233 18.519645, 73.830285 18.519639, 73.830292 18.518736))"
PUNE_GRID_100M_0639,18.520094,73.830756,36.8,0.327,0.091,-0.4,Built-up,0.218,35.13,47.1,2.94,Medium,20,4240.0,0.424,83.5,0.261,3380.0,0.338,2026-05-31,"POLYGON ((73.830285 18.519639, 73.831233 18.519645, 73.831226 18.520549, 73.830279 18.520543, 73.830285 18.519639))"
PUNE_GRID_100M_0640,18.520998,73.83075,36.79,0.325,0.078,-0.347,Built-up,0.223,35.52,45.0,2.89,Medium,18,4240.0,0.424,102.7,0.321,4260.0,0.426,2026-05-31,"POLYGON ((73.830279 18.520543, 73.831226 18.520549, 73.83122 18.521452, 73.830273 18.521447, 73.830279 18.520543))"
PUNE_GRID_100M_0641,18.521901,73.830744,37.55,0.333,0.087,-0.4,Built-up,0.213,36.01,44.5,2.44,High,17,4710.0,0.471,124.2,0.388,3090.0,0.309,2026-05-31,"POLYGON ((73.830273 18.521447, 73.83122 18.521452, 73.831214 18.522356, 73.830267 18.52235, 73.830273 18.521447))"
PUNE_GRID_100M_0642,18.522805,73.830738,39.14,0.18,0.19,-0.4,Built-up,0.196,36.81,45.8,2.95,High,23,5710.0,0.571,115.2,0.36,2230.0,0.223,2026-05-31,"POLYGON ((73.830267 18.52235, 73.831214 18.522356, 73.831208 18.52326, 73.830261 18.523254, 73.830267 18.52235))"
PUNE_GRID_100M_0643,18.523709,73.830731,37.58,0.314,0.155,-0.389,Built-up,0.246,36.22,45.7,2.64,High,19,4730.0,0.473,124.2,0.388,3270.0,0.327,2026-05-31,"POLYGON ((73.830261 18.523254, 73.831208 18.52326, 73.831202 18.524163, 73.830255 18.524157, 73.830261 18.523254))"
PUNE_GRID_100M_0644,18.524612,73.830725,36.56,0.344,0.074,-0.383,Built-up,0.241,34.99,48.2,2.71,Medium,17,4090.0,0.409,108.5,0.339,3580.0,0.358,2026-05-31,"POLYGON ((73.830255 18.524157, 73.831202 18.524163, 73.831196 18.525067, 73.830249 18.525061, 73.830255 18.524157))"
PUNE_GRID_100M_0645,18.525516,73.830719,37.54,0.28,0.132,-0.39,Built-up,0.193,36.23,46.9,2.83,High,17,4700.0,0.47,125.1,0.391,3310.0,0.331,2026-05-31,"POLYGON ((73.830249 18.525061, 73.831196 18.525067, 73.83119 18.525971, 73.830242 18.525965, 73.830249 18.525061))"
PUNE_GRID_100M_0646,18.526419,73.830713,37.48,0.302,0.151,-0.4,Built-up,0.235,35.87,43.7,2.92,Medium,17,4660.0,0.466,127.4,0.398,3000.0,0.3,2026-05-31,"POLYGON ((73.830242 18.525965, 73.83119 18.525971, 73.831184 18.526874, 73.830236 18.526868, 73.830242 18.525965))"
PUNE_GRID_100M_0647,18.527323,73.830707,35.5,0.399,0.063,-0.345,Built-up,0.247,34.35,48.1,2.9,Medium,16,3420.0,0.342,110.4,0.345,4190.0,0.419,2026-05-31,"POLYGON ((73.830236 18.526868, 73.831184 18.526874, 73.831177 18.527778, 73.83023 18.527772, 73.830236 18.526868))"
PUNE_GRID_100M_0648,18.528227,73.830701,37.57,0.32,0.108,-0.4,Built-up,0.216,35.53,47.2,2.8,High,19,4710.0,0.471,108.5,0.339,3500.0,0.35,2026-05-31,"POLYGON ((73.83023 18.527772, 73.831177 18.527778, 73.831171 18.528681, 73.830224 18.528676, 73.83023 18.527772))"
PUNE_GRID_100M_0649,18.52913,73.830695,37.38,0.246,0.162,-0.4,Built-up,0.215,35.64,47.4,2.74,Medium,17,4590.0,0.459,111.7,0.349,3960.0,0.396,2026-05-31,"POLYGON ((73.830224 18.528676, 73.831171 18.528681, 73.831165 18.529585, 73.830218 18.529579, 73.830224 18.528676))"
PUNE_GRID_100M_0650,18.530034,73.830688,38.06,0.301,0.197,-0.4,Built-up,0.204,36.08,46.0,2.91,High,19,5020.0,0.502,115.2,0.36,3190.0,0.319,2026-05-31,"POLYGON ((73.830218 18.529579, 73.831165 18.529585, 73.831159 18.530489, 73.830212 18.530483, 73.830218 18.529579))"
PUNE_GRID_100M_0651,18.530938,73.830682,38.93,0.235,0.168,-0.4,Built-up,0.239,36.37,45.3,2.82,High,26,5560.0,0.556,133.4,0.417,2560.0,0.256,2026-05-31,"POLYGON ((73.830212 18.530483, 73.831159 18.530489, 73.831153 18.531392, 73.830206 18.531386, 73.830212 18.530483))"
PUNE_GRID_100M_0652,18.531841,73.830676,38.28,0.263,0.148,-0.4,Built-up,0.201,36.23,43.9,3.21,High,18,5150.0,0.515,143.4,0.448,2300.0,0.23,2026-05-31,"POLYGON ((73.830206 18.531386, 73.831153 18.531392, 73.831147 18.532296, 73.830199 18.53229, 73.830206 18.531386))"
PUNE_GRID_100M_0653,18.532745,73.83067,37.1,0.304,0.155,-0.4,Built-up,0.214,35.23,44.1,2.98,Medium,24,4410.0,0.441,88.6,0.277,3120.0,0.312,2026-05-31,"POLYGON ((73.830199 18.53229, 73.831147 18.532296, 73.831141 18.5332, 73.830193 18.533194, 73.830199 18.53229))"
PUNE_GRID_100M_0654,18.533648,73.830664,36.36,0.321,0.082,-0.398,Built-up,0.219,35.13,45.4,2.69,Medium,17,3940.0,0.394,83.5,0.261,4870.0,0.487,2026-05-31,"POLYGON ((73.830193 18.533194, 73.831141 18.5332, 73.831134 18.534103, 73.830187 18.534097, 73.830193 18.533194))"
PUNE_GRID_100M_0655,18.534552,73.830658,39.22,0.275,0.148,-0.4,Built-up,0.192,37.35,41.1,2.79,High,19,5730.0,0.573,155.2,0.485,2640.0,0.264,2026-05-31,"POLYGON ((73.830187 18.534097, 73.831134 18.534103, 73.831128 18.535007, 73.830181 18.535001, 73.830187 18.534097))"
PUNE_GRID_100M_0656,18.535456,73.830651,37.13,0.297,0.079,-0.4,Built-up,0.259,35.12,47.3,2.91,Medium,17,4420.0,0.442,119.0,0.372,4080.0,0.408,2026-05-31,"POLYGON ((73.830181 18.535001, 73.831128 18.535007, 73.831122 18.53591, 73.830175 18.535905, 73.830181 18.535001))"
PUNE_GRID_100M_0657,18.536359,73.830645,37.01,0.26,0.108,-0.4,Built-up,0.203,35.92,45.0,3.18,Medium,20,4340.0,0.434,99.5,0.311,3590.0,0.359,2026-05-31,"POLYGON ((73.830175 18.535905, 73.831122 18.53591, 73.831116 18.536814, 73.830169 18.536808, 73.830175 18.535905))"
PUNE_GRID_100M_0658,18.537263,73.830639,36.89,0.293,0.075,-0.361,Built-up,0.23,35.28,47.4,3.21,Medium,15,4260.0,0.426,113.3,0.354,3220.0,0.322,2026-05-31,"POLYGON ((73.830169 18.536808, 73.831116 18.536814, 73.83111 18.537718, 73.830162 18.537712, 73.830169 18.536808))"
PUNE_GRID_100M_0659,18.538167,73.830633,36.98,0.313,0.102,-0.4,Built-up,0.196,35.09,43.6,2.87,Medium,16,4310.0,0.431,107.8,0.337,3250.0,0.325,2026-05-31,"POLYGON ((73.830162 18.537712, 73.83111 18.537718, 73.831104 18.538621, 73.830156 18.538615, 73.830162 18.537712))"
PUNE_GRID_100M_0660,18.53907,73.830627,36.61,0.368,0.098,-0.331,Built-up,0.216,35.35,47.3,2.78,Medium,13,4080.0,0.408,117.1,0.366,3150.0,0.315,2026-05-31,"POLYGON ((73.830156 18.538615, 73.831104 18.538621, 73.831098 18.539525, 73.83015 18.539519, 73.830156 18.538615))"
PUNE_GRID_100M_0661,18.539974,73.830621,36.17,0.358,0.122,-0.335,Built-up,0.224,34.69,45.3,2.77,Medium,13,3800.0,0.38,92.2,0.288,4290.0,0.429,2026-05-31,"POLYGON ((73.83015 18.539519, 73.831098 18.539525, 73.831091 18.540429, 73.830144 18.540423, 73.83015 18.539519))"
PUNE_GRID_100M_0662,18.540877,73.830615,36.09,0.303,0.065,-0.4,Built-up,0.216,34.74,44.2,3.05,Medium,14,3750.0,0.375,103.0,0.322,4930.0,0.493,2026-05-31,"POLYGON ((73.830144 18.540423, 73.831091 18.540429, 73.831085 18.541332, 73.830138 18.541326, 73.830144 18.540423))"
PUNE_GRID_100M_0663,18.541781,73.830608,36.4,0.425,0.12,-0.33,Vegetation,0.227,34.86,48.3,3.47,Medium,15,3940.0,0.394,128.3,0.401,3800.0,0.38,2026-05-31,"POLYGON ((73.830138 18.541326, 73.831085 18.541332, 73.831079 18.542236, 73.830132 18.54223, 73.830138 18.541326))"
PUNE_GRID_100M_0664,18.542685,73.830602,35.89,0.354,0.108,-0.4,Built-up,0.217,34.38,47.9,3.14,Medium,18,3610.0,0.361,94.4,0.295,4630.0,0.463,2026-05-31,"POLYGON ((73.830132 18.54223, 73.831079 18.542236, 73.831073 18.543139, 73.830126 18.543134, 73.830132 18.54223))"
PUNE_GRID_100M_0665,18.543588,73.830596,35.64,0.404,0.097,-0.368,Vegetation,0.24,34.67,46.8,2.73,Medium,15,3450.0,0.345,83.5,0.261,5320.0,0.532,2026-05-31,"POLYGON ((73.830126 18.543134, 73.831073 18.543139, 73.831067 18.544043, 73.830119 18.544037, 73.830126 18.543134))"
PUNE_GRID_100M_0666,18.544492,73.83059,36.19,0.327,0.087,-0.4,Built-up,0.245,34.75,46.1,2.92,Medium,15,3790.0,0.379,100.2,0.313,4110.0,0.411,2026-05-31,"POLYGON ((73.830119 18.544037, 73.831067 18.544043, 73.831061 18.544947, 73.830113 18.544941, 73.830119 18.544037))"
PUNE_GRID_100M_0667,18.545396,73.830584,35.79,0.369,0.002,-0.305,Built-up,0.231,34.12,47.0,2.96,Medium,13,3530.0,0.353,80.0,0.25,5530.0,0.553,2026-05-31,"POLYGON ((73.830113 18.544941, 73.831061 18.544947, 73.831054 18.54585, 73.830107 18.545844, 73.830113 18.544941))"
PUNE_GRID_100M_0668,18.546299,73.830578,37.08,0.336,0.132,-0.382,Built-up,0.217,35.62,45.6,2.94,Medium,17,4340.0,0.434,134.7,0.421,4190.0,0.419,2026-05-31,"POLYGON ((73.830107 18.545844, 73.831054 18.54585, 73.831048 18.546754, 73.830101 18.546748, 73.830107 18.545844))"
PUNE_GRID_100M_0669,18.547203,73.830572,33.64,0.471,-0.005,-0.389,Vegetation,0.244,32.69,46.9,3.05,Low,9,2180.0,0.218,54.7,0.171,6250.0,0.625,2026-05-31,"POLYGON ((73.830101 18.546748, 73.831048 18.546754, 73.831042 18.547658, 73.830095 18.547652, 73.830101 18.546748))"
PUNE_GRID_100M_0670,18.548106,73.830565,36.52,0.364,0.091,-0.4,Built-up,0.233,34.72,45.2,3.22,Medium,22,3980.0,0.398,92.2,0.288,3920.0,0.392,2026-05-31,"POLYGON ((73.830095 18.547652, 73.831042 18.547658, 73.831036 18.548561, 73.830089 18.548555, 73.830095 18.547652))"
PUNE_GRID_100M_0671,18.54901,73.830559,36.52,0.357,0.146,-0.4,Built-up,0.214,35.42,48.7,3.3,Medium,15,3970.0,0.397,84.5,0.264,4520.0,0.452,2026-05-31,"POLYGON ((73.830089 18.548555, 73.831036 18.548561, 73.83103 18.549465, 73.830082 18.549459, 73.830089 18.548555))"
PUNE_GRID_100M_0672,18.549914,73.830553,33.74,0.406,-0.006,-0.338,Vegetation,0.244,32.76,52.0,3.4,Low,10,2230.0,0.223,67.5,0.211,6000.0,0.6,2026-05-31,"POLYGON ((73.830082 18.549459, 73.83103 18.549465, 73.831024 18.550368, 73.830076 18.550363, 73.830082 18.549459))"
PUNE_GRID_100M_0673,18.50022,73.831838,36.46,0.301,0.108,-0.365,Built-up,0.217,34.33,48.2,3.07,Medium,14,3990.0,0.399,106.9,0.334,3550.0,0.355,2026-05-31,"POLYGON ((73.831368 18.499765, 73.832315 18.499771, 73.832309 18.500675, 73.831361 18.500669, 73.831368 18.499765))"
PUNE_GRID_100M_0674,18.501124,73.831832,36.54,0.334,0.127,-0.368,Built-up,0.219,35.26,46.5,2.55,Medium,22,4040.0,0.404,90.6,0.283,4620.0,0.462,2026-05-31,"POLYGON ((73.831361 18.500669, 73.832309 18.500675, 73.832302 18.501578, 73.831355 18.501573, 73.831361 18.500669))"
PUNE_GRID_100M_0675,18.502027,73.831826,35.81,0.384,0.071,-0.384,Built-up,0.247,34.48,45.8,2.72,Medium,13,3590.0,0.359,93.4,0.292,5020.0,0.502,2026-05-31,"POLYGON ((73.831355 18.501573, 73.832302 18.501578, 73.832296 18.502482, 73.831349 18.502476, 73.831355 18.501573))"
PUNE_GRID_100M_0676,18.502931,73.83182,36.41,0.317,0.014,-0.4,Built-up,0.247,34.92,44.7,2.88,Medium,12,3960.0,0.396,75.8,0.237,4390.0,0.439,2026-05-31,"POLYGON ((73.831349 18.502476, 73.832296 18.502482, 73.83229 18.503386, 73.831343 18.50338, 73.831349 18.502476))"
PUNE_GRID_100M_0677,18.503835,73.831814,36.23,0.375,0.065,-0.4,Built-up,0.239,34.77,44.9,2.93,Medium,18,3860.0,0.386,95.0,0.297,3740.0,0.374,2026-05-31,"POLYGON ((73.831343 18.50338, 73.83229 18.503386, 73.832284 18.504289, 73.831337 18.504284, 73.831343 18.50338))"
PUNE_GRID_100M_0678,18.504738,73.831807,38.61,0.307,0.223,-0.382,Built-up,0.211,36.6,43.3,3.05,High,21,5350.0,0.535,134.1,0.419,1900.0,0.19,2026-05-31,"POLYGON ((73.831337 18.504284, 73.832284 18.504289, 73.832278 18.505193, 73.831331 18.505187, 73.831337 18.504284))"
PUNE_GRID_100M_0679,18.505642,73.831801,38.04,0.232,0.138,-0.4,Built-up,0.213,35.9,47.8,2.88,High,25,4990.0,0.499,141.8,0.443,2720.0,0.272,2026-05-31,"POLYGON ((73.831331 18.505187, 73.832278 18.505193, 73.832272 18.506097, 73.831325 18.506091, 73.831331 18.505187))"
PUNE_GRID_100M_0680,18.506546,73.831795,38.39,0.223,0.171,-0.4,Built-up,0.214,36.82,47.0,2.87,High,19,5220.0,0.522,115.5,0.361,2500.0,0.25,2026-05-31,"POLYGON ((73.831325 18.506091, 73.832272 18.506097, 73.832266 18.507, 73.831319 18.506994, 73.831325 18.506091))"
PUNE_GRID_100M_0681,18.507449,73.831789,38.02,0.264,0.13,-0.4,Built-up,0.2,35.67,45.7,2.89,High,19,4990.0,0.499,103.4,0.323,2900.0,0.29,2026-05-31,"POLYGON ((73.831319 18.506994, 73.832266 18.507, 73.83226 18.507904, 73.831312 18.507898, 73.831319 18.506994))"
PUNE_GRID_100M_0682,18.508353,73.831783,36.61,0.331,0.151,-0.394,Built-up,0.232,35.26,44.3,2.78,Medium,17,4110.0,0.411,87.0,0.272,4480.0,0.448,2026-05-31,"POLYGON ((73.831312 18.507898, 73.83226 18.507904, 73.832253 18.508807, 73.831306 18.508802, 73.831312 18.507898))"
PUNE_GRID_100M_0683,18.509256,73.831777,37.17,0.278,0.173,-0.4,Built-up,0.167,35.71,46.6,2.84,Medium,17,4460.0,0.446,89.9,0.281,3990.0,0.399,2026-05-31,"POLYGON ((73.831306 18.508802, 73.832253 18.508807, 73.832247 18.509711, 73.8313 18.509705, 73.831306 18.508802))"
PUNE_GRID_100M_0684,18.51016,73.831771,38.04,0.323,0.135,-0.352,Built-up,0.214,35.9,44.2,3.03,High,16,5010.0,0.501,137.3,0.429,3250.0,0.325,2026-05-31,"POLYGON ((73.8313 18.509705, 73.832247 18.509711, 73.832241 18.510615, 73.831294 18.510609, 73.8313 18.509705))"
PUNE_GRID_100M_0685,18.511064,73.831765,36.73,0.331,0.107,-0.354,Built-up,0.238,34.9,42.4,2.78,Medium,20,4190.0,0.419,120.3,0.376,3290.0,0.329,2026-05-31,"POLYGON ((73.831294 18.510609, 73.832241 18.510615, 73.832235 18.511518, 73.831288 18.511513, 73.831294 18.510609))"
PUNE_GRID_100M_0686,18.511967,73.831758,38.33,0.26,0.154,-0.4,Built-up,0.192,36.64,44.8,2.78,High,28,5200.0,0.52,129.0,0.403,2450.0,0.245,2026-05-31,"POLYGON ((73.831288 18.511513, 73.832235 18.511518, 73.832229 18.512422, 73.831282 18.512416, 73.831288 18.511513))"
PUNE_GRID_100M_0687,18.512871,73.831752,37.62,0.226,0.161,-0.4,Built-up,0.217,35.54,43.6,2.78,High,15,4750.0,0.475,129.6,0.405,3340.0,0.334,2026-05-31,"POLYGON ((73.831282 18.512416, 73.832229 18.512422, 73.832223 18.513326, 73.831276 18.51332, 73.831282 18.512416))"
PUNE_GRID_100M_0688,18.513775,73.831746,37.55,0.233,0.155,-0.4,Built-up,0.202,35.6,43.7,3.03,High,18,4710.0,0.471,114.9,0.359,3390.0,0.339,2026-05-31,"POLYGON ((73.831276 18.51332, 73.832223 18.513326, 73.832217 18.514229, 73.831269 18.514223, 73.831276 18.51332))"
PUNE_GRID_100M_0689,18.514678,73.83174,38.46,0.265,0.205,-0.4,Built-up,0.198,36.69,43.9,2.55,High,17,5280.0,0.528,125.4,0.392,3160.0,0.316,2026-05-31,"POLYGON ((73.831269 18.514223, 73.832217 18.514229, 73.832211 18.515133, 73.831263 18.515127, 73.831269 18.514223))"
PUNE_GRID_100M_0690,18.515582,73.831734,38.28,0.175,0.183,-0.4,Built-up,0.221,36.31,43.6,3.12,High,19,5170.0,0.517,119.7,0.374,2880.0,0.288,2026-05-31,"POLYGON ((73.831263 18.515127, 73.832211 18.515133, 73.832204 18.516037, 73.831257 18.516031, 73.831263 18.515127))"
PUNE_GRID_100M_0691,18.516485,73.831728,37.66,0.322,0.233,-0.4,Built-up,0.201,35.32,44.8,2.52,High,16,4790.0,0.479,111.0,0.347,3910.0,0.391,2026-05-31,"POLYGON ((73.831257 18.516031, 73.832204 18.516037, 73.832198 18.51694, 73.831251 18.516934, 73.831257 18.516031))"
PUNE_GRID_100M_0692,18.517389,73.831722,38.9,0.232,0.17,-0.4,Built-up,0.179,37.25,43.8,2.62,High,23,5560.0,0.556,113.6,0.355,2590.0,0.259,2026-05-31,"POLYGON ((73.831251 18.516934, 73.832198 18.51694, 73.832192 18.517844, 73.831245 18.517838, 73.831251 18.516934))"
PUNE_GRID_100M_0693,18.518293,73.831715,37.12,0.431,0.069,-0.37,Vegetation,0.213,35.32,42.5,2.9,Medium,15,4450.0,0.445,110.1,0.344,3940.0,0.394,2026-05-31,"POLYGON ((73.831245 18.517838, 73.832192 18.517844, 73.832186 18.518747, 73.831239 18.518742, 73.831245 18.517838))"
PUNE_GRID_100M_0694,18.519196,73.831709,38.49,0.345,0.17,-0.4,Built-up,0.224,36.32,46.5,2.96,High,17,5310.0,0.531,127.0,0.397,2370.0,0.237,2026-05-31,"POLYGON ((73.831239 18.518742, 73.832186 18.518747, 73.83218 18.519651, 73.831233 18.519645, 73.831239 18.518742))"
PUNE_GRID_100M_0695,18.5201,73.831703,38.47,0.246,0.134,-0.357,Built-up,0.223,36.51,42.7,2.47,High,20,5300.0,0.53,136.6,0.427,2420.0,0.242,2026-05-31,"POLYGON ((73.831233 18.519645, 73.83218 18.519651, 73.832174 18.520555, 73.831226 18.520549, 73.831233 18.519645))"
PUNE_GRID_100M_0696,18.521004,73.831697,37.75,0.274,0.104,-0.388,Built-up,0.248,36.11,43.4,2.53,High,23,4840.0,0.484,117.4,0.367,3420.0,0.342,2026-05-31,"POLYGON ((73.831226 18.520549, 73.832174 18.520555, 73.832168 18.521458, 73.83122 18.521452, 73.831226 18.520549))"
PUNE_GRID_100M_0697,18.521907,73.831691,38.25,0.301,0.141,-0.371,Built-up,0.24,36.86,43.9,2.81,High,23,5160.0,0.516,121.6,0.38,3350.0,0.335,2026-05-31,"POLYGON ((73.83122 18.521452, 73.832168 18.521458, 73.832161 18.522362, 73.831214 18.522356, 73.83122 18.521452))"
PUNE_GRID_100M_0698,18.522811,73.831685,36.98,0.374,0.086,-0.4,Built-up,0.219,34.89,45.3,3.22,Medium,20,4360.0,0.436,93.4,0.292,4060.0,0.406,2026-05-31,"POLYGON ((73.831214 18.522356, 73.832161 18.522362, 73.832155 18.523266, 73.831208 18.52326, 73.831214 18.522356))"
PUNE_GRID_100M_0699,18.523714,73.831679,38.7,0.18,0.163,-0.4,Built-up,0.248,36.84,46.2,3.01,High,25,5430.0,0.543,131.2,0.41,2310.0,0.231,2026-05-31,"POLYGON ((73.831208 18.52326, 73.832155 18.523266, 73.832149 18.524169, 73.831202 18.524163, 73.831208 18.52326))"
PUNE_GRID_100M_0700,18.524618,73.831672,37.78,0.206,0.166,-0.4,Built-up,0.21,36.17,45.2,2.71,High,21,4860.0,0.486,126.1,0.394,3510.0,0.351,2026-05-31,"POLYGON ((73.831202 18.524163, 73.832149 18.524169, 73.832143 18.525073, 73.831196 18.525067, 73.831202 18.524163))"
PUNE_GRID_100M_0701,18.525522,73.831666,37.48,0.263,0.121,-0.4,Built-up,0.204,35.69,45.9,2.28,Medium,18,4670.0,0.467,97.6,0.305,2540.0,0.254,2026-05-31,"POLYGON ((73.831196 18.525067, 73.832143 18.525073, 73.832137 18.525976, 73.83119 18.525971, 73.831196 18.525067))"
PUNE_GRID_100M_0702,18.526425,73.83166,38.7,0.269,0.186,-0.4,Built-up,0.197,36.83,44.5,2.79,High,20,5430.0,0.543,131.5,0.411,1770.0,0.177,2026-05-31,"POLYGON ((73.83119 18.525971, 73.832137 18.525976, 73.832131 18.52688, 73.831184 18.526874, 73.83119 18.525971))"
PUNE_GRID_100M_0703,18.527329,73.831654,37.26,0.316,0.154,-0.4,Built-up,0.178,35.86,45.5,2.85,Medium,18,4530.0,0.453,111.7,0.349,3700.0,0.37,2026-05-31,"POLYGON ((73.831184 18.526874, 73.832131 18.52688, 73.832125 18.527784, 73.831177 18.527778, 73.831184 18.526874))"
PUNE_GRID_100M_0704,18.528233,73.831648,36.65,0.36,0.076,-0.301,Built-up,0.25,34.74,46.1,2.71,Medium,15,4150.0,0.415,90.6,0.283,4010.0,0.401,2026-05-31,"POLYGON ((73.831177 18.527778, 73.832125 18.527784, 73.832119 18.528687, 73.831171 18.528681, 73.831177 18.527778))"
PUNE_GRID_100M_0705,18.529136,73.831642,36.48,0.275,0.084,-0.364,Built-up,0.249,35.56,42.9,2.63,Medium,21,4040.0,0.404,89.3,0.279,4370.0,0.437,2026-05-31,"POLYGON ((73.831171 18.528681, 73.832119 18.528687, 73.832112 18.529591, 73.831165 18.529585, 73.831171 18.528681))"
PUNE_GRID_100M_0706,18.53004,73.831636,38.15,0.172,0.178,-0.4,Built-up,0.193,35.74,44.1,2.84,High,26,5080.0,0.508,124.8,0.39,2780.0,0.278,2026-05-31,"POLYGON ((73.831165 18.529585, 73.832112 18.529591, 73.832106 18.530495, 73.831159 18.530489, 73.831165 18.529585))"
PUNE_GRID_100M_0707,18.530943,73.83163,36.58,0.354,0.038,-0.323,Built-up,0.23,34.77,47.5,2.63,Medium,20,4100.0,0.41,83.8,0.262,4340.0,0.434,2026-05-31,"POLYGON ((73.831159 18.530489, 73.832106 18.530495, 73.8321 18.531398, 73.831153 18.531392, 73.831159 18.530489))"
PUNE_GRID_100M_0708,18.531847,73.831623,38.94,0.204,0.131,-0.384,Built-up,0.218,36.68,49.8,3.2,High,22,5570.0,0.557,138.2,0.432,1810.0,0.181,2026-05-31,"POLYGON ((73.831153 18.531392, 73.8321 18.531398, 73.832094 18.532302, 73.831147 18.532296, 73.831153 18.531392))"
PUNE_GRID_100M_0709,18.532751,73.831617,35.8,0.266,0.071,-0.4,Built-up,0.213,35.14,44.6,3.14,Medium,17,3600.0,0.36,74.9,0.234,4930.0,0.493,2026-05-31,"POLYGON ((73.831147 18.532296, 73.832094 18.532302, 73.832088 18.533205, 73.831141 18.5332, 73.831147 18.532296))"
PUNE_GRID_100M_0710,18.533654,73.831611,38.75,0.25,0.209,-0.38,Built-up,0.176,36.53,44.6,2.98,High,24,5440.0,0.544,144.3,0.451,2600.0,0.26,2026-05-31,"POLYGON ((73.831141 18.5332, 73.832088 18.533205, 73.832082 18.534109, 73.831134 18.534103, 73.831141 18.5332))"
PUNE_GRID_100M_0711,18.534558,73.831605,37.48,0.32,0.199,-0.4,Built-up,0.201,35.73,44.2,2.88,Medium,19,4650.0,0.465,141.4,0.442,3510.0,0.351,2026-05-31,"POLYGON ((73.831134 18.534103, 73.832082 18.534109, 73.832076 18.535013, 73.831128 18.535007, 73.831134 18.534103))"
PUNE_GRID_100M_0712,18.535462,73.831599,37.15,0.295,0.126,-0.384,Built-up,0.213,35.93,48.4,2.75,Medium,15,4440.0,0.444,95.7,0.299,4470.0,0.447,2026-05-31,"POLYGON ((73.831128 18.535007, 73.832076 18.535013, 73.832069 18.535916, 73.831122 18.53591, 73.831128 18.535007))"
PUNE_GRID_100M_0713,18.536365,73.831593,36.71,0.297,0.127,-0.4,Built-up,0.211,35.11,43.6,2.89,Medium,22,4160.0,0.416,106.6,0.333,3940.0,0.394,2026-05-31,"POLYGON ((73.831122 18.53591, 73.832069 18.535916, 73.832063 18.53682, 73.831116 18.536814, 73.831122 18.53591))"
PUNE_GRID_100M_0714,18.537269,73.831587,37.37,0.286,0.126,-0.39,Built-up,0.221,35.31,46.0,3.24,Medium,16,4570.0,0.457,100.5,0.314,3600.0,0.36,2026-05-31,"POLYGON ((73.831116 18.536814, 73.832063 18.53682, 73.832057 18.537724, 73.83111 18.537718, 73.831116 18.536814))"
PUNE_GRID_100M_0715,18.538172,73.83158,36.93,0.293,0.121,-0.389,Built-up,0.24,35.23,43.3,3.1,Medium,15,4290.0,0.429,116.2,0.363,3010.0,0.301,2026-05-31,"POLYGON ((73.83111 18.537718, 73.832057 18.537724, 73.832051 18.538627, 73.831104 18.538621, 73.83111 18.537718))"
PUNE_GRID_100M_0716,18.539076,73.831574,37.75,0.225,0.199,-0.346,Built-up,0.2,36.34,44.3,2.98,High,16,4790.0,0.479,98.9,0.309,3070.0,0.307,2026-05-31,"POLYGON ((73.831104 18.538621, 73.832051 18.538627, 73.832045 18.539531, 73.831098 18.539525, 73.831104 18.538621))"
PUNE_GRID_100M_0717,18.53998,73.831568,36.86,0.281,0.045,-0.4,Built-up,0.234,35.32,45.5,3.14,Medium,13,4230.0,0.423,107.5,0.336,3680.0,0.368,2026-05-31,"POLYGON ((73.831098 18.539525, 73.832045 18.539531, 73.832039 18.540434, 73.831091 18.540429, 73.831098 18.539525))"
PUNE_GRID_100M_0718,18.540883,73.831562,36.78,0.334,0.118,-0.4,Built-up,0.23,35.83,47.2,3.08,Medium,22,4180.0,0.418,89.3,0.279,4400.0,0.44,2026-05-31,"POLYGON ((73.831091 18.540429, 73.832039 18.540434, 73.832033 18.541338, 73.831085 18.541332, 73.831091 18.540429))"
PUNE_GRID_100M_0719,18.541787,73.831556,36.27,0.343,0.146,-0.367,Built-up,0.222,35.11,44.4,3.07,Medium,19,3860.0,0.386,89.9,0.281,4050.0,0.405,2026-05-31,"POLYGON ((73.831085 18.541332, 73.832033 18.541338, 73.832026 18.542242, 73.831079 18.542236, 73.831085 18.541332))"
PUNE_GRID_100M_0720,18.542691,73.83155,36.41,0.332,0.097,-0.372,Built-up,0.213,34.79,46.9,3.2,Medium,12,3940.0,0.394,81.3,0.254,4620.0,0.462,2026-05-31,"POLYGON ((73.831079 18.542236, 73.832026 18.542242, 73.83202 18.543145, 73.831073 18.543139, 73.831079 18.542236))"
PUNE_GRID_100M_0721,18.543594,73.831544,36.59,0.28,0.146,-0.399,Built-up,0.215,35.13,45.8,3.13,Medium,16,4050.0,0.405,107.8,0.337,3940.0,0.394,2026-05-31,"POLYGON ((73.831073 18.543139, 73.83202 18.543145, 73.832014 18.544049, 73.831067 18.544043, 73.831073 18.543139))"
PUNE_GRID_100M_0722,18.544498,73.831537,34.86,0.373,-0.0,-0.398,Built-up,0.248,33.65,47.5,3.22,Medium,11,2960.0,0.296,60.5,0.189,5400.0,0.54,2026-05-31,"POLYGON ((73.831067 18.544043, 73.832014 18.544049, 73.832008 18.544953, 73.831061 18.544947, 73.831067 18.544043))"
PUNE_GRID_100M_0723,18.545401,73.831531,35.04,0.287,0.026,-0.39,Built-up,0.218,33.83,48.4,3.1,Medium,11,3070.0,0.307,80.6,0.252,5270.0,0.527,2026-05-31,"POLYGON ((73.831061 18.544947, 73.832008 18.544953, 73.832002 18.545856, 73.831054 18.54585, 73.831061 18.544947))"
PUNE_GRID_100M_0724,18.546305,73.831525,36.59,0.326,0.098,-0.327,Built-up,0.241,36.46,43.8,3.03,Medium,14,4040.0,0.404,92.5,0.289,3940.0,0.394,2026-05-31,"POLYGON ((73.831054 18.54585, 73.832002 18.545856, 73.831996 18.54676, 73.831048 18.546754, 73.831054 18.54585))"
PUNE_GRID_100M_0725,18.547209,73.831519,36.02,0.396,0.004,-0.354,Built-up,0.261,35.02,47.4,2.99,Medium,11,3670.0,0.367,86.7,0.271,4350.0,0.435,2026-05-31,"POLYGON ((73.831048 18.546754, 73.831996 18.54676, 73.83199 18.547663, 73.831042 18.547658, 73.831048 18.546754))"
PUNE_GRID_100M_0726,18.548112,73.831513,35.61,0.295,0.017,-0.338,Built-up,0.226,34.69,45.7,2.99,Medium,10,3410.0,0.341,83.8,0.262,4120.0,0.412,2026-05-31,"POLYGON ((73.831042 18.547658, 73.83199 18.547663, 73.831983 18.548567, 73.831036 18.548561, 73.831042 18.547658))"
PUNE_GRID_100M_0727,18.549016,73.831507,35.65,0.329,0.021,-0.364,Built-up,0.239,34.27,48.1,2.82,Medium,12,3430.0,0.343,72.6,0.227,4790.0,0.479,2026-05-31,"POLYGON ((73.831036 18.548561, 73.831983 18.548567, 73.831977 18.549471, 73.83103 18.549465, 73.831036 18.548561))"
PUNE_GRID_100M_0728,18.54992,73.831501,35.79,0.361,0.085,-0.4,Built-up,0.234,35.02,46.9,2.98,Medium,15,3520.0,0.352,87.0,0.272,4470.0,0.447,2026-05-31,"POLYGON ((73.83103 18.549465, 73.831977 18.549471, 73.831971 18.550374, 73.831024 18.550368, 73.83103 18.549465))"
PUNE_GRID_100M_0729,18.500226,73.832785,36.44,0.375,0.116,-0.35,Built-up,0.211,35.34,45.5,2.75,Medium,13,3980.0,0.398,115.2,0.36,3730.0,0.373,2026-05-31,"POLYGON ((73.832315 18.499771, 73.833262 18.499777, 73.833256 18.500681, 73.832309 18.500675, 73.832315 18.499771))"
PUNE_GRID_100M_0730,18.50113,73.832779,36.35,0.31,0.095,-0.363,Built-up,0.23,35.51,45.0,2.82,Medium,20,3920.0,0.392,84.2,0.263,4460.0,0.446,2026-05-31,"POLYGON ((73.832309 18.500675, 73.833256 18.500681, 73.83325 18.501584, 73.832302 18.501578, 73.832309 18.500675))"
PUNE_GRID_100M_0731,18.502033,73.832773,37.23,0.269,0.15,-0.295,Built-up,0.215,36.11,46.5,3.22,Medium,21,4480.0,0.448,122.6,0.383,3630.0,0.363,2026-05-31,"POLYGON ((73.832302 18.501578, 73.83325 18.501584, 73.833243 18.502488, 73.832296 18.502482, 73.832302 18.501578))"
PUNE_GRID_100M_0732,18.502937,73.832767,36.38,0.248,0.082,-0.4,Built-up,0.203,34.52,47.8,2.86,Medium,12,3960.0,0.396,114.2,0.357,4060.0,0.406,2026-05-31,"POLYGON ((73.832296 18.502482, 73.833243 18.502488, 73.833237 18.503392, 73.83229 18.503386, 73.832296 18.502482))"
PUNE_GRID_100M_0733,18.50384,73.832761,37.59,0.288,0.178,-0.38,Built-up,0.215,35.48,44.1,2.92,High,21,4710.0,0.471,102.7,0.321,3730.0,0.373,2026-05-31,"POLYGON ((73.83229 18.503386, 73.833237 18.503392, 73.833231 18.504295, 73.832284 18.504289, 73.83229 18.503386))"
PUNE_GRID_100M_0734,18.504744,73.832755,35.99,0.422,0.07,-0.4,Vegetation,0.211,34.39,44.5,2.91,Medium,17,3720.0,0.372,70.7,0.221,4850.0,0.485,2026-05-31,"POLYGON ((73.832284 18.504289, 73.833231 18.504295, 73.833225 18.505199, 73.832278 18.505193, 73.832284 18.504289))"
PUNE_GRID_100M_0735,18.505648,73.832748,38.26,0.272,0.173,-0.4,Built-up,0.223,36.0,45.4,3.16,High,25,5140.0,0.514,127.4,0.398,2550.0,0.255,2026-05-31,"POLYGON ((73.832278 18.505193, 73.833225 18.505199, 73.833219 18.506102, 73.832272 18.506097, 73.832278 18.505193))"
PUNE_GRID_100M_0736,18.506551,73.832742,37.9,0.273,0.148,-0.36,Built-up,0.203,36.13,42.5,2.72,High,16,4920.0,0.492,111.0,0.347,2850.0,0.285,2026-05-31,"POLYGON ((73.832272 18.506097, 73.833219 18.506102, 73.833213 18.507006, 73.832266 18.507, 73.832272 18.506097))"
PUNE_GRID_100M_0737,18.507455,73.832736,37.8,0.29,0.172,-0.4,Built-up,0.207,35.79,42.8,2.77,High,19,4860.0,0.486,140.5,0.439,2950.0,0.295,2026-05-31,"POLYGON ((73.832266 18.507, 73.833213 18.507006, 73.833207 18.50791, 73.83226 18.507904, 73.832266 18.507))"
PUNE_GRID_100M_0738,18.508359,73.83273,38.46,0.253,0.168,-0.4,Built-up,0.23,37.04,42.6,2.78,High,19,5270.0,0.527,127.0,0.397,2770.0,0.277,2026-05-31,"POLYGON ((73.83226 18.507904, 73.833207 18.50791, 73.833201 18.508813, 73.832253 18.508807, 73.83226 18.507904))"
PUNE_GRID_100M_0739,18.509262,73.832724,39.07,0.2,0.237,-0.4,Built-up,0.205,37.42,43.1,3.02,High,26,5660.0,0.566,125.4,0.392,2720.0,0.272,2026-05-31,"POLYGON ((73.832253 18.508807, 73.833201 18.508813, 73.833194 18.509717, 73.832247 18.509711, 73.832253 18.508807))"
PUNE_GRID_100M_0740,18.510166,73.832718,38.62,0.281,0.154,-0.4,Built-up,0.196,36.53,42.1,3.05,High,18,5380.0,0.538,114.6,0.358,3020.0,0.302,2026-05-31,"POLYGON ((73.832247 18.509711, 73.833194 18.509717, 73.833188 18.510621, 73.832241 18.510615, 73.832247 18.509711))"
PUNE_GRID_100M_0741,18.511069,73.832712,36.39,0.335,0.055,-0.353,Built-up,0.215,35.56,43.0,2.87,Medium,13,3990.0,0.399,109.8,0.343,3760.0,0.376,2026-05-31,"POLYGON ((73.832241 18.510615, 73.833188 18.510621, 73.833182 18.511524, 73.832235 18.511518, 73.832241 18.510615))"
PUNE_GRID_100M_0742,18.511973,73.832706,36.9,0.309,0.131,-0.346,Built-up,0.207,35.78,43.8,3.01,Medium,19,4310.0,0.431,96.0,0.3,3750.0,0.375,2026-05-31,"POLYGON ((73.832235 18.511518, 73.833182 18.511524, 73.833176 18.512428, 73.832229 18.512422, 73.832235 18.511518))"
PUNE_GRID_100M_0743,18.512877,73.832699,37.47,0.25,0.133,-0.4,Built-up,0.222,35.59,46.0,2.79,Medium,19,4670.0,0.467,112.6,0.352,3540.0,0.354,2026-05-31,"POLYGON ((73.832229 18.512422, 73.833176 18.512428, 73.83317 18.513331, 73.832223 18.513326, 73.832229 18.512422))"
PUNE_GRID_100M_0744,18.51378,73.832693,38.04,0.321,0.148,-0.399,Built-up,0.219,35.53,42.7,2.71,High,23,5020.0,0.502,132.8,0.415,3160.0,0.316,2026-05-31,"POLYGON ((73.832223 18.513326, 73.83317 18.513331, 73.833164 18.514235, 73.832217 18.514229, 73.832223 18.513326))"
PUNE_GRID_100M_0745,18.514684,73.832687,38.47,0.28,0.208,-0.4,Built-up,0.19,36.36,43.7,2.98,High,16,5300.0,0.53,121.0,0.378,2940.0,0.294,2026-05-31,"POLYGON ((73.832217 18.514229, 73.833164 18.514235, 73.833158 18.515139, 73.832211 18.515133, 73.832217 18.514229))"
PUNE_GRID_100M_0746,18.515588,73.832681,37.51,0.265,0.12,-0.398,Built-up,0.201,35.56,47.9,2.83,High,17,4700.0,0.47,112.3,0.351,3220.0,0.322,2026-05-31,"POLYGON ((73.832211 18.515133, 73.833158 18.515139, 73.833152 18.516042, 73.832204 18.516037, 73.832211 18.515133))"
PUNE_GRID_100M_0747,18.516491,73.832675,38.27,0.301,0.166,-0.4,Built-up,0.214,36.35,44.3,2.58,High,16,5170.0,0.517,123.8,0.387,2170.0,0.217,2026-05-31,"POLYGON ((73.832204 18.516037, 73.833152 18.516042, 73.833145 18.516946, 73.832198 18.51694, 73.832204 18.516037))"
PUNE_GRID_100M_0748,18.517395,73.832669,37.54,0.266,0.181,-0.367,Built-up,0.205,35.8,45.5,2.93,High,21,4720.0,0.472,121.9,0.381,2740.0,0.274,2026-05-31,"POLYGON ((73.832198 18.51694, 73.833145 18.516946, 73.833139 18.51785, 73.832192 18.517844, 73.832198 18.51694))"
PUNE_GRID_100M_0749,18.518298,73.832663,37.67,0.25,0.191,-0.4,Built-up,0.238,35.89,43.4,2.68,High,16,4800.0,0.48,122.9,0.384,3160.0,0.316,2026-05-31,"POLYGON ((73.832192 18.517844, 73.833139 18.51785, 73.833133 18.518753, 73.832186 18.518747, 73.832192 18.517844))"
PUNE_GRID_100M_0750,18.519202,73.832657,37.04,0.273,0.164,-0.396,Built-up,0.211,35.59,48.6,2.66,Medium,15,4410.0,0.441,103.0,0.322,3760.0,0.376,2026-05-31,"POLYGON ((73.832186 18.518747, 73.833133 18.518753, 73.833127 18.519657, 73.83218 18.519651, 73.832186 18.518747))"
PUNE_GRID_100M_0751,18.520106,73.83265,37.43,0.219,0.126,-0.4,Built-up,0.245,35.34,44.2,2.9,Medium,16,4650.0,0.465,112.3,0.351,2860.0,0.286,2026-05-31,"POLYGON ((73.83218 18.519651, 73.833127 18.519657, 73.833121 18.52056, 73.832174 18.520555, 73.83218 18.519651))"
PUNE_GRID_100M_0752,18.521009,73.832644,37.09,0.321,0.156,-0.4,Built-up,0.194,35.59,45.0,2.7,Medium,14,4440.0,0.444,101.8,0.318,3620.0,0.362,2026-05-31,"POLYGON ((73.832174 18.520555, 73.833121 18.52056, 73.833115 18.521464, 73.832168 18.521458, 73.832174 18.520555))"
PUNE_GRID_100M_0753,18.521913,73.832638,37.38,0.218,0.104,-0.4,Built-up,0.198,35.53,47.1,2.8,Medium,19,4620.0,0.462,91.8,0.287,3770.0,0.377,2026-05-31,"POLYGON ((73.832168 18.521458, 73.833115 18.521464, 73.833109 18.522368, 73.832161 18.522362, 73.832168 18.521458))"
PUNE_GRID_100M_0754,18.522817,73.832632,38.99,0.186,0.177,-0.4,Built-up,0.191,36.85,43.5,2.86,High,28,5620.0,0.562,138.2,0.432,1620.0,0.162,2026-05-31,"POLYGON ((73.832161 18.522362, 73.833109 18.522368, 73.833103 18.523271, 73.832155 18.523266, 73.832161 18.522362))"
PUNE_GRID_100M_0755,18.52372,73.832626,37.37,0.209,0.061,-0.4,Built-up,0.247,35.95,45.2,2.57,Medium,16,4610.0,0.461,134.7,0.421,3570.0,0.357,2026-05-31,"POLYGON ((73.832155 18.523266, 73.833103 18.523271, 73.833096 18.524175, 73.832149 18.524169, 73.832155 18.523266))"
PUNE_GRID_100M_0756,18.524624,73.83262,40.21,0.189,0.31,-0.4,Built-up,0.211,37.28,42.4,2.81,High,22,6380.0,0.638,141.8,0.443,1140.0,0.114,2026-05-31,"POLYGON ((73.832149 18.524169, 73.833096 18.524175, 73.83309 18.525079, 73.832143 18.525073, 73.832149 18.524169))"
PUNE_GRID_100M_0757,18.525528,73.832614,38.46,0.248,0.155,-0.386,Built-up,0.2,36.34,43.8,3.01,High,20,5290.0,0.529,117.1,0.366,3120.0,0.312,2026-05-31,"POLYGON ((73.832143 18.525073, 73.83309 18.525079, 73.833084 18.525982, 73.832137 18.525976, 73.832143 18.525073))"
PUNE_GRID_100M_0758,18.526431,73.832607,38.18,0.251,0.164,-0.4,Built-up,0.204,36.19,45.0,2.55,High,24,5110.0,0.511,111.4,0.348,2630.0,0.263,2026-05-31,"POLYGON ((73.832137 18.525976, 73.833084 18.525982, 73.833078 18.526886, 73.832131 18.52688, 73.832137 18.525976))"
PUNE_GRID_100M_0759,18.527335,73.832601,37.3,0.253,0.101,-0.4,Built-up,0.204,35.46,46.0,2.84,Medium,18,4560.0,0.456,118.7,0.371,2920.0,0.292,2026-05-31,"POLYGON ((73.832131 18.52688, 73.833078 18.526886, 73.833072 18.527789, 73.832125 18.527784, 73.832131 18.52688))"
PUNE_GRID_100M_0760,18.528238,73.832595,38.5,0.206,0.203,-0.4,Built-up,0.176,36.72,43.2,2.59,High,23,5310.0,0.531,133.1,0.416,2260.0,0.226,2026-05-31,"POLYGON ((73.832125 18.527784, 73.833072 18.527789, 73.833066 18.528693, 73.832119 18.528687, 73.832125 18.527784))"
PUNE_GRID_100M_0761,18.529142,73.832589,37.42,0.309,0.123,-0.4,Built-up,0.229,35.48,43.9,2.97,Medium,19,4630.0,0.463,109.1,0.341,3310.0,0.331,2026-05-31,"POLYGON ((73.832119 18.528687, 73.833066 18.528693, 73.83306 18.529597, 73.832112 18.529591, 73.832119 18.528687))"
PUNE_GRID_100M_0762,18.530046,73.832583,37.92,0.251,0.117,-0.4,Built-up,0.222,35.88,43.8,2.98,High,18,4940.0,0.494,106.9,0.334,2900.0,0.29,2026-05-31,"POLYGON ((73.832112 18.529591, 73.83306 18.529597, 73.833054 18.5305, 73.832106 18.530495, 73.832112 18.529591))"
PUNE_GRID_100M_0763,18.530949,73.832577,39.81,0.219,0.255,-0.344,Built-up,0.194,37.15,41.1,2.72,High,21,6120.0,0.612,148.2,0.463,1400.0,0.14,2026-05-31,"POLYGON ((73.832106 18.530495, 73.833054 18.5305, 73.833047 18.531404, 73.8321 18.531398, 73.832106 18.530495))"
PUNE_GRID_100M_0764,18.531853,73.832571,37.62,0.248,0.1,-0.337,Built-up,0.201,36.16,42.5,3.24,High,22,4750.0,0.475,94.1,0.294,3500.0,0.35,2026-05-31,"POLYGON ((73.8321 18.531398, 73.833047 18.531404, 73.833041 18.532308, 73.832094 18.532302, 73.8321 18.531398))"
PUNE_GRID_100M_0765,18.532757,73.832565,38.54,0.258,0.159,-0.362,Built-up,0.236,36.33,44.6,3.03,High,22,5320.0,0.532,129.6,0.405,2400.0,0.24,2026-05-31,"POLYGON ((73.832094 18.532302, 73.833041 18.532308, 73.833035 18.533211, 73.832088 18.533205, 73.832094 18.532302))"
PUNE_GRID_100M_0766,18.53366,73.832558,36.98,0.358,0.051,-0.312,Built-up,0.223,35.52,46.8,2.97,Medium,19,4340.0,0.434,115.2,0.36,3550.0,0.355,2026-05-31,"POLYGON ((73.832088 18.533205, 73.833035 18.533211, 73.833029 18.534115, 73.832082 18.534109, 73.832088 18.533205))"
PUNE_GRID_100M_0767,18.534564,73.832552,37.43,0.313,0.092,-0.4,Built-up,0.231,36.29,46.4,2.97,Medium,22,4620.0,0.462,94.7,0.296,2810.0,0.281,2026-05-31,"POLYGON ((73.832082 18.534109, 73.833029 18.534115, 73.833023 18.535019, 73.832076 18.535013, 73.832082 18.534109))"
PUNE_GRID_100M_0768,18.535467,73.832546,38.79,0.226,0.201,-0.4,Built-up,0.182,36.63,40.4,3.05,High,18,5470.0,0.547,111.7,0.349,2640.0,0.264,2026-05-31,"POLYGON ((73.832076 18.535013, 73.833023 18.535019, 73.833017 18.535922, 73.832069 18.535916, 73.832076 18.535013))"
PUNE_GRID_100M_0769,18.536371,73.83254,36.79,0.323,0.047,-0.4,Built-up,0.229,35.59,45.2,2.67,Medium,13,4210.0,0.421,121.3,0.379,3620.0,0.362,2026-05-31,"POLYGON ((73.832069 18.535916, 73.833017 18.535922, 73.833011 18.536826, 73.832063 18.53682, 73.832069 18.535916))"
PUNE_GRID_100M_0770,18.537275,73.832534,38.64,0.238,0.144,-0.341,Built-up,0.218,37.05,42.4,2.92,High,23,5370.0,0.537,121.0,0.378,3140.0,0.314,2026-05-31,"POLYGON ((73.832063 18.53682, 73.833011 18.536826, 73.833004 18.537729, 73.832057 18.537724, 73.832063 18.53682))"
PUNE_GRID_100M_0771,18.538178,73.832528,37.67,0.282,0.145,-0.4,Built-up,0.219,36.18,45.1,2.98,High,16,4750.0,0.475,128.6,0.402,2670.0,0.267,2026-05-31,"POLYGON ((73.832057 18.537724, 73.833004 18.537729, 73.832998 18.538633, 73.832051 18.538627, 73.832057 18.537724))"
PUNE_GRID_100M_0772,18.539082,73.832522,36.55,0.308,0.078,-0.4,Built-up,0.228,35.08,45.1,2.84,Medium,13,4050.0,0.405,95.4,0.298,3330.0,0.333,2026-05-31,"POLYGON ((73.832051 18.538627, 73.832998 18.538633, 73.832992 18.539537, 73.832045 18.539531, 73.832051 18.538627))"
PUNE_GRID_100M_0773,18.539986,73.832515,37.4,0.284,0.193,-0.4,Built-up,0.213,35.87,46.0,3.03,Medium,15,4580.0,0.458,107.8,0.337,3660.0,0.366,2026-05-31,"POLYGON ((73.832045 18.539531, 73.832992 18.539537, 73.832986 18.54044, 73.832039 18.540434, 73.832045 18.539531))"
PUNE_GRID_100M_0774,18.540889,73.832509,37.57,0.294,0.196,-0.4,Built-up,0.188,35.41,44.9,3.2,High,22,4680.0,0.468,118.1,0.369,3350.0,0.335,2026-05-31,"POLYGON ((73.832039 18.540434, 73.832986 18.54044, 73.83298 18.541344, 73.832033 18.541338, 73.832039 18.540434))"
PUNE_GRID_100M_0775,18.541793,73.832503,37.18,0.259,0.097,-0.375,Built-up,0.226,35.29,42.4,2.88,Medium,14,4440.0,0.444,95.4,0.298,3260.0,0.326,2026-05-31,"POLYGON ((73.832033 18.541338, 73.83298 18.541344, 73.832974 18.542247, 73.832026 18.542242, 73.832033 18.541338))"
PUNE_GRID_100M_0776,18.542696,73.832497,35.32,0.323,0.056,-0.36,Built-up,0.232,34.04,45.3,2.98,Medium,14,3270.0,0.327,80.3,0.251,4370.0,0.437,2026-05-31,"POLYGON ((73.832026 18.542242, 73.832974 18.542247, 73.832968 18.543151, 73.83202 18.543145, 73.832026 18.542242))"
PUNE_GRID_100M_0777,18.5436,73.832491,35.88,0.289,0.087,-0.4,Built-up,0.228,35.29,46.3,2.84,Medium,15,3610.0,0.361,81.6,0.255,5240.0,0.524,2026-05-31,"POLYGON ((73.83202 18.543145, 73.832968 18.543151, 73.832962 18.544055, 73.832014 18.544049, 73.83202 18.543145))"
PUNE_GRID_100M_0778,18.544504,73.832485,36.15,0.271,0.059,-0.339,Built-up,0.23,34.56,46.2,2.67,Medium,20,3780.0,0.378,73.9,0.231,5090.0,0.509,2026-05-31,"POLYGON ((73.832014 18.544049, 73.832962 18.544055, 73.832955 18.544958, 73.832008 18.544953, 73.832014 18.544049))"
PUNE_GRID_100M_0779,18.545407,73.832479,36.17,0.285,0.033,-0.395,Built-up,0.215,34.57,44.0,3.2,Medium,15,3790.0,0.379,95.4,0.298,3320.0,0.332,2026-05-31,"POLYGON ((73.832008 18.544953, 73.832955 18.544958, 73.832949 18.545862, 73.832002 18.545856, 73.832008 18.544953))"
PUNE_GRID_100M_0780,18.546311,73.832472,36.61,0.325,0.097,-0.397,Built-up,0.203,34.81,43.4,3.06,Medium,20,4050.0,0.405,93.8,0.293,3890.0,0.389,2026-05-31,"POLYGON ((73.832002 18.545856, 73.832949 18.545862, 73.832943 18.546766, 73.831996 18.54676, 73.832002 18.545856))"
PUNE_GRID_100M_0781,18.547215,73.832466,36.14,0.299,0.071,-0.344,Built-up,0.194,34.97,46.2,3.09,Medium,17,3750.0,0.375,88.0,0.275,5090.0,0.509,2026-05-31,"POLYGON ((73.831996 18.54676, 73.832943 18.546766, 73.832937 18.547669, 73.83199 18.547663, 73.831996 18.54676))"
PUNE_GRID_100M_0782,18.548118,73.83246,34.8,0.403,0.003,-0.383,Vegetation,0.252,33.9,45.1,2.91,Medium,12,2910.0,0.291,54.4,0.17,5390.0,0.539,2026-05-31,"POLYGON ((73.83199 18.547663, 73.832937 18.547669, 73.832931 18.548573, 73.831983 18.548567, 73.83199 18.547663))"
PUNE_GRID_100M_0783,18.549022,73.832454,36.05,0.34,0.086,-0.4,Built-up,0.237,35.06,43.7,3.09,Medium,12,3690.0,0.369,108.8,0.34,4090.0,0.409,2026-05-31,"POLYGON ((73.831983 18.548567, 73.832931 18.548573, 73.832925 18.549476, 73.831977 18.549471, 73.831983 18.548567))"
PUNE_GRID_100M_0784,18.549925,73.832448,36.11,0.257,0.052,-0.341,Built-up,0.243,34.98,45.4,3.37,Medium,12,3720.0,0.372,100.5,0.314,4220.0,0.422,2026-05-31,"POLYGON ((73.831977 18.549471, 73.832925 18.549476, 73.832919 18.55038, 73.831971 18.550374, 73.831977 18.549471))"
PUNE_GRID_100M_0785,18.500232,73.833732,37.45,0.315,0.101,-0.4,Built-up,0.226,35.3,44.3,2.92,Medium,20,4610.0,0.461,122.9,0.384,2790.0,0.279,2026-05-31,"POLYGON ((73.833262 18.499777, 73.834209 18.499783, 73.834203 18.500687, 73.833256 18.500681, 73.833262 18.499777))"
PUNE_GRID_100M_0786,18.501135,73.833726,37.97,0.303,0.162,-0.4,Built-up,0.179,35.84,43.3,2.91,High,16,4940.0,0.494,114.6,0.358,2300.0,0.23,2026-05-31,"POLYGON ((73.833256 18.500681, 73.834203 18.500687, 73.834197 18.50159, 73.83325 18.501584, 73.833256 18.500681))"
PUNE_GRID_100M_0787,18.502039,73.83372,37.87,0.235,0.166,-0.389,Built-up,0.195,36.42,43.6,2.92,High,16,4890.0,0.489,95.4,0.298,3640.0,0.364,2026-05-31,"POLYGON ((73.83325 18.501584, 73.834197 18.50159, 73.834191 18.502494, 73.833243 18.502488, 73.83325 18.501584))"
PUNE_GRID_100M_0788,18.502943,73.833714,37.67,0.298,0.11,-0.291,Built-up,0.223,35.81,44.9,2.62,High,16,4770.0,0.477,139.5,0.436,2180.0,0.218,2026-05-31,"POLYGON ((73.833243 18.502488, 73.834191 18.502494, 73.834185 18.503397, 73.833237 18.503392, 73.833243 18.502488))"
PUNE_GRID_100M_0789,18.503846,73.833708,37.34,0.259,0.158,-0.383,Built-up,0.214,35.99,44.0,2.97,Medium,22,4570.0,0.457,108.8,0.34,3510.0,0.351,2026-05-31,"POLYGON ((73.833237 18.503392, 73.834185 18.503397, 73.834178 18.504301, 73.833231 18.504295, 73.833237 18.503392))"
PUNE_GRID_100M_0790,18.50475,73.833702,36.16,0.338,0.024,-0.336,Built-up,0.232,34.77,46.2,2.58,Medium,13,3830.0,0.383,82.2,0.257,4750.0,0.475,2026-05-31,"POLYGON ((73.833231 18.504295, 73.834178 18.504301, 73.834172 18.505205, 73.833225 18.505199, 73.833231 18.504295))"
PUNE_GRID_100M_0791,18.505654,73.833696,37.93,0.222,0.14,-0.379,Built-up,0.22,35.76,44.1,2.63,High,15,4940.0,0.494,123.8,0.387,2320.0,0.232,2026-05-31,"POLYGON ((73.833225 18.505199, 73.834172 18.505205, 73.834166 18.506108, 73.833219 18.506102, 73.833225 18.505199))"
PUNE_GRID_100M_0792,18.506557,73.83369,37.83,0.204,0.145,-0.4,Built-up,0.214,35.89,45.0,2.6,High,17,4880.0,0.488,132.2,0.413,2510.0,0.251,2026-05-31,"POLYGON ((73.833219 18.506102, 73.834166 18.506108, 73.83416 18.507012, 73.833213 18.507006, 73.833219 18.506102))"
PUNE_GRID_100M_0793,18.507461,73.833683,37.96,0.256,0.139,-0.4,Built-up,0.217,35.78,45.9,2.76,High,21,4970.0,0.497,119.0,0.372,3400.0,0.34,2026-05-31,"POLYGON ((73.833213 18.507006, 73.83416 18.507012, 73.834154 18.507916, 73.833207 18.50791, 73.833213 18.507006))"
PUNE_GRID_100M_0794,18.508364,73.833677,36.8,0.307,0.089,-0.387,Built-up,0.214,35.09,46.8,2.71,Medium,16,4240.0,0.424,118.1,0.369,3870.0,0.387,2026-05-31,"POLYGON ((73.833207 18.50791, 73.834154 18.507916, 73.834148 18.508819, 73.833201 18.508813, 73.833207 18.50791))"
PUNE_GRID_100M_0795,18.509268,73.833671,37.03,0.288,0.172,-0.4,Built-up,0.224,35.48,47.3,2.77,Medium,16,4390.0,0.439,119.4,0.373,3240.0,0.324,2026-05-31,"POLYGON ((73.833201 18.508813, 73.834148 18.508819, 73.834142 18.509723, 73.833194 18.509717, 73.833201 18.508813))"
PUNE_GRID_100M_0796,18.510172,73.833665,38.81,0.194,0.171,-0.4,Built-up,0.203,36.82,45.2,2.58,High,21,5500.0,0.55,118.1,0.369,2870.0,0.287,2026-05-31,"POLYGON ((73.833194 18.509717, 73.834142 18.509723, 73.834136 18.510626, 73.833188 18.510621, 73.833194 18.509717))"
PUNE_GRID_100M_0797,18.511075,73.833659,37.99,0.254,0.233,-0.4,Built-up,0.178,35.62,45.0,2.95,High,25,5000.0,0.5,111.4,0.348,3440.0,0.344,2026-05-31,"POLYGON ((73.833188 18.510621, 73.834136 18.510626, 73.834129 18.51153, 73.833182 18.511524, 73.833188 18.510621))"
PUNE_GRID_100M_0798,18.511979,73.833653,38.63,0.259,0.201,-0.4,Built-up,0.192,36.54,43.4,2.9,High,24,5400.0,0.54,141.8,0.443,2380.0,0.238,2026-05-31,"POLYGON ((73.833182 18.511524, 73.834129 18.51153, 73.834123 18.512434, 73.833176 18.512428, 73.833182 18.511524))"
PUNE_GRID_100M_0799,18.512883,73.833647,38.16,0.263,0.17,-0.4,Built-up,0.204,36.04,43.9,2.69,High,17,5100.0,0.51,87.7,0.274,2720.0,0.272,2026-05-31,"POLYGON ((73.833176 18.512428, 73.834123 18.512434, 73.834117 18.513337, 73.83317 18.513331, 73.833176 18.512428))"
PUNE_GRID_100M_0800,18.513786,73.833641,38.21,0.27,0.184,-0.4,Built-up,0.222,36.05,43.1,2.62,High,17,5140.0,0.514,121.6,0.38,2550.0,0.255,2026-05-31,"POLYGON ((73.83317 18.513331, 73.834117 18.513337, 73.834111 18.514241, 73.833164 18.514235, 73.83317 18.513331))"
PUNE_GRID_100M_0801,18.51469,73.833634,38.97,0.209,0.28,-0.4,Built-up,0.189,36.82,43.8,2.6,High,28,5620.0,0.562,116.5,0.364,2400.0,0.24,2026-05-31,"POLYGON ((73.833164 18.514235, 73.834111 18.514241, 73.834105 18.515145, 73.833158 18.515139, 73.833164 18.514235))"
PUNE_GRID_100M_0802,18.515593,73.833628,37.85,0.322,0.123,-0.33,Built-up,0.215,35.83,45.8,2.64,High,15,4910.0,0.491,111.7,0.349,2970.0,0.297,2026-05-31,"POLYGON ((73.833158 18.515139, 73.834105 18.515145, 73.834099 18.516048, 73.833152 18.516042, 73.833158 18.515139))"
PUNE_GRID_100M_0803,18.516497,73.833622,38.36,0.21,0.143,-0.391,Built-up,0.196,36.77,43.2,2.42,High,23,5240.0,0.524,121.9,0.381,2990.0,0.299,2026-05-31,"POLYGON ((73.833152 18.516042, 73.834099 18.516048, 73.834093 18.516952, 73.833145 18.516946, 73.833152 18.516042))"
PUNE_GRID_100M_0804,18.517401,73.833616,37.94,0.292,0.135,-0.4,Built-up,0.227,36.41,44.6,2.51,High,18,4980.0,0.498,114.9,0.359,2330.0,0.233,2026-05-31,"POLYGON ((73.833145 18.516946, 73.834093 18.516952, 73.834087 18.517855, 73.833139 18.51785, 73.833145 18.516946))"
PUNE_GRID_100M_0805,18.518304,73.83361,37.98,0.318,0.16,-0.319,Built-up,0.201,36.44,43.6,2.87,High,17,5000.0,0.5,113.0,0.353,2340.0,0.234,2026-05-31,"POLYGON ((73.833139 18.51785, 73.834087 18.517855, 73.83408 18.518759, 73.833133 18.518753, 73.833139 18.51785))"
PUNE_GRID_100M_0806,18.519208,73.833604,38.09,0.286,0.112,-0.4,Built-up,0.218,36.01,44.8,2.75,High,17,5070.0,0.507,107.5,0.336,2990.0,0.299,2026-05-31,"POLYGON ((73.833133 18.518753, 73.83408 18.518759, 73.834074 18.519663, 73.833127 18.519657, 73.833133 18.518753))"
PUNE_GRID_100M_0807,18.520112,73.833598,38.52,0.244,0.184,-0.4,Built-up,0.229,36.18,43.4,3.02,High,17,5340.0,0.534,157.4,0.492,1990.0,0.199,2026-05-31,"POLYGON ((73.833127 18.519657, 73.834074 18.519663, 73.834068 18.520566, 73.833121 18.52056, 73.833127 18.519657))"
PUNE_GRID_100M_0808,18.521015,73.833592,37.96,0.25,0.209,-0.348,Built-up,0.21,36.1,43.5,2.63,High,22,4990.0,0.499,143.7,0.449,2410.0,0.241,2026-05-31,"POLYGON ((73.833121 18.52056, 73.834068 18.520566, 73.834062 18.52147, 73.833115 18.521464, 73.833121 18.52056))"
PUNE_GRID_100M_0809,18.521919,73.833585,39.33,0.265,0.224,-0.4,Built-up,0.175,36.99,42.5,2.62,High,19,5850.0,0.585,125.4,0.392,1270.0,0.127,2026-05-31,"POLYGON ((73.833115 18.521464, 73.834062 18.52147, 73.834056 18.522374, 73.833109 18.522368, 73.833115 18.521464))"
PUNE_GRID_100M_0810,18.522822,73.833579,37.6,0.227,0.133,-0.4,Built-up,0.19,35.64,45.7,2.62,High,23,4760.0,0.476,134.4,0.42,2990.0,0.299,2026-05-31,"POLYGON ((73.833109 18.522368, 73.834056 18.522374, 73.83405 18.523277, 73.833103 18.523271, 73.833109 18.522368))"
PUNE_GRID_100M_0811,18.523726,73.833573,38.14,0.226,0.148,-0.4,Built-up,0.212,35.85,44.3,2.64,High,18,5100.0,0.51,117.4,0.367,2780.0,0.278,2026-05-31,"POLYGON ((73.833103 18.523271, 73.83405 18.523277, 73.834044 18.524181, 73.833096 18.524175, 73.833103 18.523271))"
PUNE_GRID_100M_0812,18.52463,73.833567,37.92,0.257,0.183,-0.4,Built-up,0.189,36.03,44.0,2.57,High,17,4960.0,0.496,120.6,0.377,3170.0,0.317,2026-05-31,"POLYGON ((73.833096 18.524175, 73.834044 18.524181, 73.834038 18.525084, 73.83309 18.525079, 73.833096 18.524175))"
PUNE_GRID_100M_0813,18.525533,73.833561,39.39,0.271,0.198,-0.4,Built-up,0.214,36.95,43.9,2.77,High,21,5880.0,0.588,140.2,0.438,1830.0,0.183,2026-05-31,"POLYGON ((73.83309 18.525079, 73.834038 18.525084, 73.834031 18.525988, 73.833084 18.525982, 73.83309 18.525079))"
PUNE_GRID_100M_0814,18.526437,73.833555,38.35,0.273,0.231,-0.4,Built-up,0.199,36.55,43.7,2.72,High,24,5230.0,0.523,117.1,0.366,2620.0,0.262,2026-05-31,"POLYGON ((73.833084 18.525982, 73.834031 18.525988, 73.834025 18.526892, 73.833078 18.526886, 73.833084 18.525982))"
PUNE_GRID_100M_0815,18.527341,73.833549,38.98,0.197,0.262,-0.4,Built-up,0.195,36.99,45.5,2.62,High,18,5620.0,0.562,147.5,0.461,2470.0,0.247,2026-05-31,"POLYGON ((73.833078 18.526886, 73.834025 18.526892, 73.834019 18.527795, 73.833072 18.527789, 73.833078 18.526886))"
PUNE_GRID_100M_0816,18.528244,73.833543,36.91,0.296,0.119,-0.4,Built-up,0.208,35.67,44.0,2.98,Medium,21,4320.0,0.432,105.3,0.329,3170.0,0.317,2026-05-31,"POLYGON ((73.833072 18.527789, 73.834019 18.527795, 73.834013 18.528699, 73.833066 18.528693, 73.833072 18.527789))"
PUNE_GRID_100M_0817,18.529148,73.833536,38.26,0.236,0.171,-0.4,Built-up,0.235,35.9,44.1,3.12,High,27,5160.0,0.516,117.8,0.368,2950.0,0.295,2026-05-31,"POLYGON ((73.833066 18.528693, 73.834013 18.528699, 73.834007 18.529603, 73.83306 18.529597, 73.833066 18.528693))"
PUNE_GRID_100M_0818,18.530051,73.83353,38.69,0.217,0.222,-0.4,Built-up,0.243,36.7,41.9,2.99,High,19,5430.0,0.543,113.6,0.355,1840.0,0.184,2026-05-31,"POLYGON ((73.83306 18.529597, 73.834007 18.529603, 73.834001 18.530506, 73.833054 18.5305, 73.83306 18.529597))"
PUNE_GRID_100M_0819,18.530955,73.833524,37.98,0.31,0.192,-0.364,Built-up,0.201,35.87,44.1,2.88,High,20,4990.0,0.499,108.5,0.339,2660.0,0.266,2026-05-31,"POLYGON ((73.833054 18.5305, 73.834001 18.530506, 73.833995 18.53141, 73.833047 18.531404, 73.833054 18.5305))"
PUNE_GRID_100M_0820,18.531859,73.833518,38.7,0.191,0.167,-0.371,Built-up,0.215,36.22,41.5,2.93,High,18,5430.0,0.543,109.4,0.342,2060.0,0.206,2026-05-31,"POLYGON ((73.833047 18.531404, 73.833995 18.53141, 73.833989 18.532313, 73.833041 18.532308, 73.833047 18.531404))"
PUNE_GRID_100M_0821,18.532762,73.833512,37.36,0.357,0.115,-0.4,Built-up,0.221,35.52,46.2,3.16,Medium,19,4590.0,0.459,110.4,0.345,3690.0,0.369,2026-05-31,"POLYGON ((73.833041 18.532308, 73.833989 18.532313, 73.833982 18.533217, 73.833035 18.533211, 73.833041 18.532308))"
PUNE_GRID_100M_0822,18.533666,73.833506,38.82,0.274,0.157,-0.4,Built-up,0.208,36.99,45.1,2.95,High,27,5500.0,0.55,116.8,0.365,2380.0,0.238,2026-05-31,"POLYGON ((73.833035 18.533211, 73.833982 18.533217, 73.833976 18.534121, 73.833029 18.534115, 73.833035 18.533211))"
PUNE_GRID_100M_0823,18.53457,73.8335,39.45,0.263,0.238,-0.4,Built-up,0.185,37.0,44.6,2.7,High,19,5890.0,0.589,137.9,0.431,1810.0,0.181,2026-05-31,"POLYGON ((73.833029 18.534115, 73.833976 18.534121, 73.83397 18.535024, 73.833023 18.535019, 73.833029 18.534115))"
PUNE_GRID_100M_0824,18.535473,73.833493,37.23,0.278,0.145,-0.4,Built-up,0.198,36.03,45.3,2.91,Medium,17,4500.0,0.45,125.4,0.392,2880.0,0.288,2026-05-31,"POLYGON ((73.833023 18.535019, 73.83397 18.535024, 73.833964 18.535928, 73.833017 18.535922, 73.833023 18.535019))"
PUNE_GRID_100M_0825,18.536377,73.833487,37.07,0.297,0.078,-0.4,Built-up,0.209,35.61,44.0,2.97,Medium,21,4400.0,0.44,121.0,0.378,3350.0,0.335,2026-05-31,"POLYGON ((73.833017 18.535922, 73.833964 18.535928, 73.833958 18.536832, 73.833011 18.536826, 73.833017 18.535922))"
PUNE_GRID_100M_0826,18.53728,73.833481,38.5,0.195,0.169,-0.4,Built-up,0.216,36.33,43.0,2.66,High,18,5280.0,0.528,126.4,0.395,2230.0,0.223,2026-05-31,"POLYGON ((73.833011 18.536826, 73.833958 18.536832, 73.833952 18.537735, 73.833004 18.537729, 73.833011 18.536826))"
PUNE_GRID_100M_0827,18.538184,73.833475,38.5,0.232,0.142,-0.326,Built-up,0.207,36.8,46.5,2.82,High,20,5280.0,0.528,125.8,0.393,2690.0,0.269,2026-05-31,"POLYGON ((73.833004 18.537729, 73.833952 18.537735, 73.833946 18.538639, 73.832998 18.538633, 73.833004 18.537729))"
PUNE_GRID_100M_0828,18.539088,73.833469,36.72,0.335,0.075,-0.333,Built-up,0.188,35.34,47.8,3.11,Medium,15,4160.0,0.416,123.8,0.387,3280.0,0.328,2026-05-31,"POLYGON ((73.832998 18.538633, 73.833946 18.538639, 73.83394 18.539542, 73.832992 18.539537, 73.832998 18.538633))"
PUNE_GRID_100M_0829,18.539991,73.833463,36.69,0.368,0.118,-0.35,Built-up,0.225,34.9,45.8,2.55,Medium,16,4140.0,0.414,105.9,0.331,4400.0,0.44,2026-05-31,"POLYGON ((73.832992 18.539537, 73.83394 18.539542, 73.833933 18.540446, 73.832986 18.54044, 73.832992 18.539537))"
PUNE_GRID_100M_0830,18.540895,73.833457,36.7,0.271,0.079,-0.363,Built-up,0.225,35.75,44.9,2.68,Medium,13,4140.0,0.414,95.0,0.297,3300.0,0.33,2026-05-31,"POLYGON ((73.832986 18.54044, 73.833933 18.540446, 73.833927 18.54135, 73.83298 18.541344, 73.832986 18.54044))"
PUNE_GRID_100M_0831,18.541799,73.833451,35.74,0.334,0.049,-0.4,Built-up,0.251,34.6,48.5,2.91,Medium,11,3540.0,0.354,66.6,0.208,4510.0,0.451,2026-05-31,"POLYGON ((73.83298 18.541344, 73.833927 18.54135, 73.833921 18.542253, 73.832974 18.542247, 73.83298 18.541344))"
PUNE_GRID_100M_0832,18.542702,73.833444,35.97,0.335,0.02,-0.36,Built-up,0.242,34.68,45.2,3.04,Medium,13,3670.0,0.367,93.1,0.291,5130.0,0.513,2026-05-31,"POLYGON ((73.832974 18.542247, 73.833921 18.542253, 73.833915 18.543157, 73.832968 18.543151, 73.832974 18.542247))"
PUNE_GRID_100M_0833,18.543606,73.833438,35.78,0.292,0.066,-0.328,Built-up,0.206,34.29,46.7,2.71,Medium,18,3550.0,0.355,95.7,0.299,4380.0,0.438,2026-05-31,"POLYGON ((73.832968 18.543151, 73.833915 18.543157, 73.833909 18.544061, 73.832962 18.544055, 73.832968 18.543151))"
PUNE_GRID_100M_0834,18.544509,73.833432,35.85,0.369,0.062,-0.4,Built-up,0.195,34.95,48.3,2.98,Medium,12,3600.0,0.36,78.4,0.245,4140.0,0.414,2026-05-31,"POLYGON ((73.832962 18.544055, 73.833909 18.544061, 73.833903 18.544964, 73.832955 18.544958, 73.832962 18.544055))"
PUNE_GRID_100M_0835,18.545413,73.833426,36.32,0.3,0.063,-0.343,Built-up,0.218,35.08,44.7,3.26,Medium,14,3880.0,0.388,97.0,0.303,4300.0,0.43,2026-05-31,"POLYGON ((73.832955 18.544958, 73.833903 18.544964, 73.833897 18.545868, 73.832949 18.545862, 73.832955 18.544958))"
PUNE_GRID_100M_0836,18.546317,73.83342,36.42,0.317,0.083,-0.267,Built-up,0.216,35.18,47.1,3.06,Medium,14,3940.0,0.394,89.9,0.281,4030.0,0.403,2026-05-31,"POLYGON ((73.832949 18.545862, 73.833897 18.545868, 73.83389 18.546771, 73.832943 18.546766, 73.832949 18.545862))"
PUNE_GRID_100M_0837,18.54722,73.833414,37.35,0.275,0.136,-0.351,Built-up,0.23,35.49,45.9,3.25,Medium,19,4510.0,0.451,105.9,0.331,3160.0,0.316,2026-05-31,"POLYGON ((73.832943 18.546766, 73.83389 18.546771, 73.833884 18.547675, 73.832937 18.547669, 73.832943 18.546766))"
PUNE_GRID_100M_0838,18.548124,73.833408,35.18,0.337,0.009,-0.283,Built-up,0.238,34.38,46.8,2.97,Medium,10,3160.0,0.316,43.8,0.137,4990.0,0.499,2026-05-31,"POLYGON ((73.832937 18.547669, 73.833884 18.547675, 73.833878 18.548579, 73.832931 18.548573, 73.832937 18.547669))"
PUNE_GRID_100M_0839,18.549028,73.833401,36.64,0.317,0.055,-0.361,Built-up,0.247,35.42,44.2,2.95,Medium,14,4060.0,0.406,94.7,0.296,5160.0,0.516,2026-05-31,"POLYGON ((73.832931 18.548573, 73.833878 18.548579, 73.833872 18.549482, 73.832925 18.549476, 73.832931 18.548573))"
PUNE_GRID_100M_0840,18.549931,73.833395,35.56,0.347,0.104,-0.343,Built-up,0.201,34.19,45.5,3.3,Medium,17,3380.0,0.338,93.4,0.292,4640.0,0.464,2026-05-31,"POLYGON ((73.832925 18.549476, 73.833872 18.549482, 73.833866 18.550386, 73.832919 18.55038, 73.832925 18.549476))"
PUNE_GRID_100M_0841,18.500238,73.834679,37.09,0.287,0.1,-0.4,Built-up,0.236,35.04,45.8,2.97,Medium,18,4390.0,0.439,97.3,0.304,2930.0,0.293,2026-05-31,"POLYGON ((73.834209 18.499783, 73.835156 18.499789, 73.83515 18.500692, 73.834203 18.500687, 73.834209 18.499783))"
PUNE_GRID_100M_0842,18.501141,73.834673,37.77,0.249,0.147,-0.369,Built-up,0.224,36.11,42.6,2.64,High,15,4830.0,0.483,116.5,0.364,3680.0,0.368,2026-05-31,"POLYGON ((73.834203 18.500687, 73.83515 18.500692, 73.835144 18.501596, 73.834197 18.50159, 73.834203 18.500687))"
PUNE_GRID_100M_0843,18.502045,73.834667,36.44,0.337,0.12,-0.365,Built-up,0.188,34.54,46.0,2.7,Medium,21,4000.0,0.4,86.4,0.27,4430.0,0.443,2026-05-31,"POLYGON ((73.834197 18.50159, 73.835144 18.501596, 73.835138 18.5025, 73.834191 18.502494, 73.834197 18.50159))"
PUNE_GRID_100M_0844,18.502949,73.834661,37.75,0.345,0.255,-0.4,Built-up,0.214,35.97,45.6,3.16,High,15,4820.0,0.482,120.3,0.376,2750.0,0.275,2026-05-31,"POLYGON ((73.834191 18.502494, 73.835138 18.5025, 73.835132 18.503403, 73.834185 18.503397, 73.834191 18.502494))"
PUNE_GRID_100M_0845,18.503852,73.834655,37.67,0.287,0.108,-0.327,Built-up,0.222,35.73,46.3,2.64,High,17,4780.0,0.478,112.0,0.35,2800.0,0.28,2026-05-31,"POLYGON ((73.834185 18.503397, 73.835132 18.503403, 73.835126 18.504307, 73.834178 18.504301, 73.834185 18.503397))"
PUNE_GRID_100M_0846,18.504756,73.834649,38.03,0.309,0.175,-0.4,Built-up,0.214,36.49,42.5,3.0,High,18,5000.0,0.5,107.8,0.337,3260.0,0.326,2026-05-31,"POLYGON ((73.834178 18.504301, 73.835126 18.504307, 73.835119 18.505211, 73.834172 18.505205, 73.834178 18.504301))"
PUNE_GRID_100M_0847,18.505659,73.834643,37.96,0.216,0.137,-0.4,Built-up,0.202,35.95,46.6,2.7,High,22,4960.0,0.496,136.0,0.425,2670.0,0.267,2026-05-31,"POLYGON ((73.834172 18.505205, 73.835119 18.505211, 73.835113 18.506114, 73.834166 18.506108, 73.834172 18.505205))"
PUNE_GRID_100M_0848,18.506563,73.834637,39.78,0.214,0.224,-0.4,Built-up,0.219,37.68,45.7,2.78,High,28,6100.0,0.61,158.4,0.495,640.0,0.064,2026-05-31,"POLYGON ((73.834166 18.506108, 73.835113 18.506114, 73.835107 18.507018, 73.83416 18.507012, 73.834166 18.506108))"
PUNE_GRID_100M_0849,18.507467,73.834631,37.39,0.247,0.111,-0.4,Built-up,0.202,35.52,45.7,2.83,Medium,14,4610.0,0.461,103.0,0.322,4140.0,0.414,2026-05-31,"POLYGON ((73.83416 18.507012, 73.835107 18.507018, 73.835101 18.507921, 73.834154 18.507916, 73.83416 18.507012))"
PUNE_GRID_100M_0850,18.50837,73.834624,37.55,0.227,0.106,-0.381,Built-up,0.233,36.08,43.4,2.33,High,21,4720.0,0.472,119.7,0.374,2980.0,0.298,2026-05-31,"POLYGON ((73.834154 18.507916, 73.835101 18.507921, 73.835095 18.508825, 73.834148 18.508819, 73.834154 18.507916))"
PUNE_GRID_100M_0851,18.509274,73.834618,37.55,0.256,0.139,-0.4,Built-up,0.227,36.4,44.5,2.45,High,16,4720.0,0.472,120.0,0.375,3750.0,0.375,2026-05-31,"POLYGON ((73.834148 18.508819, 73.835095 18.508825, 73.835089 18.509729, 73.834142 18.509723, 73.834148 18.508819))"
PUNE_GRID_100M_0852,18.510178,73.834612,37.67,0.329,0.101,-0.338,Built-up,0.207,35.55,44.8,2.75,High,20,4800.0,0.48,123.5,0.386,3550.0,0.355,2026-05-31,"POLYGON ((73.834142 18.509723, 73.835089 18.509729, 73.835083 18.510632, 73.834136 18.510626, 73.834142 18.509723))"
PUNE_GRID_100M_0853,18.511081,73.834606,37.67,0.32,0.174,-0.4,Built-up,0.238,35.96,45.3,2.57,High,24,4800.0,0.48,93.4,0.292,2920.0,0.292,2026-05-31,"POLYGON ((73.834136 18.510626, 73.835083 18.510632, 73.835077 18.511536, 73.834129 18.51153, 73.834136 18.510626))"
PUNE_GRID_100M_0854,18.511985,73.8346,39.19,0.238,0.215,-0.4,Built-up,0.205,37.76,43.7,2.91,High,31,5760.0,0.576,151.0,0.472,2240.0,0.224,2026-05-31,"POLYGON ((73.834129 18.51153, 73.835077 18.511536, 73.835071 18.51244, 73.834123 18.512434, 73.834129 18.51153))"
PUNE_GRID_100M_0855,18.512888,73.834594,39.43,0.159,0.237,-0.4,Built-up,0.207,37.12,43.9,2.38,High,23,5910.0,0.591,134.4,0.42,1570.0,0.157,2026-05-31,"POLYGON ((73.834123 18.512434, 73.835071 18.51244, 73.835064 18.513343, 73.834117 18.513337, 73.834123 18.512434))"
PUNE_GRID_100M_0856,18.513792,73.834588,37.89,0.266,0.141,-0.4,Built-up,0.192,36.04,44.6,2.81,High,15,4950.0,0.495,114.2,0.357,2230.0,0.223,2026-05-31,"POLYGON ((73.834117 18.513337, 73.835064 18.513343, 73.835058 18.514247, 73.834111 18.514241, 73.834117 18.513337))"
PUNE_GRID_100M_0857,18.514696,73.834582,37.72,0.292,0.136,-0.37,Built-up,0.247,36.14,45.2,2.41,High,20,4840.0,0.484,150.1,0.469,2580.0,0.258,2026-05-31,"POLYGON ((73.834111 18.514241, 73.835058 18.514247, 73.835052 18.51515, 73.834105 18.515145, 73.834111 18.514241))"
PUNE_GRID_100M_0858,18.515599,73.834575,38.8,0.249,0.205,-0.4,Built-up,0.185,36.67,43.3,2.61,High,23,5520.0,0.552,136.3,0.426,2360.0,0.236,2026-05-31,"POLYGON ((73.834105 18.515145, 73.835052 18.51515, 73.835046 18.516054, 73.834099 18.516048, 73.834105 18.515145))"
PUNE_GRID_100M_0859,18.516503,73.834569,38.01,0.196,0.126,-0.4,Built-up,0.233,35.59,44.1,2.46,High,22,5030.0,0.503,115.8,0.362,2700.0,0.27,2026-05-31,"POLYGON ((73.834099 18.516048, 73.835046 18.516054, 73.83504 18.516958, 73.834093 18.516952, 73.834099 18.516048))"
PUNE_GRID_100M_0860,18.517407,73.834563,38.99,0.2,0.194,-0.4,Built-up,0.19,37.13,42.9,3.05,High,22,5640.0,0.564,107.2,0.335,2230.0,0.223,2026-05-31,"POLYGON ((73.834093 18.516952, 73.83504 18.516958, 73.835034 18.517861, 73.834087 18.517855, 73.834093 18.516952))"
PUNE_GRID_100M_0861,18.51831,73.834557,38.66,0.244,0.164,-0.383,Built-up,0.201,35.96,46.9,2.4,High,22,5430.0,0.543,148.2,0.463,2640.0,0.264,2026-05-31,"POLYGON ((73.834087 18.517855, 73.835034 18.517861, 73.835028 18.518765, 73.83408 18.518759, 73.834087 18.517855))"
PUNE_GRID_100M_0862,18.519214,73.834551,37.29,0.316,0.101,-0.4,Built-up,0.234,35.48,47.4,2.64,Medium,15,4580.0,0.458,92.8,0.29,3590.0,0.359,2026-05-31,"POLYGON ((73.83408 18.518759, 73.835028 18.518765, 73.835022 18.519669, 73.834074 18.519663, 73.83408 18.518759))"
PUNE_GRID_100M_0863,18.520117,73.834545,39.75,0.121,0.175,-0.4,Built-up,0.224,37.69,44.0,2.32,High,24,6110.0,0.611,133.8,0.418,1300.0,0.13,2026-05-31,"POLYGON ((73.834074 18.519663, 73.835022 18.519669, 73.835015 18.520572, 73.834068 18.520566, 73.834074 18.519663))"
PUNE_GRID_100M_0864,18.521021,73.834539,39.95,0.195,0.288,-0.4,Built-up,0.169,37.36,45.0,2.99,High,24,6240.0,0.624,145.6,0.455,1680.0,0.168,2026-05-31,"POLYGON ((73.834068 18.520566, 73.835015 18.520572, 73.835009 18.521476, 73.834062 18.52147, 73.834068 18.520566))"
PUNE_GRID_100M_0865,18.521925,73.834533,38.01,0.275,0.14,-0.39,Built-up,0.231,35.9,45.8,2.75,High,25,5030.0,0.503,138.9,0.434,2750.0,0.275,2026-05-31,"POLYGON ((73.834062 18.52147, 73.835009 18.521476, 73.835003 18.522379, 73.834056 18.522374, 73.834062 18.52147))"
PUNE_GRID_100M_0866,18.522828,73.834527,38.17,0.298,0.203,-0.388,Built-up,0.219,36.48,44.7,2.7,High,16,5130.0,0.513,133.1,0.416,1610.0,0.161,2026-05-31,"POLYGON ((73.834056 18.522374, 73.835003 18.522379, 73.834997 18.523283, 73.83405 18.523277, 73.834056 18.522374))"
PUNE_GRID_100M_0867,18.523732,73.83452,38.69,0.274,0.223,-0.4,Built-up,0.186,36.33,41.8,2.97,High,25,5450.0,0.545,128.6,0.402,2520.0,0.252,2026-05-31,"POLYGON ((73.83405 18.523277, 73.834997 18.523283, 73.834991 18.524187, 73.834044 18.524181, 73.83405 18.523277))"
PUNE_GRID_100M_0868,18.524636,73.834514,38.7,0.269,0.153,-0.4,Built-up,0.236,36.22,43.6,2.71,High,28,5460.0,0.546,135.0,0.422,2430.0,0.243,2026-05-31,"POLYGON ((73.834044 18.524181, 73.834991 18.524187, 73.834985 18.52509, 73.834038 18.525084, 73.834044 18.524181))"
PUNE_GRID_100M_0869,18.525539,73.834508,38.93,0.205,0.169,-0.4,Built-up,0.188,36.83,43.4,2.73,High,20,5600.0,0.56,126.7,0.396,2220.0,0.222,2026-05-31,"POLYGON ((73.834038 18.525084, 73.834985 18.52509, 73.834979 18.525994, 73.834031 18.525988, 73.834038 18.525084))"
PUNE_GRID_100M_0870,18.526443,73.834502,39.97,0.125,0.325,-0.39,Built-up,0.172,37.42,41.3,2.72,High,23,6240.0,0.624,151.7,0.474,1690.0,0.169,2026-05-31,"POLYGON ((73.834031 18.525988, 73.834979 18.525994, 73.834973 18.526898, 73.834025 18.526892, 73.834031 18.525988))"
PUNE_GRID_100M_0871,18.527346,73.834496,38.17,0.248,0.22,-0.337,Built-up,0.208,35.85,42.2,2.81,High,21,5120.0,0.512,123.8,0.387,2450.0,0.245,2026-05-31,"POLYGON ((73.834025 18.526892, 73.834973 18.526898, 73.834966 18.527801, 73.834019 18.527795, 73.834025 18.526892))"
PUNE_GRID_100M_0872,18.52825,73.83449,37.62,0.323,0.142,-0.315,Built-up,0.202,36.03,45.6,2.61,High,19,4770.0,0.477,127.0,0.397,3170.0,0.317,2026-05-31,"POLYGON ((73.834019 18.527795, 73.834966 18.527801, 73.83496 18.528705, 73.834013 18.528699, 73.834019 18.527795))"
PUNE_GRID_100M_0873,18.529154,73.834484,37.1,0.357,0.127,-0.4,Built-up,0.221,35.61,45.8,2.67,Medium,15,4440.0,0.444,119.0,0.372,2820.0,0.282,2026-05-31,"POLYGON ((73.834013 18.528699, 73.83496 18.528705, 73.834954 18.529608, 73.834007 18.529603, 73.834013 18.528699))"
PUNE_GRID_100M_0874,18.530057,73.834478,37.55,0.314,0.121,-0.4,Built-up,0.222,35.68,43.2,2.89,High,22,4730.0,0.473,120.0,0.375,3310.0,0.331,2026-05-31,"POLYGON ((73.834007 18.529603, 73.834954 18.529608, 73.834948 18.530512, 73.834001 18.530506, 73.834007 18.529603))"
PUNE_GRID_100M_0875,18.530961,73.834471,38.04,0.286,0.175,-0.4,Built-up,0.206,36.04,43.4,2.79,High,17,5030.0,0.503,116.2,0.363,3660.0,0.366,2026-05-31,"POLYGON ((73.834001 18.530506, 73.834948 18.530512, 73.834942 18.531416, 73.833995 18.53141, 73.834001 18.530506))"
PUNE_GRID_100M_0876,18.531865,73.834465,39.43,0.235,0.203,-0.4,Built-up,0.216,37.24,45.2,2.73,High,21,5900.0,0.59,151.0,0.472,1290.0,0.129,2026-05-31,"POLYGON ((73.833995 18.53141, 73.834942 18.531416, 73.834936 18.532319, 73.833989 18.532313, 73.833995 18.53141))"
PUNE_GRID_100M_0877,18.532768,73.834459,37.51,0.265,0.077,-0.391,Built-up,0.223,36.11,43.7,2.48,High,19,4690.0,0.469,111.4,0.348,2960.0,0.296,2026-05-31,"POLYGON ((73.833989 18.532313, 73.834936 18.532319, 73.83493 18.533223, 73.833982 18.533217, 73.833989 18.532313))"
PUNE_GRID_100M_0878,18.533672,73.834453,38.02,0.264,0.121,-0.333,Built-up,0.222,36.03,44.8,3.08,High,20,5000.0,0.5,106.2,0.332,2720.0,0.272,2026-05-31,"POLYGON ((73.833982 18.533217, 73.83493 18.533223, 73.834924 18.534127, 73.833976 18.534121, 73.833982 18.533217))"
PUNE_GRID_100M_0879,18.534575,73.834447,37.74,0.346,0.149,-0.366,Built-up,0.23,36.11,44.5,2.66,High,22,4830.0,0.483,110.7,0.346,3180.0,0.318,2026-05-31,"POLYGON ((73.833976 18.534121, 73.834924 18.534127, 73.834918 18.53503, 73.83397 18.535024, 73.833976 18.534121))"
PUNE_GRID_100M_0880,18.535479,73.834441,38.61,0.211,0.154,-0.4,Built-up,0.224,36.7,44.9,3.0,High,18,5370.0,0.537,129.9,0.406,1990.0,0.199,2026-05-31,"POLYGON ((73.83397 18.535024, 73.834918 18.53503, 73.834911 18.535934, 73.833964 18.535928, 73.83397 18.535024))"
PUNE_GRID_100M_0881,18.536383,73.834435,39.59,0.279,0.23,-0.4,Built-up,0.21,37.48,42.0,2.86,High,23,5970.0,0.597,154.9,0.484,1750.0,0.175,2026-05-31,"POLYGON ((73.833964 18.535928, 73.834911 18.535934, 73.834905 18.536837, 73.833958 18.536832, 73.833964 18.535928))"
PUNE_GRID_100M_0882,18.537286,73.834429,37.04,0.291,0.085,-0.4,Built-up,0.207,35.44,45.5,2.58,Medium,19,4380.0,0.438,102.7,0.321,4000.0,0.4,2026-05-31,"POLYGON ((73.833958 18.536832, 73.834905 18.536837, 73.834899 18.537741, 73.833952 18.537735, 73.833958 18.536832))"
PUNE_GRID_100M_0883,18.53819,73.834422,36.98,0.359,0.091,-0.374,Built-up,0.231,35.11,45.7,3.11,Medium,16,4330.0,0.433,88.3,0.276,4060.0,0.406,2026-05-31,"POLYGON ((73.833952 18.537735, 73.834899 18.537741, 73.834893 18.538645, 73.833946 18.538639, 73.833952 18.537735))"
PUNE_GRID_100M_0884,18.539094,73.834416,38.1,0.21,0.19,-0.391,Built-up,0.193,36.03,44.9,2.92,High,15,5030.0,0.503,121.6,0.38,2120.0,0.212,2026-05-31,"POLYGON ((73.833946 18.538639, 73.834893 18.538645, 73.834887 18.539548, 73.83394 18.539542, 73.833946 18.538639))"
PUNE_GRID_100M_0885,18.539997,73.83441,37.7,0.304,0.154,-0.392,Built-up,0.193,35.99,45.0,3.16,High,19,4780.0,0.478,116.2,0.363,3530.0,0.353,2026-05-31,"POLYGON ((73.83394 18.539542, 73.834887 18.539548, 73.834881 18.540452, 73.833933 18.540446, 73.83394 18.539542))"
PUNE_GRID_100M_0886,18.540901,73.834404,38.53,0.222,0.184,-0.4,Built-up,0.206,37.02,44.7,2.87,High,17,5290.0,0.529,129.3,0.404,2870.0,0.287,2026-05-31,"POLYGON ((73.833933 18.540446, 73.834881 18.540452, 73.834875 18.541356, 73.833927 18.54135, 73.833933 18.540446))"
PUNE_GRID_100M_0887,18.541804,73.834398,37.4,0.234,0.159,-0.381,Built-up,0.198,35.53,48.4,3.07,Medium,20,4580.0,0.458,121.6,0.38,3610.0,0.361,2026-05-31,"POLYGON ((73.833927 18.54135, 73.834875 18.541356, 73.834869 18.542259, 73.833921 18.542253, 73.833927 18.54135))"
PUNE_GRID_100M_0888,18.542708,73.834392,36.53,0.33,0.108,-0.372,Built-up,0.232,35.31,49.6,2.59,Medium,21,4030.0,0.403,109.8,0.343,4090.0,0.409,2026-05-31,"POLYGON ((73.833921 18.542253, 73.834869 18.542259, 73.834862 18.543163, 73.833915 18.543157, 73.833921 18.542253))"
PUNE_GRID_100M_0889,18.543612,73.834386,37.18,0.339,0.166,-0.4,Built-up,0.222,35.43,44.3,2.87,Medium,21,4430.0,0.443,98.6,0.308,3730.0,0.373,2026-05-31,"POLYGON ((73.833915 18.543157, 73.834862 18.543163, 73.834856 18.544066, 73.833909 18.544061, 73.833915 18.543157))"
PUNE_GRID_100M_0890,18.544515,73.83438,37.47,0.255,0.122,-0.4,Built-up,0.19,35.76,41.5,2.73,Medium,19,4610.0,0.461,102.7,0.321,3840.0,0.384,2026-05-31,"POLYGON ((73.833909 18.544061, 73.834856 18.544066, 73.83485 18.54497, 73.833903 18.544964, 73.833909 18.544061))"
PUNE_GRID_100M_0891,18.545419,73.834373,37.12,0.241,0.108,-0.359,Built-up,0.208,35.94,46.2,2.93,Medium,20,4390.0,0.439,92.2,0.288,4520.0,0.452,2026-05-31,"POLYGON ((73.833903 18.544964, 73.83485 18.54497, 73.834844 18.545874, 73.833897 18.545868, 73.833903 18.544964))"
PUNE_GRID_100M_0892,18.546323,73.834367,36.75,0.31,0.065,-0.388,Built-up,0.206,35.45,45.9,3.12,Medium,23,4150.0,0.415,108.5,0.339,3450.0,0.345,2026-05-31,"POLYGON ((73.833897 18.545868, 73.834844 18.545874, 73.834838 18.546777, 73.83389 18.546771, 73.833897 18.545868))"
PUNE_GRID_100M_0893,18.547226,73.834361,37.07,0.299,0.105,-0.313,Built-up,0.214,35.08,46.9,2.93,Medium,14,4340.0,0.434,122.6,0.383,3940.0,0.394,2026-05-31,"POLYGON ((73.83389 18.546771, 73.834838 18.546777, 73.834832 18.547681, 73.833884 18.547675, 73.83389 18.546771))"
PUNE_GRID_100M_0894,18.54813,73.834355,37.03,0.326,0.145,-0.383,Built-up,0.221,35.25,45.8,3.24,Medium,14,4310.0,0.431,99.5,0.311,3720.0,0.372,2026-05-31,"POLYGON ((73.833884 18.547675, 73.834832 18.547681, 73.834826 18.548585, 73.833878 18.548579, 73.833884 18.547675))"
PUNE_GRID_100M_0895,18.549033,73.834349,37.07,0.341,0.157,-0.4,Built-up,0.208,35.83,45.4,2.92,Medium,15,4330.0,0.433,100.8,0.315,3670.0,0.367,2026-05-31,"POLYGON ((73.833878 18.548579, 73.834826 18.548585, 73.834819 18.549488, 73.833872 18.549482, 73.833878 18.548579))"
PUNE_GRID_100M_0896,18.549937,73.834343,36.35,0.325,0.115,-0.397,Built-up,0.21,34.99,47.6,3.29,Medium,19,3880.0,0.388,112.0,0.35,3460.0,0.346,2026-05-31,"POLYGON ((73.833872 18.549482, 73.834819 18.549488, 73.834813 18.550392, 73.833866 18.550386, 73.833872 18.549482))"
PUNE_GRID_100M_0897,18.500243,73.835627,37.12,0.375,0.067,-0.374,Built-up,0.247,35.14,47.2,3.14,Medium,22,4420.0,0.442,112.6,0.352,3410.0,0.341,2026-05-31,"POLYGON ((73.835156 18.499789, 73.836103 18.499795, 73.836097 18.500698, 73.83515 18.500692, 73.835156 18.499789))"
PUNE_GRID_100M_0898,18.501147,73.83562,37.48,0.297,0.169,-0.4,Built-up,0.175,35.49,42.9,3.06,Medium,24,4650.0,0.465,117.1,0.366,2850.0,0.285,2026-05-31,"POLYGON ((73.83515 18.500692, 73.836097 18.500698, 73.836091 18.501602, 73.835144 18.501596, 73.83515 18.500692))"
PUNE_GRID_100M_0899,18.502051,73.835614,38.43,0.241,0.124,-0.4,Built-up,0.236,36.61,43.0,2.77,High,18,5250.0,0.525,110.7,0.346,2530.0,0.253,2026-05-31,"POLYGON ((73.835144 18.501596, 73.836091 18.501602, 73.836085 18.502505, 73.835138 18.5025, 73.835144 18.501596))"
PUNE_GRID_100M_0900,18.502954,73.835608,36.92,0.243,0.138,-0.37,Built-up,0.207,35.64,45.3,2.4,Medium,13,4310.0,0.431,112.0,0.35,3200.0,0.32,2026-05-31,"POLYGON ((73.835138 18.5025, 73.836085 18.502505, 73.836079 18.503409, 73.835132 18.503403, 73.835138 18.5025))"
PUNE_GRID_100M_0901,18.503858,73.835602,37.97,0.261,0.148,-0.367,Built-up,0.212,36.08,44.8,2.92,High,20,4970.0,0.497,107.5,0.336,2840.0,0.284,2026-05-31,"POLYGON ((73.835132 18.503403, 73.836079 18.503409, 73.836073 18.504313, 73.835126 18.504307, 73.835132 18.503403))"
PUNE_GRID_100M_0902,18.504762,73.835596,37.46,0.275,0.157,-0.383,Built-up,0.204,36.46,44.7,2.76,Medium,23,4650.0,0.465,97.0,0.303,3280.0,0.328,2026-05-31,"POLYGON ((73.835126 18.504307, 73.836073 18.504313, 73.836067 18.505216, 73.835119 18.505211, 73.835126 18.504307))"
PUNE_GRID_100M_0903,18.505665,73.83559,37.89,0.312,0.115,-0.32,Built-up,0.242,36.27,45.3,2.58,High,19,4930.0,0.493,113.9,0.356,3040.0,0.304,2026-05-31,"POLYGON ((73.835119 18.505211, 73.836067 18.505216, 73.83606 18.50612, 73.835113 18.506114, 73.835119 18.505211))"
PUNE_GRID_100M_0904,18.506569,73.835584,38.98,0.254,0.239,-0.4,Built-up,0.179,36.71,45.3,2.65,High,24,5610.0,0.561,127.0,0.397,1550.0,0.155,2026-05-31,"POLYGON ((73.835113 18.506114, 73.83606 18.50612, 73.836054 18.507024, 73.835107 18.507018, 73.835113 18.506114))"
PUNE_GRID_100M_0905,18.507472,73.835578,38.2,0.216,0.125,-0.316,Built-up,0.218,36.0,47.0,3.03,High,22,5120.0,0.512,120.0,0.375,2180.0,0.218,2026-05-31,"POLYGON ((73.835107 18.507018, 73.836054 18.507024, 73.836048 18.507927, 73.835101 18.507921, 73.835107 18.507018))"
PUNE_GRID_100M_0906,18.508376,73.835572,38.16,0.271,0.147,-0.4,Built-up,0.221,35.92,45.3,2.5,High,19,5110.0,0.511,104.3,0.326,3060.0,0.306,2026-05-31,"POLYGON ((73.835101 18.507921, 73.836048 18.507927, 73.836042 18.508831, 73.835095 18.508825, 73.835101 18.507921))"
PUNE_GRID_100M_0907,18.50928,73.835566,37.11,0.328,0.09,-0.4,Built-up,0.2,35.58,44.0,2.81,Medium,15,4450.0,0.445,119.0,0.372,3120.0,0.312,2026-05-31,"POLYGON ((73.835095 18.508825, 73.836042 18.508831, 73.836036 18.509734, 73.835089 18.509729, 73.835095 18.508825))"
PUNE_GRID_100M_0908,18.510183,73.835559,38.87,0.301,0.147,-0.4,Built-up,0.2,36.56,43.7,2.75,High,28,5560.0,0.556,147.8,0.462,2480.0,0.248,2026-05-31,"POLYGON ((73.835089 18.509729, 73.836036 18.509734, 73.83603 18.510638, 73.835083 18.510632, 73.835089 18.509729))"
PUNE_GRID_100M_0909,18.511087,73.835553,38.86,0.275,0.202,-0.4,Built-up,0.201,37.2,43.8,2.62,High,30,5550.0,0.555,108.2,0.338,2530.0,0.253,2026-05-31,"POLYGON ((73.835083 18.510632, 73.83603 18.510638, 73.836024 18.511542, 73.835077 18.511536, 73.835083 18.510632))"
PUNE_GRID_100M_0910,18.511991,73.835547,40.13,0.226,0.31,-0.4,Built-up,0.171,38.03,43.7,2.81,High,19,6350.0,0.635,164.8,0.515,1350.0,0.135,2026-05-31,"POLYGON ((73.835077 18.511536, 73.836024 18.511542, 73.836018 18.512445, 73.835071 18.51244, 73.835077 18.511536))"
PUNE_GRID_100M_0911,18.512894,73.835541,38.21,0.265,0.249,-0.4,Built-up,0.183,36.44,45.0,3.0,High,24,5150.0,0.515,113.3,0.354,3350.0,0.335,2026-05-31,"POLYGON ((73.835071 18.51244, 73.836018 18.512445, 73.836012 18.513349, 73.835064 18.513343, 73.835071 18.51244))"
PUNE_GRID_100M_0912,18.513798,73.835535,38.68,0.262,0.194,-0.4,Built-up,0.2,36.22,47.1,2.61,High,29,5450.0,0.545,141.8,0.443,2100.0,0.21,2026-05-31,"POLYGON ((73.835064 18.513343, 73.836012 18.513349, 73.836005 18.514253, 73.835058 18.514247, 73.835064 18.513343))"
PUNE_GRID_100M_0913,18.514702,73.835529,38.75,0.294,0.227,-0.4,Built-up,0.209,36.42,43.3,2.61,High,26,5490.0,0.549,130.9,0.409,2050.0,0.205,2026-05-31,"POLYGON ((73.835058 18.514247, 73.836005 18.514253, 73.835999 18.515156, 73.835052 18.51515, 73.835058 18.514247))"
PUNE_GRID_100M_0914,18.515605,73.835523,39.85,0.152,0.25,-0.4,Built-up,0.19,37.77,43.7,2.78,High,33,6180.0,0.618,148.8,0.465,1770.0,0.177,2026-05-31,"POLYGON ((73.835052 18.51515, 73.835999 18.515156, 73.835993 18.51606, 73.835046 18.516054, 73.835052 18.51515))"
PUNE_GRID_100M_0915,18.516509,73.835517,38.55,0.237,0.2,-0.4,Built-up,0.22,36.32,47.7,2.83,High,22,5370.0,0.537,126.4,0.395,2650.0,0.265,2026-05-31,"POLYGON ((73.835046 18.516054, 73.835993 18.51606, 73.835987 18.516963, 73.83504 18.516958, 73.835046 18.516054))"
PUNE_GRID_100M_0916,18.517412,73.83551,38.87,0.209,0.189,-0.4,Built-up,0.191,37.05,43.0,2.62,High,19,5570.0,0.557,149.1,0.466,1960.0,0.196,2026-05-31,"POLYGON ((73.83504 18.516958, 73.835987 18.516963, 73.835981 18.517867, 73.835034 18.517861, 73.83504 18.516958))"
PUNE_GRID_100M_0917,18.518316,73.835504,39.15,0.245,0.218,-0.4,Built-up,0.182,37.05,43.9,2.58,High,25,5750.0,0.575,122.2,0.382,2660.0,0.266,2026-05-31,"POLYGON ((73.835034 18.517861, 73.835981 18.517867, 73.835975 18.518771, 73.835028 18.518765, 73.835034 18.517861))"
PUNE_GRID_100M_0918,18.51922,73.835498,38.83,0.29,0.213,-0.4,Built-up,0.231,36.7,42.5,2.19,High,22,5550.0,0.555,141.1,0.441,2040.0,0.204,2026-05-31,"POLYGON ((73.835028 18.518765, 73.835975 18.518771, 73.835969 18.519674, 73.835022 18.519669, 73.835028 18.518765))"
PUNE_GRID_100M_0919,18.520123,73.835492,38.33,0.235,0.157,-0.341,Built-up,0.202,36.12,44.5,2.48,High,19,5230.0,0.523,139.5,0.436,2480.0,0.248,2026-05-31,"POLYGON ((73.835022 18.519669, 73.835969 18.519674, 73.835963 18.520578, 73.835015 18.520572, 73.835022 18.519669))"
PUNE_GRID_100M_0920,18.521027,73.835486,38.84,0.145,0.195,-0.4,Built-up,0.185,36.66,42.8,2.41,High,22,5550.0,0.555,142.4,0.445,2120.0,0.212,2026-05-31,"POLYGON ((73.835015 18.520572, 73.835963 18.520578, 73.835957 18.521482, 73.835009 18.521476, 73.835015 18.520572))"
PUNE_GRID_100M_0921,18.521931,73.83548,39.53,0.2,0.227,-0.4,Built-up,0.173,37.23,44.9,2.78,High,19,5980.0,0.598,173.1,0.541,1020.0,0.102,2026-05-31,"POLYGON ((73.835009 18.521476, 73.835957 18.521482, 73.83595 18.522385, 73.835003 18.522379, 73.835009 18.521476))"
PUNE_GRID_100M_0922,18.522834,73.835474,37.83,0.312,0.177,-0.4,Built-up,0.224,36.29,45.0,2.59,High,16,4920.0,0.492,111.4,0.348,3070.0,0.307,2026-05-31,"POLYGON ((73.835003 18.522379, 73.83595 18.522385, 73.835944 18.523289, 73.834997 18.523283, 73.835003 18.522379))"
PUNE_GRID_100M_0923,18.523738,73.835468,38.74,0.266,0.161,-0.355,Built-up,0.206,36.35,42.6,2.59,High,30,5490.0,0.549,144.0,0.45,2720.0,0.272,2026-05-31,"POLYGON ((73.834997 18.523283, 73.835944 18.523289, 73.835938 18.524193, 73.834991 18.524187, 73.834997 18.523283))"
PUNE_GRID_100M_0924,18.524641,73.835462,38.04,0.286,0.16,-0.349,Built-up,0.207,36.05,45.8,2.65,High,17,5050.0,0.505,120.0,0.375,3000.0,0.3,2026-05-31,"POLYGON ((73.834991 18.524187, 73.835938 18.524193, 73.835932 18.525096, 73.834985 18.52509, 73.834991 18.524187))"
PUNE_GRID_100M_0925,18.525545,73.835455,39.52,0.206,0.286,-0.4,Built-up,0.186,37.18,43.7,2.48,High,24,5970.0,0.597,159.0,0.497,1550.0,0.155,2026-05-31,"POLYGON ((73.834985 18.52509, 73.835932 18.525096, 73.835926 18.526, 73.834979 18.525994, 73.834985 18.52509))"
PUNE_GRID_100M_0926,18.526449,73.835449,37.3,0.243,0.163,-0.4,Built-up,0.226,35.81,46.6,2.97,Medium,14,4590.0,0.459,110.1,0.344,3310.0,0.331,2026-05-31,"POLYGON ((73.834979 18.525994, 73.835926 18.526, 73.83592 18.526903, 73.834973 18.526898, 73.834979 18.525994))"
PUNE_GRID_100M_0927,18.527352,73.835443,38.03,0.29,0.202,-0.4,Built-up,0.201,35.85,42.9,2.93,High,20,5040.0,0.504,115.8,0.362,3010.0,0.301,2026-05-31,"POLYGON ((73.834973 18.526898, 73.83592 18.526903, 73.835914 18.527807, 73.834966 18.527801, 73.834973 18.526898))"
PUNE_GRID_100M_0928,18.528256,73.835437,38.72,0.211,0.193,-0.395,Built-up,0.24,36.21,44.6,3.0,High,17,5470.0,0.547,147.8,0.462,2440.0,0.244,2026-05-31,"POLYGON ((73.834966 18.527801, 73.835914 18.527807, 73.835908 18.528711, 73.83496 18.528705, 73.834966 18.527801))"
PUNE_GRID_100M_0929,18.52916,73.835431,39.61,0.301,0.242,-0.4,Built-up,0.198,37.43,44.5,2.83,High,21,6020.0,0.602,138.2,0.432,1930.0,0.193,2026-05-31,"POLYGON ((73.83496 18.528705, 73.835908 18.528711, 73.835902 18.529614, 73.834954 18.529608, 73.83496 18.528705))"
PUNE_GRID_100M_0930,18.530063,73.835425,38.24,0.284,0.201,-0.4,Built-up,0.22,35.81,43.8,2.7,High,24,5160.0,0.516,105.6,0.33,2720.0,0.272,2026-05-31,"POLYGON ((73.834954 18.529608, 73.835902 18.529614, 73.835895 18.530518, 73.834948 18.530512, 73.834954 18.529608))"
PUNE_GRID_100M_0931,18.530967,73.835419,37.78,0.254,0.197,-0.4,Built-up,0.217,36.33,42.9,3.04,High,19,4870.0,0.487,110.4,0.345,3220.0,0.322,2026-05-31,"POLYGON ((73.834948 18.530512, 73.835895 18.530518, 73.835889 18.531422, 73.834942 18.531416, 73.834948 18.530512))"
PUNE_GRID_100M_0932,18.53187,73.835413,39.65,0.188,0.176,-0.4,Built-up,0.208,37.21,43.2,2.59,High,18,6040.0,0.604,153.0,0.478,1720.0,0.172,2026-05-31,"POLYGON ((73.834942 18.531416, 73.835889 18.531422, 73.835883 18.532325, 73.834936 18.532319, 73.834942 18.531416))"
PUNE_GRID_100M_0933,18.532774,73.835406,36.91,0.304,0.071,-0.319,Built-up,0.218,34.87,47.3,2.56,Medium,14,4320.0,0.432,121.6,0.38,3140.0,0.314,2026-05-31,"POLYGON ((73.834936 18.532319, 73.835883 18.532325, 73.835877 18.533229, 73.83493 18.533223, 73.834936 18.532319))"
PUNE_GRID_100M_0934,18.533678,73.8354,36.22,0.323,0.119,-0.4,Built-up,0.224,34.71,47.7,2.63,Medium,20,3890.0,0.389,94.7,0.296,4290.0,0.429,2026-05-31,"POLYGON ((73.83493 18.533223, 73.835877 18.533229, 73.835871 18.534132, 73.834924 18.534127, 73.83493 18.533223))"
PUNE_GRID_100M_0935,18.534581,73.835394,38.25,0.306,0.163,-0.365,Built-up,0.218,36.39,43.8,2.87,High,18,5150.0,0.515,140.5,0.439,1670.0,0.167,2026-05-31,"POLYGON ((73.834924 18.534127, 73.835871 18.534132, 73.835865 18.535036, 73.834918 18.53503, 73.834924 18.534127))"
PUNE_GRID_100M_0936,18.535485,73.835388,37.4,0.298,0.113,-0.4,Built-up,0.211,35.52,43.2,2.63,Medium,20,4620.0,0.462,93.4,0.292,3700.0,0.37,2026-05-31,"POLYGON ((73.834918 18.53503, 73.835865 18.535036, 73.835859 18.53594, 73.834911 18.535934, 73.834918 18.53503))"
PUNE_GRID_100M_0937,18.536389,73.835382,36.89,0.28,0.072,-0.4,Built-up,0.23,35.33,44.8,2.77,Medium,23,4290.0,0.429,97.3,0.304,4060.0,0.406,2026-05-31,"POLYGON ((73.834911 18.535934, 73.835859 18.53594, 73.835853 18.536843, 73.834905 18.536837, 73.834911 18.535934))"
PUNE_GRID_100M_0938,18.537292,73.835376,38.17,0.34,0.151,-0.369,Built-up,0.231,36.44,43.8,2.5,High,21,5090.0,0.509,118.4,0.37,3100.0,0.31,2026-05-31,"POLYGON ((73.834905 18.536837, 73.835853 18.536843, 73.835846 18.537747, 73.834899 18.537741, 73.834905 18.536837))"
PUNE_GRID_100M_0939,18.538196,73.83537,37.69,0.283,0.104,-0.346,Built-up,0.252,35.82,45.5,2.93,High,22,4790.0,0.479,113.6,0.355,2990.0,0.299,2026-05-31,"POLYGON ((73.834899 18.537741, 73.835846 18.537747, 73.83584 18.538651, 73.834893 18.538645, 73.834899 18.537741))"
PUNE_GRID_100M_0940,18.539099,73.835364,36.94,0.338,0.175,-0.377,Built-up,0.221,35.08,45.3,2.55,Medium,14,4310.0,0.431,104.6,0.327,3830.0,0.383,2026-05-31,"POLYGON ((73.834893 18.538645, 73.83584 18.538651, 73.835834 18.539554, 73.834887 18.539548, 73.834893 18.538645))"
PUNE_GRID_100M_0941,18.540003,73.835357,36.26,0.307,0.081,-0.4,Built-up,0.253,34.79,44.9,2.68,Medium,17,3880.0,0.388,102.1,0.319,4730.0,0.473,2026-05-31,"POLYGON ((73.834887 18.539548, 73.835834 18.539554, 73.835828 18.540458, 73.834881 18.540452, 73.834887 18.539548))"
PUNE_GRID_100M_0942,18.540907,73.835351,37.87,0.289,0.152,-0.4,Built-up,0.203,36.43,46.4,3.13,High,16,4880.0,0.488,111.4,0.348,3640.0,0.364,2026-05-31,"POLYGON ((73.834881 18.540452, 73.835828 18.540458, 73.835822 18.541361, 73.834875 18.541356, 73.834881 18.540452))"
PUNE_GRID_100M_0943,18.54181,73.835345,37.58,0.297,0.159,-0.372,Built-up,0.222,36.31,45.1,3.14,High,26,4700.0,0.47,114.6,0.358,3210.0,0.321,2026-05-31,"POLYGON ((73.834875 18.541356, 73.835822 18.541361, 73.835816 18.542265, 73.834869 18.542259, 73.834875 18.541356))"
PUNE_GRID_100M_0944,18.542714,73.835339,36.86,0.234,0.138,-0.4,Built-up,0.235,34.7,46.2,3.0,Medium,19,4240.0,0.424,101.1,0.316,3870.0,0.387,2026-05-31,"POLYGON ((73.834869 18.542259, 73.835816 18.542265, 73.83581 18.543169, 73.834862 18.543163, 73.834869 18.542259))"
PUNE_GRID_100M_0945,18.543618,73.835333,38.3,0.34,0.202,-0.4,Built-up,0.19,36.64,41.8,3.0,High,24,5140.0,0.514,111.4,0.348,3260.0,0.326,2026-05-31,"POLYGON ((73.834862 18.543163, 73.83581 18.543169, 73.835804 18.544072, 73.834856 18.544066, 73.834862 18.543163))"
PUNE_GRID_100M_0946,18.544521,73.835327,35.84,0.397,0.095,-0.365,Built-up,0.216,34.66,42.7,2.86,Medium,16,3600.0,0.36,84.8,0.265,4000.0,0.4,2026-05-31,"POLYGON ((73.834856 18.544066, 73.835804 18.544072, 73.835798 18.544976, 73.83485 18.54497, 73.834856 18.544066))"
PUNE_GRID_100M_0947,18.545425,73.835321,35.36,0.347,0.022,-0.395,Built-up,0.262,34.53,44.6,2.83,Medium,17,3290.0,0.329,77.1,0.241,4860.0,0.486,2026-05-31,"POLYGON ((73.83485 18.54497, 73.835798 18.544976, 73.835791 18.54588, 73.834844 18.545874, 73.83485 18.54497))"
PUNE_GRID_100M_0948,18.546328,73.835315,35.9,0.299,0.057,-0.283,Built-up,0.215,34.46,45.6,2.94,Medium,17,3620.0,0.362,84.8,0.265,5120.0,0.512,2026-05-31,"POLYGON ((73.834844 18.545874, 73.835791 18.54588, 73.835785 18.546783, 73.834838 18.546777, 73.834844 18.545874))"
PUNE_GRID_100M_0949,18.547232,73.835308,36.29,0.344,0.106,-0.315,Built-up,0.201,34.37,46.8,2.73,Medium,14,3860.0,0.386,93.1,0.291,4660.0,0.466,2026-05-31,"POLYGON ((73.834838 18.546777, 73.835785 18.546783, 73.835779 18.547687, 73.834832 18.547681, 73.834838 18.546777))"
PUNE_GRID_100M_0950,18.548136,73.835302,36.39,0.33,0.072,-0.349,Built-up,0.25,35.15,42.4,3.1,Medium,17,3920.0,0.392,95.0,0.297,4340.0,0.434,2026-05-31,"POLYGON ((73.834832 18.547681, 73.835779 18.547687, 73.835773 18.54859, 73.834826 18.548585, 73.834832 18.547681))"
PUNE_GRID_100M_0951,18.549039,73.835296,35.87,0.359,0.064,-0.308,Built-up,0.246,34.33,48.7,3.08,Medium,15,3590.0,0.359,80.6,0.252,4050.0,0.405,2026-05-31,"POLYGON ((73.834826 18.548585, 73.835773 18.54859, 73.835767 18.549494, 73.834819 18.549488, 73.834826 18.548585))"
PUNE_GRID_100M_0952,18.549943,73.83529,36.21,0.34,0.091,-0.383,Built-up,0.23,34.43,46.3,2.91,Medium,16,3800.0,0.38,107.5,0.336,4170.0,0.417,2026-05-31,"POLYGON ((73.834819 18.549488, 73.835767 18.549494, 73.835761 18.550398, 73.834813 18.550392, 73.834819 18.549488))"
PUNE_GRID_100M_0953,18.500249,73.836574,36.37,0.347,0.11,-0.356,Built-up,0.22,34.56,47.9,3.17,Medium,13,3960.0,0.396,80.0,0.25,4050.0,0.405,2026-05-31,"POLYGON ((73.836103 18.499795, 73.83705 18.4998, 73.837044 18.500704, 73.836097 18.500698, 73.836103 18.499795))"
PUNE_GRID_100M_0954,18.501153,73.836568,38.64,0.305,0.135,-0.33,Built-up,0.209,36.73,42.8,2.96,High,17,5380.0,0.538,120.0,0.375,2630.0,0.263,2026-05-31,"POLYGON ((73.836097 18.500698, 73.837044 18.500704, 73.837038 18.501608, 73.836091 18.501602, 73.836097 18.500698))"
PUNE_GRID_100M_0955,18.502057,73.836562,37.53,0.309,0.16,-0.4,Built-up,0.215,35.81,45.7,2.96,High,18,4690.0,0.469,148.2,0.463,2600.0,0.26,2026-05-31,"POLYGON ((73.836091 18.501602, 73.837038 18.501608, 73.837032 18.502511, 73.836085 18.502505, 73.836091 18.501602))"
PUNE_GRID_100M_0956,18.50296,73.836555,38.6,0.207,0.18,-0.4,Built-up,0.231,36.75,44.2,2.7,High,23,5360.0,0.536,115.2,0.36,2150.0,0.215,2026-05-31,"POLYGON ((73.836085 18.502505, 73.837032 18.502511, 73.837026 18.503415, 73.836079 18.503409, 73.836085 18.502505))"
PUNE_GRID_100M_0957,18.503864,73.836549,38.08,0.322,0.185,-0.4,Built-up,0.21,36.36,45.8,2.78,High,25,5040.0,0.504,103.7,0.324,2160.0,0.216,2026-05-31,"POLYGON ((73.836079 18.503409, 73.837026 18.503415, 73.83702 18.504319, 73.836073 18.504313, 73.836079 18.503409))"
PUNE_GRID_100M_0958,18.504767,73.836543,38.27,0.326,0.195,-0.4,Built-up,0.237,36.16,44.0,2.89,High,16,5170.0,0.517,133.4,0.417,3070.0,0.307,2026-05-31,"POLYGON ((73.836073 18.504313, 73.83702 18.504319, 73.837014 18.505222, 73.836067 18.505216, 73.836073 18.504313))"
PUNE_GRID_100M_0959,18.505671,73.836537,38.46,0.38,0.229,-0.4,Built-up,0.185,36.4,44.9,2.78,High,28,5290.0,0.529,100.5,0.314,2610.0,0.261,2026-05-31,"POLYGON ((73.836067 18.505216, 73.837014 18.505222, 73.837008 18.506126, 73.83606 18.50612, 73.836067 18.505216))"
PUNE_GRID_100M_0960,18.506575,73.836531,38.46,0.209,0.221,-0.391,Built-up,0.2,36.27,45.9,3.05,High,23,5290.0,0.529,123.8,0.387,2610.0,0.261,2026-05-31,"POLYGON ((73.83606 18.50612, 73.837008 18.506126, 73.837002 18.507029, 73.836054 18.507024, 73.83606 18.50612))"
PUNE_GRID_100M_0961,18.507478,73.836525,38.7,0.255,0.232,-0.4,Built-up,0.193,36.53,43.1,2.68,High,24,5450.0,0.545,158.4,0.495,2060.0,0.206,2026-05-31,"POLYGON ((73.836054 18.507024, 73.837002 18.507029, 73.836995 18.507933, 73.836048 18.507927, 73.836054 18.507024))"
PUNE_GRID_100M_0962,18.508382,73.836519,39.34,0.14,0.264,-0.4,Built-up,0.176,36.75,43.9,2.6,High,26,5850.0,0.585,120.6,0.377,1590.0,0.159,2026-05-31,"POLYGON ((73.836048 18.507927, 73.836995 18.507933, 73.836989 18.508837, 73.836042 18.508831, 73.836048 18.507927))"
PUNE_GRID_100M_0963,18.509286,73.836513,38.51,0.274,0.192,-0.4,Built-up,0.203,36.57,41.4,2.82,High,26,5330.0,0.533,102.4,0.32,2210.0,0.221,2026-05-31,"POLYGON ((73.836042 18.508831, 73.836989 18.508837, 73.836983 18.50974, 73.836036 18.509734, 73.836042 18.508831))"
PUNE_GRID_100M_0964,18.510189,73.836507,38.99,0.213,0.206,-0.4,Built-up,0.209,37.12,44.9,2.43,High,19,5640.0,0.564,116.2,0.363,1870.0,0.187,2026-05-31,"POLYGON ((73.836036 18.509734, 73.836983 18.50974, 73.836977 18.510644, 73.83603 18.510638, 73.836036 18.509734))"
PUNE_GRID_100M_0965,18.511093,73.8365,38.42,0.332,0.205,-0.4,Built-up,0.211,36.15,47.2,2.85,High,26,5290.0,0.529,138.6,0.433,2120.0,0.212,2026-05-31,"POLYGON ((73.83603 18.510638, 73.836977 18.510644, 73.836971 18.511548, 73.836024 18.511542, 73.83603 18.510638))"
PUNE_GRID_100M_0966,18.511996,73.836494,39.71,0.179,0.259,-0.4,Built-up,0.226,37.68,41.4,2.4,High,22,6090.0,0.609,160.6,0.502,1550.0,0.155,2026-05-31,"POLYGON ((73.836024 18.511542, 73.836971 18.511548, 73.836965 18.512451, 73.836018 18.512445, 73.836024 18.511542))"
PUNE_GRID_100M_0967,18.5129,73.836488,38.08,0.2,0.154,-0.381,Built-up,0.219,36.19,44.4,2.77,High,25,5070.0,0.507,115.2,0.36,2530.0,0.253,2026-05-31,"POLYGON ((73.836018 18.512445, 73.836965 18.512451, 73.836959 18.513355, 73.836012 18.513349, 73.836018 18.512445))"
PUNE_GRID_100M_0968,18.513804,73.836482,40.11,0.177,0.267,-0.358,Built-up,0.209,37.65,44.2,2.51,High,33,6350.0,0.635,161.3,0.504,1840.0,0.184,2026-05-31,"POLYGON ((73.836012 18.513349, 73.836959 18.513355, 73.836953 18.514258, 73.836005 18.514253, 73.836012 18.513349))"
PUNE_GRID_100M_0969,18.514707,73.836476,38.69,0.167,0.19,-0.4,Built-up,0.207,36.07,44.1,2.73,High,17,5460.0,0.546,148.8,0.465,2560.0,0.256,2026-05-31,"POLYGON ((73.836005 18.514253, 73.836953 18.514258, 73.836947 18.515162, 73.835999 18.515156, 73.836005 18.514253))"
PUNE_GRID_100M_0970,18.515611,73.83647,37.61,0.314,0.117,-0.4,Built-up,0.244,35.28,45.2,2.81,High,23,4790.0,0.479,137.9,0.431,3240.0,0.324,2026-05-31,"POLYGON ((73.835999 18.515156, 73.836947 18.515162, 73.83694 18.516066, 73.835993 18.51606, 73.835999 18.515156))"
PUNE_GRID_100M_0971,18.516515,73.836464,38.89,0.156,0.239,-0.4,Built-up,0.233,36.77,43.3,2.65,High,18,5590.0,0.559,130.9,0.409,2140.0,0.214,2026-05-31,"POLYGON ((73.835993 18.51606, 73.83694 18.516066, 73.836934 18.516969, 73.835987 18.516963, 73.835993 18.51606))"
PUNE_GRID_100M_0972,18.517418,73.836458,38.27,0.262,0.174,-0.4,Built-up,0.217,36.53,43.7,2.37,High,20,5200.0,0.52,95.4,0.298,3510.0,0.351,2026-05-31,"POLYGON ((73.835987 18.516963, 73.836934 18.516969, 73.836928 18.517873, 73.835981 18.517867, 73.835987 18.516963))"
PUNE_GRID_100M_0973,18.518322,73.836452,39.51,0.134,0.289,-0.4,Built-up,0.173,36.96,43.3,2.43,High,31,5980.0,0.598,133.1,0.416,1680.0,0.168,2026-05-31,"POLYGON ((73.835981 18.517867, 73.836928 18.517873, 73.836922 18.518777, 73.835975 18.518771, 73.835981 18.517867))"
PUNE_GRID_100M_0974,18.519225,73.836445,38.33,0.246,0.126,-0.394,Built-up,0.209,36.83,44.4,2.46,High,16,5240.0,0.524,120.3,0.376,2620.0,0.262,2026-05-31,"POLYGON ((73.835975 18.518771, 73.836922 18.518777, 73.836916 18.51968, 73.835969 18.519674, 73.835975 18.518771))"
PUNE_GRID_100M_0975,18.520129,73.836439,38.5,0.318,0.166,-0.394,Built-up,0.214,36.67,42.4,2.23,High,24,5350.0,0.535,125.1,0.391,2540.0,0.254,2026-05-31,"POLYGON ((73.835969 18.519674, 73.836916 18.51968, 73.83691 18.520584, 73.835963 18.520578, 73.835969 18.519674))"
PUNE_GRID_100M_0976,18.521033,73.836433,37.34,0.308,0.131,-0.392,Built-up,0.223,35.37,45.0,2.83,Medium,15,4620.0,0.462,108.5,0.339,3640.0,0.364,2026-05-31,"POLYGON ((73.835963 18.520578, 73.83691 18.520584, 73.836904 18.521487, 73.835957 18.521482, 73.835963 18.520578))"
PUNE_GRID_100M_0977,18.521936,73.836427,38.48,0.219,0.216,-0.4,Built-up,0.212,36.45,46.6,2.63,High,26,5330.0,0.533,142.4,0.445,2590.0,0.259,2026-05-31,"POLYGON ((73.835957 18.521482, 73.836904 18.521487, 73.836898 18.522391, 73.83595 18.522385, 73.835957 18.521482))"
PUNE_GRID_100M_0978,18.52284,73.836421,36.88,0.308,0.122,-0.377,Built-up,0.225,36.06,44.9,2.39,Medium,14,4340.0,0.434,120.3,0.376,3340.0,0.334,2026-05-31,"POLYGON ((73.83595 18.522385, 73.836898 18.522391, 73.836892 18.523295, 73.835944 18.523289, 73.83595 18.522385))"
PUNE_GRID_100M_0979,18.523744,73.836415,37.53,0.287,0.148,-0.4,Built-up,0.213,35.4,43.1,2.91,High,26,4740.0,0.474,111.7,0.349,3000.0,0.3,2026-05-31,"POLYGON ((73.835944 18.523289, 73.836892 18.523295, 73.836886 18.524198, 73.835938 18.524193, 73.835944 18.523289))"
PUNE_GRID_100M_0980,18.524647,73.836409,39.38,0.241,0.188,-0.393,Built-up,0.197,37.22,43.3,2.48,High,23,5890.0,0.589,155.5,0.486,1910.0,0.191,2026-05-31,"POLYGON ((73.835938 18.524193, 73.836886 18.524198, 73.836879 18.525102, 73.835932 18.525096, 73.835938 18.524193))"
PUNE_GRID_100M_0981,18.525551,73.836403,39.36,0.168,0.186,-0.4,Built-up,0.213,36.96,42.4,2.68,High,20,5880.0,0.588,145.6,0.455,2040.0,0.204,2026-05-31,"POLYGON ((73.835932 18.525096, 73.836879 18.525102, 73.836873 18.526006, 73.835926 18.526, 73.835932 18.525096))"
PUNE_GRID_100M_0982,18.526454,73.836397,39.03,0.258,0.216,-0.4,Built-up,0.229,37.03,41.8,2.47,High,18,5670.0,0.567,137.0,0.428,1890.0,0.189,2026-05-31,"POLYGON ((73.835926 18.526, 73.836873 18.526006, 73.836867 18.526909, 73.83592 18.526903, 73.835926 18.526))"
PUNE_GRID_100M_0983,18.527358,73.83639,37.86,0.167,0.113,-0.4,Built-up,0.235,36.38,44.9,2.24,High,16,4940.0,0.494,130.2,0.407,2200.0,0.22,2026-05-31,"POLYGON ((73.83592 18.526903, 73.836867 18.526909, 73.836861 18.527813, 73.835914 18.527807, 73.83592 18.526903))"
PUNE_GRID_100M_0984,18.528262,73.836384,38.54,0.226,0.168,-0.396,Built-up,0.218,36.36,43.1,2.38,High,18,5360.0,0.536,129.6,0.405,2340.0,0.234,2026-05-31,"POLYGON ((73.835914 18.527807, 73.836861 18.527813, 73.836855 18.528716, 73.835908 18.528711, 73.835914 18.527807))"
PUNE_GRID_100M_0985,18.529165,73.836378,38.51,0.233,0.198,-0.4,Built-up,0.22,36.79,43.3,2.57,High,17,5340.0,0.534,154.6,0.483,2460.0,0.246,2026-05-31,"POLYGON ((73.835908 18.528711, 73.836855 18.528716, 73.836849 18.52962, 73.835902 18.529614, 73.835908 18.528711))"
PUNE_GRID_100M_0986,18.530069,73.836372,37.52,0.312,0.109,-0.4,Built-up,0.215,36.43,45.2,2.85,High,22,4720.0,0.472,94.7,0.296,4110.0,0.411,2026-05-31,"POLYGON ((73.835902 18.529614, 73.836849 18.52962, 73.836843 18.530524, 73.835895 18.530518, 73.835902 18.529614))"
PUNE_GRID_100M_0987,18.530973,73.836366,39.58,0.216,0.279,-0.4,Built-up,0.182,37.23,41.0,2.76,High,27,6000.0,0.6,137.3,0.429,1230.0,0.123,2026-05-31,"POLYGON ((73.835895 18.530518, 73.836843 18.530524, 73.836837 18.531427, 73.835889 18.531422, 73.835895 18.530518))"
PUNE_GRID_100M_0988,18.531876,73.83636,39.0,0.179,0.242,-0.4,Built-up,0.185,37.04,41.2,2.73,High,25,5640.0,0.564,133.8,0.418,1940.0,0.194,2026-05-31,"POLYGON ((73.835889 18.531422, 73.836837 18.531427, 73.836831 18.532331, 73.835883 18.532325, 73.835889 18.531422))"
PUNE_GRID_100M_0989,18.53278,73.836354,38.04,0.229,0.115,-0.389,Built-up,0.217,35.95,45.6,2.31,High,21,5030.0,0.503,126.4,0.395,2630.0,0.263,2026-05-31,"POLYGON ((73.835883 18.532325, 73.836831 18.532331, 73.836824 18.533235, 73.835877 18.533229, 73.835883 18.532325))"
PUNE_GRID_100M_0990,18.533684,73.836348,38.15,0.273,0.139,-0.394,Built-up,0.209,36.21,41.6,2.98,High,21,5100.0,0.51,138.6,0.433,3140.0,0.314,2026-05-31,"POLYGON ((73.835877 18.533229, 73.836824 18.533235, 73.836818 18.534138, 73.835871 18.534132, 73.835877 18.533229))"
PUNE_GRID_100M_0991,18.534587,73.836342,38.2,0.26,0.1,-0.346,Built-up,0.24,36.19,43.0,2.79,High,20,5130.0,0.513,122.9,0.384,2700.0,0.27,2026-05-31,"POLYGON ((73.835871 18.534132, 73.836818 18.534138, 73.836812 18.535042, 73.835865 18.535036, 73.835871 18.534132))"
PUNE_GRID_100M_0992,18.535491,73.836335,36.3,0.306,0.06,-0.285,Built-up,0.222,35.15,43.3,2.74,Medium,19,3940.0,0.394,76.5,0.239,3980.0,0.398,2026-05-31,"POLYGON ((73.835865 18.535036, 73.836812 18.535042, 73.836806 18.535945, 73.835859 18.53594, 73.835865 18.535036))"
PUNE_GRID_100M_0993,18.536394,73.836329,37.64,0.263,0.167,-0.4,Built-up,0.198,36.21,44.2,3.0,High,17,4770.0,0.477,125.1,0.391,3280.0,0.328,2026-05-31,"POLYGON ((73.835859 18.53594, 73.836806 18.535945, 73.8368 18.536849, 73.835853 18.536843, 73.835859 18.53594))"
PUNE_GRID_100M_0994,18.537298,73.836323,37.19,0.326,0.111,-0.397,Built-up,0.249,35.5,45.9,3.04,Medium,22,4480.0,0.448,117.1,0.366,3260.0,0.326,2026-05-31,"POLYGON ((73.835853 18.536843, 73.8368 18.536849, 73.836794 18.537753, 73.835846 18.537747, 73.835853 18.536843))"
PUNE_GRID_100M_0995,18.538202,73.836317,36.83,0.29,0.121,-0.4,Built-up,0.211,35.74,45.7,3.04,Medium,19,4250.0,0.425,77.1,0.241,3540.0,0.354,2026-05-31,"POLYGON ((73.835846 18.537747, 73.836794 18.537753, 73.836788 18.538656, 73.83584 18.538651, 73.835846 18.537747))"
PUNE_GRID_100M_0996,18.539105,73.836311,37.29,0.291,0.082,-0.361,Built-up,0.228,36.06,48.8,2.78,Medium,18,4540.0,0.454,108.8,0.34,3080.0,0.308,2026-05-31,"POLYGON ((73.83584 18.538651, 73.836788 18.538656, 73.836782 18.53956, 73.835834 18.539554, 73.83584 18.538651))"
PUNE_GRID_100M_0997,18.540009,73.836305,38.85,0.327,0.222,-0.4,Built-up,0.207,36.95,45.6,2.65,High,18,5500.0,0.55,111.7,0.349,3150.0,0.315,2026-05-31,"POLYGON ((73.835834 18.539554, 73.836782 18.53956, 73.836775 18.540464, 73.835828 18.540458, 73.835834 18.539554))"
PUNE_GRID_100M_0998,18.540913,73.836299,37.81,0.22,0.135,-0.4,Built-up,0.199,35.81,43.4,3.07,High,17,4850.0,0.485,107.8,0.337,3290.0,0.329,2026-05-31,"POLYGON ((73.835828 18.540458, 73.836775 18.540464, 73.836769 18.541367, 73.835822 18.541361, 73.835828 18.540458))"
PUNE_GRID_100M_0999,18.541816,73.836293,36.72,0.241,0.103,-0.4,Built-up,0.24,35.02,43.8,2.61,Medium,15,4160.0,0.416,88.3,0.276,4060.0,0.406,2026-05-31,"POLYGON ((73.835822 18.541361, 73.836769 18.541367, 73.836763 18.542271, 73.835816 18.542265, 73.835822 18.541361))"
PUNE_GRID_100M_1000,18.54272,73.836286,37.51,0.318,0.135,-0.4,Built-up,0.225,35.51,49.1,3.3,High,23,4660.0,0.466,122.2,0.382,3090.0,0.309,2026-05-31,"POLYGON ((73.835816 18.542265, 73.836763 18.542271, 73.836757 18.543175, 73.83581 18.543169, 73.835816 18.542265))"
PUNE_GRID_100M_1001,18.543623,73.83628,38.05,0.241,0.124,-0.35,Built-up,0.241,36.42,46.2,2.93,High,19,4990.0,0.499,121.3,0.379,2990.0,0.299,2026-05-31,"POLYGON ((73.83581 18.543169, 73.836757 18.543175, 73.836751 18.544078, 73.835804 18.544072, 73.83581 18.543169))"
PUNE_GRID_100M_1002,18.544527,73.836274,37.55,0.273,0.105,-0.369,Built-up,0.211,35.42,45.8,2.74,High,24,4670.0,0.467,95.7,0.299,3550.0,0.355,2026-05-31,"POLYGON ((73.835804 18.544072, 73.836751 18.544078, 73.836745 18.544982, 73.835798 18.544976, 73.835804 18.544072))"
PUNE_GRID_100M_1003,18.545431,73.836268,36.73,0.283,0.132,-0.357,Built-up,0.218,35.41,45.7,2.72,Medium,17,4150.0,0.415,110.7,0.346,3930.0,0.393,2026-05-31,"POLYGON ((73.835798 18.544976, 73.836745 18.544982, 73.836739 18.545885, 73.835791 18.54588, 73.835798 18.544976))"
PUNE_GRID_100M_1004,18.546334,73.836262,36.04,0.328,0.084,-0.399,Built-up,0.225,34.4,46.6,2.74,Medium,15,3710.0,0.371,70.7,0.221,4670.0,0.467,2026-05-31,"POLYGON ((73.835791 18.54588, 73.836739 18.545885, 73.836733 18.546789, 73.835785 18.546783, 73.835791 18.54588))"
PUNE_GRID_100M_1005,18.547238,73.836256,36.99,0.369,0.146,-0.4,Built-up,0.218,35.64,43.2,3.04,Medium,23,4300.0,0.43,107.5,0.336,4040.0,0.404,2026-05-31,"POLYGON ((73.835785 18.546783, 73.836733 18.546789, 73.836727 18.547693, 73.835779 18.547687, 73.835785 18.546783))"
PUNE_GRID_100M_1006,18.548142,73.83625,36.61,0.351,0.107,-0.4,Built-up,0.199,35.13,45.9,3.03,Medium,18,4060.0,0.406,87.0,0.272,4130.0,0.413,2026-05-31,"POLYGON ((73.835779 18.547687, 73.836727 18.547693, 73.83672 18.548596, 73.835773 18.54859, 73.835779 18.547687))"
PUNE_GRID_100M_1007,18.549045,73.836244,36.88,0.344,0.114,-0.378,Built-up,0.221,35.72,45.6,2.81,Medium,13,4220.0,0.422,96.6,0.302,3480.0,0.348,2026-05-31,"POLYGON ((73.835773 18.54859, 73.83672 18.548596, 73.836714 18.5495, 73.835767 18.549494, 73.835773 18.54859))"
PUNE_GRID_100M_1008,18.549949,73.836238,36.54,0.264,0.043,-0.4,Built-up,0.211,35.42,44.4,3.01,Medium,12,4000.0,0.4,102.4,0.32,3800.0,0.38,2026-05-31,"POLYGON ((73.835767 18.549494, 73.836714 18.5495, 73.836708 18.550404, 73.835761 18.550398, 73.835767 18.549494))"
PUNE_GRID_100M_1009,18.500255,73.837521,38.33,0.212,0.167,-0.324,Built-up,0.215,36.76,43.5,2.56,High,22,5190.0,0.519,131.2,0.41,1790.0,0.179,2026-05-31,"POLYGON ((73.83705 18.4998, 73.837997 18.499806, 73.837991 18.50071, 73.837044 18.500704, 73.83705 18.4998))"
PUNE_GRID_100M_1010,18.501159,73.837515,37.18,0.185,0.122,-0.4,Built-up,0.186,35.96,47.5,2.93,Medium,24,4470.0,0.447,124.5,0.389,4170.0,0.417,2026-05-31,"POLYGON ((73.837044 18.500704, 73.837991 18.50071, 73.837985 18.501613, 73.837038 18.501608, 73.837044 18.500704))"
PUNE_GRID_100M_1011,18.502062,73.837509,38.78,0.21,0.254,-0.4,Built-up,0.167,36.69,43.8,2.79,High,26,5470.0,0.547,130.2,0.407,2650.0,0.265,2026-05-31,"POLYGON ((73.837038 18.501608, 73.837985 18.501613, 73.837979 18.502517, 73.837032 18.502511, 73.837038 18.501608))"
PUNE_GRID_100M_1012,18.502966,73.837503,37.99,0.309,0.18,-0.344,Built-up,0.22,35.75,47.7,2.7,High,21,4990.0,0.499,123.8,0.387,2520.0,0.252,2026-05-31,"POLYGON ((73.837032 18.502511, 73.837979 18.502517, 73.837973 18.503421, 73.837026 18.503415, 73.837032 18.502511))"
PUNE_GRID_100M_1013,18.50387,73.837496,39.6,0.235,0.278,-0.4,Built-up,0.182,36.9,40.7,2.5,High,19,6000.0,0.6,138.2,0.432,1590.0,0.159,2026-05-31,"POLYGON ((73.837026 18.503415, 73.837973 18.503421, 73.837967 18.504324, 73.83702 18.504319, 73.837026 18.503415))"
PUNE_GRID_100M_1014,18.504773,73.83749,37.49,0.279,0.155,-0.4,Built-up,0.197,35.12,44.2,2.68,Medium,23,4680.0,0.468,114.6,0.358,2990.0,0.299,2026-05-31,"POLYGON ((73.83702 18.504319, 73.837967 18.504324, 73.837961 18.505228, 73.837014 18.505222, 73.83702 18.504319))"
PUNE_GRID_100M_1015,18.505677,73.837484,39.53,0.216,0.208,-0.4,Built-up,0.222,36.85,41.1,2.64,High,20,5960.0,0.596,148.8,0.465,2260.0,0.226,2026-05-31,"POLYGON ((73.837014 18.505222, 73.837961 18.505228, 73.837955 18.506132, 73.837008 18.506126, 73.837014 18.505222))"
PUNE_GRID_100M_1016,18.506581,73.837478,38.4,0.228,0.182,-0.4,Built-up,0.212,36.4,42.5,2.77,High,26,5260.0,0.526,125.1,0.391,2000.0,0.2,2026-05-31,"POLYGON ((73.837008 18.506126, 73.837955 18.506132, 73.837949 18.507035, 73.837002 18.507029, 73.837008 18.506126))"
PUNE_GRID_100M_1017,18.507484,73.837472,37.81,0.285,0.159,-0.375,Built-up,0.224,35.8,43.5,2.73,High,15,4890.0,0.489,94.4,0.295,3270.0,0.327,2026-05-31,"POLYGON ((73.837002 18.507029, 73.837949 18.507035, 73.837943 18.507939, 73.836995 18.507933, 73.837002 18.507029))"
PUNE_GRID_100M_1018,18.508388,73.837466,38.03,0.3,0.133,-0.328,Built-up,0.214,36.07,45.0,2.84,High,21,5040.0,0.504,125.1,0.391,2740.0,0.274,2026-05-31,"POLYGON ((73.836995 18.507933, 73.837943 18.507939, 73.837937 18.508842, 73.836989 18.508837, 73.836995 18.507933))"
PUNE_GRID_100M_1019,18.509291,73.83746,38.24,0.197,0.159,-0.4,Built-up,0.252,36.42,44.8,2.57,High,17,5170.0,0.517,128.6,0.402,2950.0,0.295,2026-05-31,"POLYGON ((73.836989 18.508837, 73.837937 18.508842, 73.83793 18.509746, 73.836983 18.50974, 73.836989 18.508837))"
PUNE_GRID_100M_1020,18.510195,73.837454,38.92,0.25,0.195,-0.4,Built-up,0.196,36.65,42.8,2.28,High,24,5600.0,0.56,125.8,0.393,2180.0,0.218,2026-05-31,"POLYGON ((73.836983 18.50974, 73.83793 18.509746, 73.837924 18.51065, 73.836977 18.510644, 73.836983 18.50974))"
PUNE_GRID_100M_1021,18.511099,73.837448,39.07,0.27,0.256,-0.4,Built-up,0.22,36.51,40.4,2.84,High,21,5700.0,0.57,120.3,0.376,1470.0,0.147,2026-05-31,"POLYGON ((73.836977 18.510644, 73.837924 18.51065, 73.837918 18.511553, 73.836971 18.511548, 73.836977 18.510644))"
PUNE_GRID_100M_1022,18.512002,73.837442,38.26,0.244,0.109,-0.4,Built-up,0.219,36.27,46.6,2.44,High,25,5190.0,0.519,143.4,0.448,2370.0,0.237,2026-05-31,"POLYGON ((73.836971 18.511548, 73.837918 18.511553, 73.837912 18.512457, 73.836965 18.512451, 73.836971 18.511548))"
PUNE_GRID_100M_1023,18.512906,73.837435,38.76,0.271,0.23,-0.4,Built-up,0.174,36.36,43.6,2.4,High,27,5510.0,0.551,138.6,0.433,1800.0,0.18,2026-05-31,"POLYGON ((73.836965 18.512451, 73.837912 18.512457, 73.837906 18.513361, 73.836959 18.513355, 73.836965 18.512451))"
PUNE_GRID_100M_1024,18.51381,73.837429,40.55,0.293,0.247,-0.369,Built-up,0.203,37.8,40.9,2.6,High,21,6630.0,0.663,156.2,0.488,940.0,0.094,2026-05-31,"POLYGON ((73.836959 18.513355, 73.837906 18.513361, 73.8379 18.514264, 73.836953 18.514258, 73.836959 18.513355))"
PUNE_GRID_100M_1025,18.514713,73.837423,40.26,0.187,0.221,-0.4,Built-up,0.205,38.08,43.2,2.66,High,20,6450.0,0.645,140.2,0.438,1810.0,0.181,2026-05-31,"POLYGON ((73.836953 18.514258, 73.8379 18.514264, 73.837894 18.515168, 73.836947 18.515162, 73.836953 18.514258))"
PUNE_GRID_100M_1026,18.515617,73.837417,39.27,0.241,0.253,-0.4,Built-up,0.179,36.91,43.9,2.49,High,19,5830.0,0.583,129.3,0.404,1260.0,0.126,2026-05-31,"POLYGON ((73.836947 18.515162, 73.837894 18.515168, 73.837888 18.516072, 73.83694 18.516066, 73.836947 18.515162))"
PUNE_GRID_100M_1027,18.51652,73.837411,38.99,0.206,0.227,-0.4,Built-up,0.185,37.32,43.3,2.48,High,21,5660.0,0.566,152.6,0.477,1590.0,0.159,2026-05-31,"POLYGON ((73.83694 18.516066, 73.837888 18.516072, 73.837882 18.516975, 73.836934 18.516969, 73.83694 18.516066))"
PUNE_GRID_100M_1028,18.517424,73.837405,39.08,0.239,0.246,-0.4,Built-up,0.195,37.29,44.0,2.51,High,19,5720.0,0.572,139.2,0.435,1750.0,0.175,2026-05-31,"POLYGON ((73.836934 18.516969, 73.837882 18.516975, 73.837875 18.517879, 73.836928 18.517873, 73.836934 18.516969))"
PUNE_GRID_100M_1029,18.518328,73.837399,39.5,0.236,0.252,-0.381,Built-up,0.2,36.98,41.7,2.87,High,31,5980.0,0.598,136.3,0.426,1590.0,0.159,2026-05-31,"POLYGON ((73.836928 18.517873, 73.837875 18.517879, 73.837869 18.518782, 73.836922 18.518777, 73.836928 18.517873))"
PUNE_GRID_100M_1030,18.519231,73.837393,38.2,0.271,0.231,-0.4,Built-up,0.161,35.91,45.6,2.58,High,22,5170.0,0.517,130.6,0.408,2900.0,0.29,2026-05-31,"POLYGON ((73.836922 18.518777, 73.837869 18.518782, 73.837863 18.519686, 73.836916 18.51968, 73.836922 18.518777))"
PUNE_GRID_100M_1031,18.520135,73.837387,38.82,0.201,0.214,-0.4,Built-up,0.217,36.66,42.4,2.39,High,24,5550.0,0.555,122.9,0.384,2230.0,0.223,2026-05-31,"POLYGON ((73.836916 18.51968, 73.837863 18.519686, 73.837857 18.52059, 73.83691 18.520584, 73.836916 18.51968))"
PUNE_GRID_100M_1032,18.521039,73.837381,37.69,0.289,0.141,-0.4,Built-up,0.207,36.23,43.9,2.39,High,18,4850.0,0.485,135.7,0.424,3040.0,0.304,2026-05-31,"POLYGON ((73.83691 18.520584, 73.837857 18.52059, 73.837851 18.521493, 73.836904 18.521487, 73.83691 18.520584))"
PUNE_GRID_100M_1033,18.521942,73.837374,39.33,0.282,0.23,-0.4,Built-up,0.179,36.88,44.5,2.53,High,25,5870.0,0.587,158.1,0.494,1400.0,0.14,2026-05-31,"POLYGON ((73.836904 18.521487, 73.837851 18.521493, 73.837845 18.522397, 73.836898 18.522391, 73.836904 18.521487))"
PUNE_GRID_100M_1034,18.522846,73.837368,39.51,0.235,0.265,-0.4,Built-up,0.206,37.43,45.2,2.63,High,29,5990.0,0.599,137.9,0.431,1810.0,0.181,2026-05-31,"POLYGON ((73.836898 18.522391, 73.837845 18.522397, 73.837839 18.523301, 73.836892 18.523295, 73.836898 18.522391))"
PUNE_GRID_100M_1035,18.523749,73.837362,38.58,0.288,0.163,-0.387,Built-up,0.21,36.87,46.5,2.69,High,20,5400.0,0.54,121.6,0.38,2770.0,0.277,2026-05-31,"POLYGON ((73.836892 18.523295, 73.837839 18.523301, 73.837833 18.524204, 73.836886 18.524198, 73.836892 18.523295))"
PUNE_GRID_100M_1036,18.524653,73.837356,40.19,0.184,0.239,-0.4,Built-up,0.215,37.4,44.4,2.62,High,21,6410.0,0.641,120.3,0.376,1170.0,0.117,2026-05-31,"POLYGON ((73.836886 18.524198, 73.837833 18.524204, 73.837827 18.525108, 73.836879 18.525102, 73.836886 18.524198))"
PUNE_GRID_100M_1037,18.525557,73.83735,37.91,0.303,0.147,-0.4,Built-up,0.22,35.83,44.2,2.43,High,21,4980.0,0.498,100.5,0.314,3390.0,0.339,2026-05-31,"POLYGON ((73.836879 18.525102, 73.837827 18.525108, 73.837821 18.526011, 73.836873 18.526006, 73.836879 18.525102))"
PUNE_GRID_100M_1038,18.52646,73.837344,37.68,0.292,0.082,-0.317,Built-up,0.225,36.09,42.5,2.52,High,24,4830.0,0.483,98.9,0.309,3260.0,0.326,2026-05-31,"POLYGON ((73.836873 18.526006, 73.837821 18.526011, 73.837814 18.526915, 73.836867 18.526909, 73.836873 18.526006))"
PUNE_GRID_100M_1039,18.527364,73.837338,38.98,0.198,0.208,-0.4,Built-up,0.2,36.83,45.9,2.76,High,27,5640.0,0.564,137.0,0.428,2490.0,0.249,2026-05-31,"POLYGON ((73.836867 18.526909, 73.837814 18.526915, 73.837808 18.527819, 73.836861 18.527813, 73.836867 18.526909))"
PUNE_GRID_100M_1040,18.528268,73.837332,39.57,0.228,0.174,-0.326,Built-up,0.216,36.99,45.4,2.4,High,28,6010.0,0.601,140.2,0.438,1600.0,0.16,2026-05-31,"POLYGON ((73.836861 18.527813, 73.837808 18.527819, 73.837802 18.528722, 73.836855 18.528716, 73.836861 18.527813))"
PUNE_GRID_100M_1041,18.529171,73.837326,40.02,0.16,0.252,-0.4,Built-up,0.188,37.41,42.0,2.54,High,28,6290.0,0.629,133.8,0.418,1610.0,0.161,2026-05-31,"POLYGON ((73.836855 18.528716, 73.837802 18.528722, 73.837796 18.529626, 73.836849 18.52962, 73.836855 18.528716))"
PUNE_GRID_100M_1042,18.530075,73.837319,38.23,0.237,0.196,-0.4,Built-up,0.192,36.24,45.8,2.77,High,19,5170.0,0.517,120.6,0.377,2680.0,0.268,2026-05-31,"POLYGON ((73.836849 18.52962, 73.837796 18.529626, 73.83779 18.53053, 73.836843 18.530524, 73.836849 18.52962))"
PUNE_GRID_100M_1043,18.530978,73.837313,39.39,0.229,0.208,-0.4,Built-up,0.212,36.6,43.0,2.84,High,22,5890.0,0.589,147.8,0.462,1690.0,0.169,2026-05-31,"POLYGON ((73.836843 18.530524, 73.83779 18.53053, 73.837784 18.531433, 73.836837 18.531427, 73.836843 18.530524))"
PUNE_GRID_100M_1044,18.531882,73.837307,38.41,0.268,0.229,-0.4,Built-up,0.197,36.62,46.5,2.64,High,19,5280.0,0.528,133.4,0.417,2570.0,0.257,2026-05-31,"POLYGON ((73.836837 18.531427, 73.837784 18.531433, 73.837778 18.532337, 73.836831 18.532331, 73.836837 18.531427))"
PUNE_GRID_100M_1045,18.532786,73.837301,38.22,0.215,0.126,-0.378,Built-up,0.218,36.11,43.7,2.61,High,22,5150.0,0.515,99.2,0.31,3130.0,0.313,2026-05-31,"POLYGON ((73.836831 18.532331, 73.837778 18.532337, 73.837772 18.53324, 73.836824 18.533235, 73.836831 18.532331))"
PUNE_GRID_100M_1046,18.533689,73.837295,38.97,0.278,0.239,-0.4,Built-up,0.213,35.94,46.8,2.44,High,19,5620.0,0.562,133.1,0.416,1630.0,0.163,2026-05-31,"POLYGON ((73.836824 18.533235, 73.837772 18.53324, 73.837766 18.534144, 73.836818 18.534138, 73.836824 18.533235))"
PUNE_GRID_100M_1047,18.534593,73.837289,38.69,0.269,0.211,-0.4,Built-up,0.2,36.58,45.2,2.83,High,26,5440.0,0.544,113.0,0.353,3070.0,0.307,2026-05-31,"POLYGON ((73.836818 18.534138, 73.837766 18.534144, 73.837759 18.535048, 73.836812 18.535042, 73.836818 18.534138))"
PUNE_GRID_100M_1048,18.535497,73.837283,36.81,0.283,0.055,-0.4,Built-up,0.23,35.04,48.2,3.0,Medium,17,4260.0,0.426,113.9,0.356,2930.0,0.293,2026-05-31,"POLYGON ((73.836812 18.535042, 73.837759 18.535048, 73.837753 18.535951, 73.836806 18.535945, 73.836812 18.535042))"
PUNE_GRID_100M_1049,18.5364,73.837277,39.15,0.168,0.293,-0.342,Built-up,0.178,37.41,43.0,3.27,High,19,5720.0,0.572,147.2,0.46,1630.0,0.163,2026-05-31,"POLYGON ((73.836806 18.535945, 73.837753 18.535951, 73.837747 18.536855, 73.8368 18.536849, 73.836806 18.535945))"
PUNE_GRID_100M_1050,18.537304,73.837271,38.97,0.23,0.202,-0.4,Built-up,0.21,36.6,44.4,2.85,High,27,5600.0,0.56,122.9,0.384,2210.0,0.221,2026-05-31,"POLYGON ((73.8368 18.536849, 73.837747 18.536855, 73.837741 18.537759, 73.836794 18.537753, 73.8368 18.536849))"
PUNE_GRID_100M_1051,18.538207,73.837264,37.25,0.278,0.1,-0.355,Built-up,0.227,35.25,43.7,2.78,Medium,23,4520.0,0.452,98.6,0.308,3720.0,0.372,2026-05-31,"POLYGON ((73.836794 18.537753, 73.837741 18.537759, 73.837735 18.538662, 73.836788 18.538656, 73.836794 18.537753))"
PUNE_GRID_100M_1052,18.539111,73.837258,37.96,0.276,0.116,-0.4,Built-up,0.233,36.22,45.9,2.63,High,16,4960.0,0.496,113.3,0.354,3610.0,0.361,2026-05-31,"POLYGON ((73.836788 18.538656, 73.837735 18.538662, 73.837729 18.539566, 73.836782 18.53956, 73.836788 18.538656))"
PUNE_GRID_100M_1053,18.540015,73.837252,37.92,0.258,0.15,-0.4,Built-up,0.204,35.85,46.0,2.45,High,21,4930.0,0.493,89.6,0.28,2490.0,0.249,2026-05-31,"POLYGON ((73.836782 18.53956, 73.837729 18.539566, 73.837723 18.540469, 73.836775 18.540464, 73.836782 18.53956))"
PUNE_GRID_100M_1054,18.540918,73.837246,37.62,0.203,0.139,-0.4,Built-up,0.208,35.6,48.5,2.88,High,17,4740.0,0.474,118.1,0.369,2950.0,0.295,2026-05-31,"POLYGON ((73.836775 18.540464, 73.837723 18.540469, 73.837717 18.541373, 73.836769 18.541367, 73.836775 18.540464))"
PUNE_GRID_100M_1055,18.541822,73.83724,36.85,0.295,0.111,-0.371,Built-up,0.232,35.45,46.2,3.34,Medium,23,4250.0,0.425,98.6,0.308,2980.0,0.298,2026-05-31,"POLYGON ((73.836769 18.541367, 73.837717 18.541373, 73.837711 18.542277, 73.836763 18.542271, 73.836769 18.541367))"
PUNE_GRID_100M_1056,18.542726,73.837234,36.63,0.306,0.089,-0.4,Built-up,0.228,34.83,46.8,3.14,Medium,14,4110.0,0.411,111.0,0.347,3860.0,0.386,2026-05-31,"POLYGON ((73.836763 18.542271, 73.837711 18.542277, 73.837704 18.54318, 73.836757 18.543175, 73.836763 18.542271))"
PUNE_GRID_100M_1057,18.543629,73.837228,37.02,0.33,0.135,-0.396,Built-up,0.202,34.98,44.7,3.13,Medium,19,4350.0,0.435,90.2,0.282,3910.0,0.391,2026-05-31,"POLYGON ((73.836757 18.543175, 73.837704 18.54318, 73.837698 18.544084, 73.836751 18.544078, 73.836757 18.543175))"
PUNE_GRID_100M_1058,18.544533,73.837222,37.86,0.247,0.142,-0.4,Built-up,0.234,36.52,45.5,2.98,High,25,4860.0,0.486,108.8,0.34,3760.0,0.376,2026-05-31,"POLYGON ((73.836751 18.544078, 73.837698 18.544084, 73.837692 18.544988, 73.836745 18.544982, 73.836751 18.544078))"
PUNE_GRID_100M_1059,18.545436,73.837216,37.22,0.364,0.067,-0.361,Built-up,0.202,35.73,44.7,3.02,Medium,16,4460.0,0.446,87.7,0.274,3770.0,0.377,2026-05-31,"POLYGON ((73.836745 18.544982, 73.837692 18.544988, 73.837686 18.545891, 73.836739 18.545885, 73.836745 18.544982))"
PUNE_GRID_100M_1060,18.54634,73.837209,36.36,0.251,0.082,-0.4,Built-up,0.237,34.87,46.1,2.49,Medium,18,3920.0,0.392,81.3,0.254,4740.0,0.474,2026-05-31,"POLYGON ((73.836739 18.545885, 73.837686 18.545891, 73.83768 18.546795, 73.836733 18.546789, 73.836739 18.545885))"
PUNE_GRID_100M_1061,18.547244,73.837203,37.15,0.352,0.051,-0.4,Built-up,0.212,35.5,45.5,3.15,Medium,18,4400.0,0.44,90.6,0.283,3980.0,0.398,2026-05-31,"POLYGON ((73.836733 18.546789, 73.83768 18.546795, 73.837674 18.547698, 73.836727 18.547693, 73.836733 18.546789))"
PUNE_GRID_100M_1062,18.548147,73.837197,34.12,0.397,-0.004,-0.362,Built-up,0.269,33.54,47.2,2.9,Medium,13,2510.0,0.251,73.0,0.228,5630.0,0.563,2026-05-31,"POLYGON ((73.836727 18.547693, 73.837674 18.547698, 73.837668 18.548602, 73.83672 18.548596, 73.836727 18.547693))"
PUNE_GRID_100M_1063,18.549051,73.837191,37.18,0.333,0.094,-0.4,Built-up,0.2,35.82,45.4,2.9,Medium,21,4410.0,0.441,97.0,0.303,3120.0,0.312,2026-05-31,"POLYGON ((73.83672 18.548596, 73.837668 18.548602, 73.837662 18.549506, 73.836714 18.5495, 73.83672 18.548596))"
PUNE_GRID_100M_1064,18.549955,73.837185,34.73,0.388,0.018,-0.381,Built-up,0.254,33.58,46.7,3.0,Medium,12,2880.0,0.288,70.7,0.221,5570.0,0.557,2026-05-31,"POLYGON ((73.836714 18.5495, 73.837662 18.549506, 73.837656 18.550409, 73.836708 18.550404, 73.836714 18.5495))"
PUNE_GRID_100M_1065,18.500261,73.838468,37.32,0.339,0.169,-0.4,Built-up,0.208,35.73,44.6,2.74,Medium,23,4560.0,0.456,104.6,0.327,2860.0,0.286,2026-05-31,"POLYGON ((73.837997 18.499806, 73.838945 18.499812, 73.838939 18.500716, 73.837991 18.50071, 73.837997 18.499806))"
PUNE_GRID_100M_1066,18.501165,73.838462,36.83,0.295,0.079,-0.4,Built-up,0.22,35.13,47.2,2.65,Medium,13,4260.0,0.426,86.1,0.269,4450.0,0.445,2026-05-31,"POLYGON ((73.837991 18.50071, 73.838939 18.500716, 73.838932 18.501619, 73.837985 18.501613, 73.837991 18.50071))"
PUNE_GRID_100M_1067,18.502068,73.838456,36.81,0.268,0.138,-0.354,Built-up,0.218,35.21,45.8,2.78,Medium,23,4250.0,0.425,99.8,0.312,3750.0,0.375,2026-05-31,"POLYGON ((73.837985 18.501613, 73.838932 18.501619, 73.838926 18.502523, 73.837979 18.502517, 73.837985 18.501613))"
PUNE_GRID_100M_1068,18.502972,73.83845,38.89,0.296,0.187,-0.4,Built-up,0.216,36.77,44.4,2.65,High,22,5550.0,0.555,140.8,0.44,2610.0,0.261,2026-05-31,"POLYGON ((73.837979 18.502517, 73.838926 18.502523, 73.83892 18.503427, 73.837973 18.503421, 73.837979 18.502517))"
PUNE_GRID_100M_1069,18.503875,73.838444,37.69,0.276,0.199,-0.4,Built-up,0.191,35.88,42.7,2.76,High,24,4810.0,0.481,99.8,0.312,3060.0,0.306,2026-05-31,"POLYGON ((73.837973 18.503421, 73.83892 18.503427, 73.838914 18.50433, 73.837967 18.504324, 73.837973 18.503421))"
PUNE_GRID_100M_1070,18.504779,73.838438,38.45,0.263,0.169,-0.38,Built-up,0.197,36.64,44.9,2.42,High,23,5290.0,0.529,137.3,0.429,2530.0,0.253,2026-05-31,"POLYGON ((73.837967 18.504324, 73.838914 18.50433, 73.838908 18.505234, 73.837961 18.505228, 73.837967 18.504324))"
PUNE_GRID_100M_1071,18.505683,73.838431,38.24,0.311,0.146,-0.4,Built-up,0.223,36.41,45.2,2.66,High,16,5160.0,0.516,113.0,0.353,2860.0,0.286,2026-05-31,"POLYGON ((73.837961 18.505228, 73.838908 18.505234, 73.838902 18.506137, 73.837955 18.506132, 73.837961 18.505228))"
PUNE_GRID_100M_1072,18.506586,73.838425,38.76,0.202,0.215,-0.4,Built-up,0.176,36.18,43.4,2.47,High,27,5490.0,0.549,125.4,0.392,2320.0,0.232,2026-05-31,"POLYGON ((73.837955 18.506132, 73.838902 18.506137, 73.838896 18.507041, 73.837949 18.507035, 73.837955 18.506132))"
PUNE_GRID_100M_1073,18.50749,73.838419,38.53,0.275,0.171,-0.4,Built-up,0.2,36.06,47.3,2.54,High,16,5350.0,0.535,135.0,0.422,2210.0,0.221,2026-05-31,"POLYGON ((73.837949 18.507035, 73.838896 18.507041, 73.83889 18.507945, 73.837943 18.507939, 73.837949 18.507035))"
PUNE_GRID_100M_1074,18.508394,73.838413,37.54,0.263,0.114,-0.34,Built-up,0.265,35.67,41.5,2.68,High,22,4730.0,0.473,105.0,0.328,3440.0,0.344,2026-05-31,"POLYGON ((73.837943 18.507939, 73.83889 18.507945, 73.838884 18.508848, 73.837937 18.508842, 73.837943 18.507939))"
PUNE_GRID_100M_1075,18.509297,73.838407,39.45,0.214,0.211,-0.4,Built-up,0.187,37.66,44.6,2.32,High,20,5930.0,0.593,142.7,0.446,1360.0,0.136,2026-05-31,"POLYGON ((73.837937 18.508842, 73.838884 18.508848, 73.838878 18.509752, 73.83793 18.509746, 73.837937 18.508842))"
PUNE_GRID_100M_1076,18.510201,73.838401,38.33,0.261,0.174,-0.4,Built-up,0.226,36.08,45.4,2.46,High,20,5240.0,0.524,121.6,0.38,2140.0,0.214,2026-05-31,"POLYGON ((73.83793 18.509746, 73.838878 18.509752, 73.838871 18.510656, 73.837924 18.51065, 73.83793 18.509746))"
PUNE_GRID_100M_1077,18.511104,73.838395,37.56,0.225,0.18,-0.4,Built-up,0.199,35.73,45.8,2.73,High,15,4760.0,0.476,115.8,0.362,3650.0,0.365,2026-05-31,"POLYGON ((73.837924 18.51065, 73.838871 18.510656, 73.838865 18.511559, 73.837918 18.511553, 73.837924 18.51065))"
PUNE_GRID_100M_1078,18.512008,73.838389,38.53,0.22,0.126,-0.4,Built-up,0.225,36.31,44.4,2.32,High,20,5370.0,0.537,98.6,0.308,3000.0,0.3,2026-05-31,"POLYGON ((73.837918 18.511553, 73.838865 18.511559, 73.838859 18.512463, 73.837912 18.512457, 73.837918 18.511553))"
PUNE_GRID_100M_1079,18.512912,73.838383,40.14,0.249,0.257,-0.4,Built-up,0.204,37.43,43.7,2.95,High,25,6380.0,0.638,129.6,0.405,1430.0,0.143,2026-05-31,"POLYGON ((73.837912 18.512457, 73.838859 18.512463, 73.838853 18.513366, 73.837906 18.513361, 73.837912 18.512457))"
PUNE_GRID_100M_1080,18.513815,73.838377,39.68,0.247,0.254,-0.4,Built-up,0.211,37.33,44.6,2.82,High,29,6090.0,0.609,153.9,0.481,2130.0,0.213,2026-05-31,"POLYGON ((73.837906 18.513361, 73.838853 18.513366, 73.838847 18.51427, 73.8379 18.514264, 73.837906 18.513361))"
PUNE_GRID_100M_1081,18.514719,73.83837,38.77,0.241,0.2,-0.4,Built-up,0.201,37.06,42.9,2.48,High,27,5520.0,0.552,145.6,0.455,2010.0,0.201,2026-05-31,"POLYGON ((73.8379 18.514264, 73.838847 18.51427, 73.838841 18.515174, 73.837894 18.515168, 73.8379 18.514264))"
PUNE_GRID_100M_1082,18.515623,73.838364,38.81,0.251,0.236,-0.4,Built-up,0.227,36.8,44.4,2.41,High,18,5550.0,0.555,121.6,0.38,2840.0,0.284,2026-05-31,"POLYGON ((73.837894 18.515168, 73.838841 18.515174, 73.838835 18.516077, 73.837888 18.516072, 73.837894 18.515168))"
PUNE_GRID_100M_1083,18.516526,73.838358,38.87,0.228,0.197,-0.4,Built-up,0.196,36.47,43.6,2.6,High,24,5590.0,0.559,130.9,0.409,2250.0,0.225,2026-05-31,"POLYGON ((73.837888 18.516072, 73.838835 18.516077, 73.838829 18.516981, 73.837882 18.516975, 73.837888 18.516072))"
PUNE_GRID_100M_1084,18.51743,73.838352,40.82,0.226,0.281,-0.4,Built-up,0.193,38.9,40.7,2.27,High,29,6810.0,0.681,167.4,0.523,210.0,0.021,2026-05-31,"POLYGON ((73.837882 18.516975, 73.838829 18.516981, 73.838823 18.517885, 73.837875 18.517879, 73.837882 18.516975))"
PUNE_GRID_100M_1085,18.518334,73.838346,39.48,0.21,0.244,-0.4,Built-up,0.2,37.16,44.5,2.15,High,20,5970.0,0.597,152.0,0.475,2340.0,0.234,2026-05-31,"POLYGON ((73.837875 18.517879, 73.838823 18.517885, 73.838817 18.518788, 73.837869 18.518782, 73.837875 18.517879))"
PUNE_GRID_100M_1086,18.519237,73.83834,39.53,0.226,0.232,-0.4,Built-up,0.181,37.0,42.5,2.46,High,26,6010.0,0.601,118.4,0.37,2280.0,0.228,2026-05-31,"POLYGON ((73.837869 18.518782, 73.838817 18.518788, 73.838811 18.519692, 73.837863 18.519686, 73.837869 18.518782))"
PUNE_GRID_100M_1087,18.520141,73.838334,40.02,0.245,0.239,-0.4,Built-up,0.193,37.94,40.7,2.52,High,20,6310.0,0.631,140.2,0.438,1330.0,0.133,2026-05-31,"POLYGON ((73.837863 18.519686, 73.838811 18.519692, 73.838804 18.520595, 73.837857 18.52059, 73.837863 18.519686))"
PUNE_GRID_100M_1088,18.521044,73.838328,39.38,0.191,0.238,-0.385,Built-up,0.2,36.93,42.7,2.57,High,20,5910.0,0.591,137.6,0.43,2090.0,0.209,2026-05-31,"POLYGON ((73.837857 18.52059, 73.838804 18.520595, 73.838798 18.521499, 73.837851 18.521493, 73.837857 18.52059))"
PUNE_GRID_100M_1089,18.521948,73.838322,38.97,0.298,0.184,-0.4,Built-up,0.2,37.28,42.6,2.43,High,21,5660.0,0.566,145.0,0.453,1820.0,0.182,2026-05-31,"POLYGON ((73.837851 18.521493, 73.838798 18.521499, 73.838792 18.522403, 73.837845 18.522397, 73.837851 18.521493))"
PUNE_GRID_100M_1090,18.522852,73.838316,39.0,0.174,0.187,-0.4,Built-up,0.243,36.54,45.3,2.81,High,18,5680.0,0.568,168.3,0.526,2070.0,0.207,2026-05-31,"POLYGON ((73.837845 18.522397, 73.838792 18.522403, 73.838786 18.523306, 73.837839 18.523301, 73.837845 18.522397))"
PUNE_GRID_100M_1091,18.523755,73.838309,39.08,0.297,0.193,-0.4,Built-up,0.193,37.29,44.0,2.26,High,30,5720.0,0.572,134.4,0.42,1060.0,0.106,2026-05-31,"POLYGON ((73.837839 18.523301, 73.838786 18.523306, 73.83878 18.52421, 73.837833 18.524204, 73.837839 18.523301))"
PUNE_GRID_100M_1092,18.524659,73.838303,39.07,0.218,0.249,-0.4,Built-up,0.213,36.91,45.8,2.34,High,26,5720.0,0.572,119.4,0.373,1750.0,0.175,2026-05-31,"POLYGON ((73.837833 18.524204, 73.83878 18.52421, 73.838774 18.525114, 73.837827 18.525108, 73.837833 18.524204))"
PUNE_GRID_100M_1093,18.525563,73.838297,39.64,0.203,0.137,-0.4,Built-up,0.228,37.64,42.3,2.67,High,24,6070.0,0.607,150.7,0.471,1910.0,0.191,2026-05-31,"POLYGON ((73.837827 18.525108, 73.838774 18.525114, 73.838768 18.526017, 73.837821 18.526011, 73.837827 18.525108))"
PUNE_GRID_100M_1094,18.526466,73.838291,39.05,0.158,0.219,-0.4,Built-up,0.2,37.41,45.1,2.35,High,26,5700.0,0.57,153.6,0.48,1760.0,0.176,2026-05-31,"POLYGON ((73.837821 18.526011, 73.838768 18.526017, 73.838762 18.526921, 73.837814 18.526915, 73.837821 18.526011))"
PUNE_GRID_100M_1095,18.52737,73.838285,39.54,0.198,0.23,-0.366,Built-up,0.186,36.84,47.6,2.35,High,21,6000.0,0.6,145.3,0.454,1720.0,0.172,2026-05-31,"POLYGON ((73.837814 18.526915, 73.838762 18.526921, 73.838756 18.527825, 73.837808 18.527819, 73.837814 18.526915))"
PUNE_GRID_100M_1096,18.528273,73.838279,38.83,0.199,0.147,-0.4,Built-up,0.202,37.06,44.5,2.63,High,18,5560.0,0.556,121.9,0.381,1760.0,0.176,2026-05-31,"POLYGON ((73.837808 18.527819, 73.838756 18.527825, 73.83875 18.528728, 73.837802 18.528722, 73.837808 18.527819))"
PUNE_GRID_100M_1097,18.529177,73.838273,38.89,0.215,0.209,-0.4,Built-up,0.195,36.3,45.2,2.4,High,23,5590.0,0.559,146.6,0.458,2780.0,0.278,2026-05-31,"POLYGON ((73.837802 18.528722, 73.83875 18.528728, 73.838743 18.529632, 73.837796 18.529626, 73.837802 18.528722))"
PUNE_GRID_100M_1098,18.530081,73.838267,37.15,0.294,0.136,-0.4,Built-up,0.189,35.19,46.3,2.6,Medium,19,4500.0,0.45,116.5,0.364,3880.0,0.388,2026-05-31,"POLYGON ((73.837796 18.529626, 73.838743 18.529632, 73.838737 18.530535, 73.83779 18.53053, 73.837796 18.529626))"
PUNE_GRID_100M_1099,18.530984,73.838261,39.41,0.259,0.241,-0.358,Built-up,0.182,36.85,41.3,2.5,High,18,5910.0,0.591,128.6,0.402,1800.0,0.18,2026-05-31,"POLYGON ((73.83779 18.53053, 73.838737 18.530535, 73.838731 18.531439, 73.837784 18.531433, 73.83779 18.53053))"
PUNE_GRID_100M_1100,18.531888,73.838255,38.87,0.248,0.12,-0.353,Built-up,0.196,36.86,44.8,2.48,High,22,5570.0,0.557,138.6,0.433,1970.0,0.197,2026-05-31,"POLYGON ((73.837784 18.531433, 73.838731 18.531439, 73.838725 18.532343, 73.837778 18.532337, 73.837784 18.531433))"
PUNE_GRID_100M_1101,18.532792,73.838248,39.3,0.237,0.259,-0.4,Built-up,0.214,37.02,44.0,2.25,High,23,5830.0,0.583,152.6,0.477,2150.0,0.215,2026-05-31,"POLYGON ((73.837778 18.532337, 73.838725 18.532343, 73.838719 18.533246, 73.837772 18.53324, 73.837778 18.532337))"
PUNE_GRID_100M_1102,18.533695,73.838242,36.09,0.293,0.052,-0.353,Built-up,0.24,34.71,45.7,2.71,Medium,16,3820.0,0.382,106.9,0.334,4970.0,0.497,2026-05-31,"POLYGON ((73.837772 18.53324, 73.838719 18.533246, 73.838713 18.53415, 73.837766 18.534144, 73.837772 18.53324))"
PUNE_GRID_100M_1103,18.534599,73.838236,39.98,0.165,0.27,-0.4,Built-up,0.203,37.53,41.7,2.45,High,20,6250.0,0.625,149.1,0.466,1730.0,0.173,2026-05-31,"POLYGON ((73.837766 18.534144, 73.838713 18.53415, 73.838707 18.535054, 73.837759 18.535048, 73.837766 18.534144))"
PUNE_GRID_100M_1104,18.535502,73.83823,38.09,0.339,0.186,-0.4,Built-up,0.215,36.34,45.6,2.68,High,19,5070.0,0.507,117.1,0.366,3700.0,0.37,2026-05-31,"POLYGON ((73.837759 18.535048, 73.838707 18.535054, 73.838701 18.535957, 73.837753 18.535951, 73.837759 18.535048))"
PUNE_GRID_100M_1105,18.536406,73.838224,38.99,0.206,0.178,-0.4,Built-up,0.21,36.99,42.3,2.63,High,19,5620.0,0.562,150.7,0.471,1600.0,0.16,2026-05-31,"POLYGON ((73.837753 18.535951, 73.838701 18.535957, 73.838695 18.536861, 73.837747 18.536855, 73.837753 18.535951))"
PUNE_GRID_100M_1106,18.53731,73.838218,37.16,0.366,0.142,-0.379,Built-up,0.236,35.84,48.5,2.71,Medium,15,4470.0,0.447,91.8,0.287,3340.0,0.334,2026-05-31,"POLYGON ((73.837747 18.536855, 73.838695 18.536861, 73.838688 18.537764, 73.837741 18.537759, 73.837747 18.536855))"
PUNE_GRID_100M_1107,18.538213,73.838212,38.37,0.247,0.165,-0.341,Built-up,0.201,36.91,44.5,2.74,High,22,5230.0,0.523,131.2,0.41,2060.0,0.206,2026-05-31,"POLYGON ((73.837741 18.537759, 73.838688 18.537764, 73.838682 18.538668, 73.837735 18.538662, 73.837741 18.537759))"
PUNE_GRID_100M_1108,18.539117,73.838206,36.92,0.308,0.049,-0.314,Built-up,0.233,35.34,43.6,2.83,Medium,17,4320.0,0.432,86.1,0.269,4050.0,0.405,2026-05-31,"POLYGON ((73.837735 18.538662, 73.838682 18.538668, 73.838676 18.539572, 73.837729 18.539566, 73.837735 18.538662))"
PUNE_GRID_100M_1109,18.540021,73.8382,37.15,0.343,0.157,-0.4,Built-up,0.223,35.35,44.5,2.66,Medium,14,4450.0,0.445,120.3,0.376,3490.0,0.349,2026-05-31,"POLYGON ((73.837729 18.539566, 73.838676 18.539572, 73.83867 18.540475, 73.837723 18.540469, 73.837729 18.539566))"
PUNE_GRID_100M_1110,18.540924,73.838193,39.06,0.284,0.184,-0.4,Built-up,0.187,37.03,43.3,3.08,High,24,5640.0,0.564,132.2,0.413,2060.0,0.206,2026-05-31,"POLYGON ((73.837723 18.540469, 73.83867 18.540475, 73.838664 18.541379, 73.837717 18.541373, 73.837723 18.540469))"
PUNE_GRID_100M_1111,18.541828,73.838187,37.25,0.292,0.101,-0.354,Built-up,0.268,35.23,48.8,2.48,Medium,15,4510.0,0.451,124.5,0.389,3650.0,0.365,2026-05-31,"POLYGON ((73.837717 18.541373, 73.838664 18.541379, 73.838658 18.542283, 73.837711 18.542277, 73.837717 18.541373))"
PUNE_GRID_100M_1112,18.542731,73.838181,37.45,0.274,0.123,-0.368,Built-up,0.218,35.51,43.7,2.83,Medium,14,4630.0,0.463,117.4,0.367,3760.0,0.376,2026-05-31,"POLYGON ((73.837711 18.542277, 73.838658 18.542283, 73.838652 18.543186, 73.837704 18.54318, 73.837711 18.542277))"
PUNE_GRID_100M_1113,18.543635,73.838175,37.85,0.273,0.161,-0.4,Built-up,0.213,36.29,44.5,3.06,High,18,4870.0,0.487,101.1,0.316,2570.0,0.257,2026-05-31,"POLYGON ((73.837704 18.54318, 73.838652 18.543186, 73.838646 18.54409, 73.837698 18.544084, 73.837704 18.54318))"
PUNE_GRID_100M_1114,18.544539,73.838169,37.42,0.304,0.132,-0.257,Built-up,0.235,35.66,44.3,3.01,Medium,16,4600.0,0.46,128.6,0.402,2960.0,0.296,2026-05-31,"POLYGON ((73.837698 18.544084, 73.838646 18.54409, 73.83864 18.544993, 73.837692 18.544988, 73.837698 18.544084))"
PUNE_GRID_100M_1115,18.545442,73.838163,37.01,0.34,0.132,-0.4,Built-up,0.23,35.04,46.1,2.74,Medium,14,4340.0,0.434,124.2,0.388,3820.0,0.382,2026-05-31,"POLYGON ((73.837692 18.544988, 73.83864 18.544993, 73.838634 18.545897, 73.837686 18.545891, 73.837692 18.544988))"
PUNE_GRID_100M_1116,18.546346,73.838157,37.05,0.303,0.077,-0.4,Built-up,0.227,34.99,44.6,2.8,Medium,14,4360.0,0.436,115.8,0.362,3370.0,0.337,2026-05-31,"POLYGON ((73.837686 18.545891, 73.838634 18.545897, 73.838627 18.546801, 73.83768 18.546795, 73.837686 18.545891))"
PUNE_GRID_100M_1117,18.54725,73.838151,38.55,0.276,0.162,-0.4,Built-up,0.213,36.5,42.5,2.78,High,22,5290.0,0.529,117.1,0.366,2290.0,0.229,2026-05-31,"POLYGON ((73.83768 18.546795, 73.838627 18.546801, 73.838621 18.547704, 73.837674 18.547698, 73.83768 18.546795))"
PUNE_GRID_100M_1118,18.548153,73.838145,36.44,0.39,0.086,-0.279,Built-up,0.202,35.35,45.6,3.12,Medium,21,3970.0,0.397,91.5,0.286,4580.0,0.458,2026-05-31,"POLYGON ((73.837674 18.547698, 73.838621 18.547704, 73.838615 18.548608, 73.837668 18.548602, 73.837674 18.547698))"
PUNE_GRID_100M_1119,18.549057,73.838138,36.52,0.337,0.15,-0.4,Built-up,0.205,35.4,45.3,2.88,Medium,16,4000.0,0.4,97.9,0.306,3570.0,0.357,2026-05-31,"POLYGON ((73.837668 18.548602, 73.838615 18.548608, 73.838609 18.549512, 73.837662 18.549506, 73.837668 18.548602))"
PUNE_GRID_100M_1120,18.54996,73.838132,37.06,0.315,0.114,-0.4,Built-up,0.227,35.48,44.5,3.1,Medium,15,4340.0,0.434,95.0,0.297,3650.0,0.365,2026-05-31,"POLYGON ((73.837662 18.549506, 73.838609 18.549512, 73.838603 18.550415, 73.837656 18.550409, 73.837662 18.549506))"
PUNE_GRID_100M_1121,18.500267,73.839415,38.61,0.188,0.22,-0.384,Built-up,0.207,37.13,43.3,2.85,High,22,5370.0,0.537,150.4,0.47,2350.0,0.235,2026-05-31,"POLYGON ((73.838945 18.499812, 73.839892 18.499818, 73.839886 18.500721, 73.838939 18.500716, 73.838945 18.499812))"
PUNE_GRID_100M_1122,18.50117,73.839409,38.79,0.137,0.197,-0.4,Built-up,0.223,36.62,45.7,3.25,High,19,5490.0,0.549,133.8,0.418,2030.0,0.203,2026-05-31,"POLYGON ((73.838939 18.500716, 73.839886 18.500721, 73.83988 18.501625, 73.838932 18.501619, 73.838939 18.500716))"
PUNE_GRID_100M_1123,18.502074,73.839403,38.48,0.269,0.167,-0.4,Built-up,0.208,36.39,43.7,2.82,High,23,5300.0,0.53,92.5,0.289,3150.0,0.315,2026-05-31,"POLYGON ((73.838932 18.501619, 73.83988 18.501625, 73.839873 18.502529, 73.838926 18.502523, 73.838932 18.501619))"
PUNE_GRID_100M_1124,18.502978,73.839397,37.17,0.295,0.115,-0.368,Built-up,0.198,34.75,43.6,2.57,Medium,16,4480.0,0.448,112.0,0.35,3240.0,0.324,2026-05-31,"POLYGON ((73.838926 18.502523, 73.839873 18.502529, 73.839867 18.503432, 73.83892 18.503427, 73.838926 18.502523))"
PUNE_GRID_100M_1125,18.503881,73.839391,39.5,0.197,0.222,-0.4,Built-up,0.216,37.02,42.7,2.43,High,28,5950.0,0.595,138.2,0.432,2320.0,0.232,2026-05-31,"POLYGON ((73.83892 18.503427, 73.839867 18.503432, 73.839861 18.504336, 73.838914 18.50433, 73.83892 18.503427))"
PUNE_GRID_100M_1126,18.504785,73.839385,37.39,0.301,0.151,-0.359,Built-up,0.234,35.93,45.2,2.64,Medium,16,4630.0,0.463,110.1,0.344,3290.0,0.329,2026-05-31,"POLYGON ((73.838914 18.50433, 73.839861 18.504336, 73.839855 18.50524, 73.838908 18.505234, 73.838914 18.50433))"
PUNE_GRID_100M_1127,18.505689,73.839379,38.65,0.245,0.23,-0.377,Built-up,0.212,37.02,42.1,2.66,High,21,5420.0,0.542,125.4,0.392,2670.0,0.267,2026-05-31,"POLYGON ((73.838908 18.505234, 73.839855 18.50524, 73.839849 18.506143, 73.838902 18.506137, 73.838908 18.505234))"
PUNE_GRID_100M_1128,18.506592,73.839373,37.91,0.318,0.167,-0.4,Built-up,0.207,35.79,47.1,2.22,High,23,4960.0,0.496,129.3,0.404,3130.0,0.313,2026-05-31,"POLYGON ((73.838902 18.506137, 73.839849 18.506143, 73.839843 18.507047, 73.838896 18.507041, 73.838902 18.506137))"
PUNE_GRID_100M_1129,18.507496,73.839366,38.56,0.254,0.221,-0.4,Built-up,0.216,36.63,45.5,2.51,High,24,5370.0,0.537,143.4,0.448,2030.0,0.203,2026-05-31,"POLYGON ((73.838896 18.507041, 73.839843 18.507047, 73.839837 18.50795, 73.83889 18.507945, 73.838896 18.507041))"
PUNE_GRID_100M_1130,18.508399,73.83936,38.97,0.206,0.175,-0.4,Built-up,0.26,37.09,46.0,2.69,High,19,5630.0,0.563,138.9,0.434,1250.0,0.125,2026-05-31,"POLYGON ((73.83889 18.507945, 73.839837 18.50795, 73.839831 18.508854, 73.838884 18.508848, 73.83889 18.507945))"
PUNE_GRID_100M_1131,18.509303,73.839354,39.05,0.273,0.195,-0.4,Built-up,0.207,36.84,44.3,2.51,High,22,5690.0,0.569,132.2,0.413,2220.0,0.222,2026-05-31,"POLYGON ((73.838884 18.508848, 73.839831 18.508854, 73.839825 18.509758, 73.838878 18.509752, 73.838884 18.508848))"
PUNE_GRID_100M_1132,18.510207,73.839348,39.22,0.219,0.193,-0.4,Built-up,0.186,36.27,40.5,2.8,High,27,5800.0,0.58,138.6,0.433,1930.0,0.193,2026-05-31,"POLYGON ((73.838878 18.509752, 73.839825 18.509758, 73.839819 18.510661, 73.838871 18.510656, 73.838878 18.509752))"
PUNE_GRID_100M_1133,18.51111,73.839342,40.25,0.212,0.271,-0.4,Built-up,0.182,37.75,45.1,2.28,High,20,6440.0,0.644,154.9,0.484,1330.0,0.133,2026-05-31,"POLYGON ((73.838871 18.510656, 73.839819 18.510661, 73.839813 18.511565, 73.838865 18.511559, 73.838871 18.510656))"
PUNE_GRID_100M_1134,18.512014,73.839336,39.39,0.202,0.212,-0.375,Built-up,0.211,37.3,42.2,2.71,High,21,5910.0,0.591,131.5,0.411,1770.0,0.177,2026-05-31,"POLYGON ((73.838865 18.511559, 73.839813 18.511565, 73.839807 18.512469, 73.838859 18.512463, 73.838865 18.511559))"
PUNE_GRID_100M_1135,18.512918,73.83933,38.9,0.213,0.222,-0.363,Built-up,0.176,36.45,42.7,2.75,High,17,5610.0,0.561,142.1,0.444,1890.0,0.189,2026-05-31,"POLYGON ((73.838859 18.512463, 73.839807 18.512469, 73.8398 18.513372, 73.838853 18.513366, 73.838859 18.512463))"
PUNE_GRID_100M_1136,18.513821,73.839324,39.93,0.206,0.219,-0.4,Built-up,0.203,37.37,43.3,2.75,High,26,6250.0,0.625,155.8,0.487,2090.0,0.209,2026-05-31,"POLYGON ((73.838853 18.513366, 73.8398 18.513372, 73.839794 18.514276, 73.838847 18.51427, 73.838853 18.513366))"
PUNE_GRID_100M_1137,18.514725,73.839318,40.16,0.195,0.258,-0.4,Built-up,0.199,37.27,44.9,2.24,High,25,6400.0,0.64,173.4,0.542,390.0,0.039,2026-05-31,"POLYGON ((73.838847 18.51427, 73.839794 18.514276, 73.839788 18.51518, 73.838841 18.515174, 73.838847 18.51427))"
PUNE_GRID_100M_1138,18.515628,73.839312,38.27,0.28,0.193,-0.4,Built-up,0.228,35.52,46.0,2.6,High,17,5220.0,0.522,141.4,0.442,2750.0,0.275,2026-05-31,"POLYGON ((73.838841 18.515174, 73.839788 18.51518, 73.839782 18.516083, 73.838835 18.516077, 73.838841 18.515174))"
PUNE_GRID_100M_1139,18.516532,73.839305,39.77,0.197,0.178,-0.4,Built-up,0.228,37.65,44.5,2.4,High,24,6160.0,0.616,139.2,0.435,1310.0,0.131,2026-05-31,"POLYGON ((73.838835 18.516077, 73.839782 18.516083, 73.839776 18.516987, 73.838829 18.516981, 73.838835 18.516077))"
PUNE_GRID_100M_1140,18.517436,73.839299,39.88,0.131,0.308,-0.4,Built-up,0.198,37.41,42.6,2.25,High,22,6230.0,0.623,160.0,0.5,1140.0,0.114,2026-05-31,"POLYGON ((73.838829 18.516981, 73.839776 18.516987, 73.83977 18.51789, 73.838823 18.517885, 73.838829 18.516981))"
PUNE_GRID_100M_1141,18.518339,73.839293,39.11,0.214,0.201,-0.397,Built-up,0.171,37.36,43.2,2.44,High,26,5750.0,0.575,125.8,0.393,1940.0,0.194,2026-05-31,"POLYGON ((73.838823 18.517885, 73.83977 18.51789, 73.839764 18.518794, 73.838817 18.518788, 73.838823 18.517885))"
PUNE_GRID_100M_1142,18.519243,73.839287,40.46,0.216,0.21,-0.4,Built-up,0.216,38.08,43.2,2.34,High,27,6590.0,0.659,167.0,0.522,520.0,0.052,2026-05-31,"POLYGON ((73.838817 18.518788, 73.839764 18.518794, 73.839758 18.519698, 73.838811 18.519692, 73.838817 18.518788))"
PUNE_GRID_100M_1143,18.520147,73.839281,39.24,0.215,0.221,-0.4,Built-up,0.211,36.86,43.4,2.71,High,29,5830.0,0.583,133.4,0.417,2150.0,0.215,2026-05-31,"POLYGON ((73.838811 18.519692, 73.839758 18.519698, 73.839752 18.520601, 73.838804 18.520595, 73.838811 18.519692))"
PUNE_GRID_100M_1144,18.52105,73.839275,39.46,0.209,0.227,-0.4,Built-up,0.203,37.1,44.8,2.63,High,28,5970.0,0.597,130.2,0.407,2370.0,0.237,2026-05-31,"POLYGON ((73.838804 18.520595, 73.839752 18.520601, 73.839746 18.521505, 73.838798 18.521499, 73.838804 18.520595))"
PUNE_GRID_100M_1145,18.521954,73.839269,39.21,0.267,0.212,-0.39,Built-up,0.176,37.12,44.9,2.29,High,32,5810.0,0.581,143.0,0.447,2040.0,0.204,2026-05-31,"POLYGON ((73.838798 18.521499, 73.839746 18.521505, 73.839739 18.522409, 73.838792 18.522403, 73.838798 18.521499))"
PUNE_GRID_100M_1146,18.522857,73.839263,39.34,0.195,0.25,-0.4,Built-up,0.183,37.33,44.4,2.38,High,31,5890.0,0.589,107.2,0.335,2150.0,0.215,2026-05-31,"POLYGON ((73.838792 18.522403, 73.839739 18.522409, 73.839733 18.523312, 73.838786 18.523306, 73.838792 18.522403))"
PUNE_GRID_100M_1147,18.523761,73.839257,38.43,0.193,0.202,-0.371,Built-up,0.186,36.5,40.5,2.46,High,16,5320.0,0.532,105.3,0.329,2300.0,0.23,2026-05-31,"POLYGON ((73.838786 18.523306, 73.839733 18.523312, 73.839727 18.524216, 73.83878 18.52421, 73.838786 18.523306))"
PUNE_GRID_100M_1148,18.524665,73.839251,38.11,0.26,0.174,-0.394,Built-up,0.178,36.51,44.7,2.52,High,23,5120.0,0.512,120.6,0.377,2960.0,0.296,2026-05-31,"POLYGON ((73.83878 18.52421, 73.839727 18.524216, 73.839721 18.525119, 73.838774 18.525114, 73.83878 18.52421))"
PUNE_GRID_100M_1149,18.525568,73.839245,40.5,0.163,0.286,-0.399,Built-up,0.188,37.76,42.4,2.75,High,24,6610.0,0.661,159.7,0.499,1760.0,0.176,2026-05-31,"POLYGON ((73.838774 18.525114, 73.839721 18.525119, 73.839715 18.526023, 73.838768 18.526017, 73.838774 18.525114))"
PUNE_GRID_100M_1150,18.526472,73.839238,38.49,0.214,0.179,-0.4,Built-up,0.196,36.14,44.5,2.69,High,18,5360.0,0.536,123.8,0.387,2330.0,0.233,2026-05-31,"POLYGON ((73.838768 18.526017, 73.839715 18.526023, 73.839709 18.526927, 73.838762 18.526921, 73.838768 18.526017))"
PUNE_GRID_100M_1151,18.527376,73.839232,38.32,0.252,0.228,-0.4,Built-up,0.238,36.3,43.2,2.57,High,20,5250.0,0.525,105.9,0.331,2610.0,0.261,2026-05-31,"POLYGON ((73.838762 18.526921, 73.839709 18.526927, 73.839703 18.52783, 73.838756 18.527825, 73.838762 18.526921))"
PUNE_GRID_100M_1152,18.528279,73.839226,37.33,0.313,0.085,-0.362,Built-up,0.222,35.69,43.1,2.52,Medium,22,4620.0,0.462,100.5,0.314,3210.0,0.321,2026-05-31,"POLYGON ((73.838756 18.527825, 73.839703 18.52783, 73.839697 18.528734, 73.83875 18.528728, 73.838756 18.527825))"
PUNE_GRID_100M_1153,18.529183,73.83922,38.47,0.253,0.185,-0.36,Built-up,0.226,36.07,44.9,2.23,High,18,5330.0,0.533,132.8,0.415,2230.0,0.223,2026-05-31,"POLYGON ((73.83875 18.528728, 73.839697 18.528734, 73.839691 18.529638, 73.838743 18.529632, 73.83875 18.528728))"
PUNE_GRID_100M_1154,18.530086,73.839214,37.84,0.288,0.155,-0.366,Built-up,0.189,35.59,44.2,2.86,High,18,4940.0,0.494,126.1,0.394,1780.0,0.178,2026-05-31,"POLYGON ((73.838743 18.529632, 73.839691 18.529638, 73.839685 18.530541, 73.838737 18.530535, 73.838743 18.529632))"
PUNE_GRID_100M_1155,18.53099,73.839208,40.13,0.268,0.28,-0.4,Built-up,0.182,37.73,43.8,2.52,High,22,6370.0,0.637,152.6,0.477,1360.0,0.136,2026-05-31,"POLYGON ((73.838737 18.530535, 73.839685 18.530541, 73.839679 18.531445, 73.838731 18.531439, 73.838737 18.530535))"
PUNE_GRID_100M_1156,18.531894,73.839202,39.54,0.202,0.204,-0.4,Built-up,0.205,37.06,42.4,2.94,High,20,5990.0,0.599,158.7,0.496,1180.0,0.118,2026-05-31,"POLYGON ((73.838731 18.531439, 73.839679 18.531445, 73.839672 18.532348, 73.838725 18.532343, 73.838731 18.531439))"
PUNE_GRID_100M_1157,18.532797,73.839196,38.09,0.278,0.112,-0.4,Built-up,0.206,36.11,46.7,2.68,High,16,5080.0,0.508,127.0,0.397,2080.0,0.208,2026-05-31,"POLYGON ((73.838725 18.532343, 73.839672 18.532348, 73.839666 18.533252, 73.838719 18.533246, 73.838725 18.532343))"
PUNE_GRID_100M_1158,18.533701,73.83919,40.34,0.168,0.27,-0.4,Built-up,0.185,37.63,44.2,3.06,High,24,6490.0,0.649,146.2,0.457,1440.0,0.144,2026-05-31,"POLYGON ((73.838719 18.533246, 73.839666 18.533252, 73.83966 18.534156, 73.838713 18.53415, 73.838719 18.533246))"
PUNE_GRID_100M_1159,18.534605,73.839184,39.23,0.193,0.224,-0.392,Built-up,0.196,37.42,44.1,2.8,High,25,5780.0,0.578,135.0,0.422,1520.0,0.152,2026-05-31,"POLYGON ((73.838713 18.53415, 73.83966 18.534156, 73.839654 18.535059, 73.838707 18.535054, 73.838713 18.53415))"
PUNE_GRID_100M_1160,18.535508,73.839177,38.08,0.244,0.208,-0.4,Built-up,0.199,36.53,44.2,2.41,High,18,5060.0,0.506,103.4,0.323,2840.0,0.284,2026-05-31,"POLYGON ((73.838707 18.535054, 73.839654 18.535059, 73.839648 18.535963, 73.838701 18.535957, 73.838707 18.535054))"
PUNE_GRID_100M_1161,18.536412,73.839171,36.23,0.313,0.042,-0.4,Built-up,0.26,34.49,47.3,2.59,Medium,20,3900.0,0.39,92.2,0.288,4820.0,0.482,2026-05-31,"POLYGON ((73.838701 18.535957, 73.839648 18.535963, 73.839642 18.536867, 73.838695 18.536861, 73.838701 18.535957))"
PUNE_GRID_100M_1162,18.537316,73.839165,39.95,0.216,0.282,-0.4,Built-up,0.195,37.31,43.6,2.7,High,20,6220.0,0.622,163.5,0.511,680.0,0.068,2026-05-31,"POLYGON ((73.838695 18.536861, 73.839642 18.536867, 73.839636 18.53777, 73.838688 18.537764, 73.838695 18.536861))"
PUNE_GRID_100M_1163,18.538219,73.839159,36.89,0.403,0.181,-0.4,Vegetation,0.215,35.58,45.8,2.58,Medium,21,4300.0,0.43,112.0,0.35,3040.0,0.304,2026-05-31,"POLYGON ((73.838688 18.537764, 73.839636 18.53777, 73.83963 18.538674, 73.838682 18.538668, 73.838688 18.537764))"
PUNE_GRID_100M_1164,18.539123,73.839153,36.56,0.292,0.084,-0.376,Built-up,0.233,35.27,47.3,2.69,Medium,18,4100.0,0.41,116.5,0.364,3920.0,0.392,2026-05-31,"POLYGON ((73.838682 18.538668, 73.83963 18.538674, 73.839624 18.539577, 73.838676 18.539572, 73.838682 18.538668))"
PUNE_GRID_100M_1165,18.540026,73.839147,38.58,0.233,0.147,-0.351,Built-up,0.223,36.49,46.3,2.52,High,18,5350.0,0.535,124.5,0.389,2940.0,0.294,2026-05-31,"POLYGON ((73.838676 18.539572, 73.839624 18.539577, 73.839618 18.540481, 73.83867 18.540475, 73.838676 18.539572))"
PUNE_GRID_100M_1166,18.54093,73.839141,39.59,0.212,0.219,-0.4,Built-up,0.199,36.87,41.4,2.81,High,22,5980.0,0.598,160.6,0.502,880.0,0.088,2026-05-31,"POLYGON ((73.83867 18.540475, 73.839618 18.540481, 73.839611 18.541385, 73.838664 18.541379, 73.83867 18.540475))"
PUNE_GRID_100M_1167,18.541834,73.839135,38.62,0.264,0.188,-0.4,Built-up,0.201,36.33,42.5,2.88,High,22,5370.0,0.537,126.4,0.395,2610.0,0.261,2026-05-31,"POLYGON ((73.838664 18.541379, 73.839611 18.541385, 73.839605 18.542288, 73.838658 18.542283, 73.838664 18.541379))"
PUNE_GRID_100M_1168,18.542737,73.839129,37.84,0.286,0.17,-0.376,Built-up,0.212,35.83,43.6,2.65,High,19,4870.0,0.487,135.7,0.424,3090.0,0.309,2026-05-31,"POLYGON ((73.838658 18.542283, 73.839605 18.542288, 73.839599 18.543192, 73.838652 18.543186, 73.838658 18.542283))"
PUNE_GRID_100M_1169,18.543641,73.839122,37.73,0.331,0.13,-0.318,Built-up,0.234,35.99,42.6,3.26,High,16,4800.0,0.48,114.9,0.359,2300.0,0.23,2026-05-31,"POLYGON ((73.838652 18.543186, 73.839599 18.543192, 73.839593 18.544096, 73.838646 18.54409, 73.838652 18.543186))"
PUNE_GRID_100M_1170,18.544545,73.839116,37.81,0.18,0.198,-0.4,Built-up,0.221,36.48,44.7,2.91,High,21,4840.0,0.484,125.1,0.391,3310.0,0.331,2026-05-31,"POLYGON ((73.838646 18.54409, 73.839593 18.544096, 73.839587 18.544999, 73.83864 18.544993, 73.838646 18.54409))"
PUNE_GRID_100M_1171,18.545448,73.83911,37.6,0.189,0.109,-0.4,Built-up,0.217,35.61,45.8,2.75,High,15,4710.0,0.471,131.8,0.412,3400.0,0.34,2026-05-31,"POLYGON ((73.83864 18.544993, 73.839587 18.544999, 73.839581 18.545903, 73.838634 18.545897, 73.83864 18.544993))"
PUNE_GRID_100M_1172,18.546352,73.839104,37.08,0.282,0.066,-0.351,Built-up,0.24,35.15,45.3,2.61,Medium,22,4380.0,0.438,102.7,0.321,3530.0,0.353,2026-05-31,"POLYGON ((73.838634 18.545897, 73.839581 18.545903, 73.839575 18.546806, 73.838627 18.546801, 73.838634 18.545897))"
PUNE_GRID_100M_1173,18.547255,73.839098,36.8,0.356,0.139,-0.325,Built-up,0.212,35.23,44.8,2.98,Medium,14,4200.0,0.42,103.7,0.324,4330.0,0.433,2026-05-31,"POLYGON ((73.838627 18.546801, 73.839575 18.546806, 73.839569 18.54771, 73.838621 18.547704, 73.838627 18.546801))"
PUNE_GRID_100M_1174,18.548159,73.839092,36.53,0.259,0.026,-0.386,Built-up,0.236,35.38,47.5,2.93,Medium,13,4020.0,0.402,113.0,0.353,4380.0,0.438,2026-05-31,"POLYGON ((73.838621 18.547704, 73.839569 18.54771, 73.839563 18.548614, 73.838615 18.548608, 73.838621 18.547704))"
PUNE_GRID_100M_1175,18.549063,73.839086,35.84,0.225,0.057,-0.4,Built-up,0.223,34.15,46.5,3.17,Medium,17,3590.0,0.359,84.5,0.264,4660.0,0.466,2026-05-31,"POLYGON ((73.838615 18.548608, 73.839563 18.548614, 73.839556 18.549517, 73.838609 18.549512, 73.838615 18.548608))"
PUNE_GRID_100M_1176,18.549966,73.83908,36.08,0.36,0.167,-0.385,Built-up,0.207,35.19,46.7,3.0,Medium,15,3730.0,0.373,72.6,0.227,4410.0,0.441,2026-05-31,"POLYGON ((73.838609 18.549512, 73.839556 18.549517, 73.83955 18.550421, 73.838603 18.550415, 73.838609 18.549512))"
PUNE_GRID_100M_1177,18.500273,73.840362,36.48,0.333,0.091,-0.346,Built-up,0.244,34.98,47.5,2.54,Medium,19,4040.0,0.404,124.5,0.389,3400.0,0.34,2026-05-31,"POLYGON ((73.839892 18.499818, 73.840839 18.499824, 73.840833 18.500727, 73.839886 18.500721, 73.839892 18.499818))"
PUNE_GRID_100M_1178,18.501176,73.840356,37.88,0.231,0.121,-0.398,Built-up,0.22,35.8,44.5,3.09,High,17,4920.0,0.492,112.0,0.35,3010.0,0.301,2026-05-31,"POLYGON ((73.839886 18.500721, 73.840833 18.500727, 73.840827 18.501631, 73.83988 18.501625, 73.839886 18.500721))"
PUNE_GRID_100M_1179,18.50208,73.84035,37.29,0.255,0.126,-0.4,Built-up,0.219,35.12,48.3,2.82,Medium,17,4560.0,0.456,111.4,0.348,3620.0,0.362,2026-05-31,"POLYGON ((73.83988 18.501625, 73.840827 18.501631, 73.840821 18.502535, 73.839873 18.502529, 73.83988 18.501625))"
PUNE_GRID_100M_1180,18.502983,73.840344,37.32,0.255,0.128,-0.351,Built-up,0.195,35.84,44.5,2.67,Medium,17,4580.0,0.458,124.8,0.39,3120.0,0.312,2026-05-31,"POLYGON ((73.839873 18.502529, 73.840821 18.502535, 73.840815 18.503438, 73.839867 18.503432, 73.839873 18.502529))"
PUNE_GRID_100M_1181,18.503887,73.840338,38.46,0.258,0.186,-0.398,Built-up,0.202,36.37,47.2,2.73,High,25,5300.0,0.53,119.4,0.373,1700.0,0.17,2026-05-31,"POLYGON ((73.839867 18.503432, 73.840815 18.503438, 73.840808 18.504342, 73.839861 18.504336, 73.839867 18.503432))"
PUNE_GRID_100M_1182,18.504791,73.840332,39.54,0.191,0.249,-0.4,Built-up,0.192,37.23,41.9,2.77,High,28,5980.0,0.598,130.6,0.408,2300.0,0.23,2026-05-31,"POLYGON ((73.839861 18.504336, 73.840808 18.504342, 73.840802 18.505245, 73.839855 18.50524, 73.839861 18.504336))"
PUNE_GRID_100M_1183,18.505694,73.840326,39.27,0.245,0.186,-0.4,Built-up,0.194,36.72,44.4,2.37,High,31,5820.0,0.582,143.0,0.447,1920.0,0.192,2026-05-31,"POLYGON ((73.839855 18.50524, 73.840802 18.505245, 73.840796 18.506149, 73.839849 18.506143, 73.839855 18.50524))"
PUNE_GRID_100M_1184,18.506598,73.84032,37.39,0.177,0.183,-0.4,Built-up,0.207,35.58,44.1,2.67,Medium,20,4640.0,0.464,88.3,0.276,3380.0,0.338,2026-05-31,"POLYGON ((73.839849 18.506143, 73.840796 18.506149, 73.84079 18.507053, 73.839843 18.507047, 73.839849 18.506143))"
PUNE_GRID_100M_1185,18.507502,73.840314,37.95,0.237,0.165,-0.382,Built-up,0.204,35.92,46.3,2.54,High,19,5000.0,0.5,116.2,0.363,3250.0,0.325,2026-05-31,"POLYGON ((73.839843 18.507047, 73.84079 18.507053, 73.840784 18.507956, 73.839837 18.50795, 73.839843 18.507047))"
PUNE_GRID_100M_1186,18.508405,73.840307,39.6,0.169,0.254,-0.4,Built-up,0.195,37.19,42.6,2.71,High,20,6030.0,0.603,147.8,0.462,2190.0,0.219,2026-05-31,"POLYGON ((73.839837 18.50795, 73.840784 18.507956, 73.840778 18.50886, 73.839831 18.508854, 73.839837 18.50795))"
PUNE_GRID_100M_1187,18.509309,73.840301,38.15,0.254,0.148,-0.4,Built-up,0.215,36.0,44.9,2.45,High,18,5130.0,0.513,119.7,0.374,1630.0,0.163,2026-05-31,"POLYGON ((73.839831 18.508854, 73.840778 18.50886, 73.840772 18.509764, 73.839825 18.509758, 73.839831 18.508854))"
PUNE_GRID_100M_1188,18.510212,73.840295,38.84,0.219,0.236,-0.4,Built-up,0.183,36.23,43.0,2.46,High,23,5570.0,0.557,113.9,0.356,2540.0,0.254,2026-05-31,"POLYGON ((73.839825 18.509758, 73.840772 18.509764, 73.840766 18.510667, 73.839819 18.510661, 73.839825 18.509758))"
PUNE_GRID_100M_1189,18.511116,73.840289,39.55,0.248,0.222,-0.4,Built-up,0.194,38.0,44.8,2.9,High,19,6010.0,0.601,164.8,0.515,870.0,0.087,2026-05-31,"POLYGON ((73.839819 18.510661, 73.840766 18.510667, 73.84076 18.511571, 73.839813 18.511565, 73.839819 18.510661))"
PUNE_GRID_100M_1190,18.51202,73.840283,38.41,0.181,0.187,-0.38,Built-up,0.208,35.98,43.3,2.8,High,18,5300.0,0.53,128.6,0.402,2690.0,0.269,2026-05-31,"POLYGON ((73.839813 18.511565, 73.84076 18.511571, 73.840754 18.512474, 73.839807 18.512469, 73.839813 18.511565))"
PUNE_GRID_100M_1191,18.512923,73.840277,39.34,0.225,0.192,-0.397,Built-up,0.223,37.09,46.1,1.88,High,18,5890.0,0.589,159.7,0.499,1660.0,0.166,2026-05-31,"POLYGON ((73.839807 18.512469, 73.840754 18.512474, 73.840748 18.513378, 73.8398 18.513372, 73.839807 18.512469))"
PUNE_GRID_100M_1192,18.513827,73.840271,38.25,0.284,0.141,-0.4,Built-up,0.218,35.74,42.9,2.76,High,20,5210.0,0.521,121.6,0.38,2900.0,0.29,2026-05-31,"POLYGON ((73.8398 18.513372, 73.840748 18.513378, 73.840742 18.514282, 73.839794 18.514276, 73.8398 18.513372))"
PUNE_GRID_100M_1193,18.514731,73.840265,38.89,0.313,0.221,-0.4,Built-up,0.19,36.12,41.9,2.51,High,25,5610.0,0.561,123.5,0.386,2030.0,0.203,2026-05-31,"POLYGON ((73.839794 18.514276, 73.840742 18.514282, 73.840735 18.515185, 73.839788 18.51518, 73.839794 18.514276))"
PUNE_GRID_100M_1194,18.515634,73.840259,39.67,0.192,0.222,-0.4,Built-up,0.206,37.3,44.7,2.37,High,32,6110.0,0.611,150.1,0.469,730.0,0.073,2026-05-31,"POLYGON ((73.839788 18.51518, 73.840735 18.515185, 73.840729 18.516089, 73.839782 18.516083, 73.839788 18.51518))"
PUNE_GRID_100M_1195,18.516538,73.840253,38.18,0.277,0.142,-0.4,Built-up,0.24,36.28,43.6,2.31,High,18,5180.0,0.518,121.6,0.38,2500.0,0.25,2026-05-31,"POLYGON ((73.839782 18.516083, 73.840729 18.516089, 73.840723 18.516993, 73.839776 18.516987, 73.839782 18.516083))"
PUNE_GRID_100M_1196,18.517442,73.840247,39.84,0.133,0.224,-0.4,Built-up,0.213,37.77,43.1,2.31,High,31,6210.0,0.621,134.1,0.419,1700.0,0.17,2026-05-31,"POLYGON ((73.839776 18.516987, 73.840723 18.516993, 73.840717 18.517896, 73.83977 18.51789, 73.839776 18.516987))"
PUNE_GRID_100M_1197,18.518345,73.840241,39.5,0.122,0.248,-0.4,Built-up,0.204,37.27,42.9,2.36,High,26,6000.0,0.6,162.9,0.509,1880.0,0.188,2026-05-31,"POLYGON ((73.83977 18.51789, 73.840717 18.517896, 73.840711 18.5188, 73.839764 18.518794, 73.83977 18.51789))"
PUNE_GRID_100M_1198,18.519249,73.840234,39.97,0.235,0.23,-0.4,Built-up,0.209,37.43,41.1,2.27,High,24,6300.0,0.63,143.4,0.448,890.0,0.089,2026-05-31,"POLYGON ((73.839764 18.518794, 73.840711 18.5188, 73.840705 18.519703, 73.839758 18.519698, 73.839764 18.518794))"
PUNE_GRID_100M_1199,18.520152,73.840228,39.71,0.21,0.233,-0.4,Built-up,0.22,37.01,43.1,2.22,High,23,6140.0,0.614,123.8,0.387,2110.0,0.211,2026-05-31,"POLYGON ((73.839758 18.519698, 73.840705 18.519703, 73.840699 18.520607, 73.839752 18.520601, 73.839758 18.519698))"
PUNE_GRID_100M_1200,18.521056,73.840222,40.62,0.225,0.278,-0.4,Built-up,0.206,38.38,44.4,2.29,High,25,6700.0,0.67,177.9,0.556,370.0,0.037,2026-05-31,"POLYGON ((73.839752 18.520601, 73.840699 18.520607, 73.840693 18.521511, 73.839746 18.521505, 73.839752 18.520601))"
PUNE_GRID_100M_1201,18.52196,73.840216,39.62,0.158,0.175,-0.322,Built-up,0.217,37.51,44.8,2.56,High,29,6080.0,0.608,139.5,0.436,1760.0,0.176,2026-05-31,"POLYGON ((73.839746 18.521505, 73.840693 18.521511, 73.840687 18.522414, 73.839739 18.522409, 73.839746 18.521505))"
PUNE_GRID_100M_1202,18.522863,73.84021,39.16,0.25,0.168,-0.37,Built-up,0.226,36.54,44.0,2.51,High,24,5780.0,0.578,130.9,0.409,1790.0,0.179,2026-05-31,"POLYGON ((73.839739 18.522409, 73.840687 18.522414, 73.840681 18.523318, 73.839733 18.523312, 73.839739 18.522409))"
PUNE_GRID_100M_1203,18.523767,73.840204,39.57,0.29,0.241,-0.4,Built-up,0.18,37.21,45.0,2.62,High,22,6040.0,0.604,122.2,0.382,1890.0,0.189,2026-05-31,"POLYGON ((73.839733 18.523312, 73.840681 18.523318, 73.840675 18.524222, 73.839727 18.524216, 73.839733 18.523312))"
PUNE_GRID_100M_1204,18.524671,73.840198,39.87,0.221,0.222,-0.4,Built-up,0.178,37.45,41.5,2.5,High,19,6230.0,0.623,171.8,0.537,1520.0,0.152,2026-05-31,"POLYGON ((73.839727 18.524216, 73.840675 18.524222, 73.840668 18.525125, 73.839721 18.525119, 73.839727 18.524216))"
PUNE_GRID_100M_1205,18.525574,73.840192,39.43,0.231,0.256,-0.4,Built-up,0.196,37.0,43.0,2.26,High,21,5950.0,0.595,126.4,0.395,1370.0,0.137,2026-05-31,"POLYGON ((73.839721 18.525119, 73.840668 18.525125, 73.840662 18.526029, 73.839715 18.526023, 73.839721 18.525119))"
PUNE_GRID_100M_1206,18.526478,73.840186,39.37,0.222,0.251,-0.4,Built-up,0.196,37.29,44.1,2.63,High,19,5910.0,0.591,142.7,0.446,1480.0,0.148,2026-05-31,"POLYGON ((73.839715 18.526023, 73.840662 18.526029, 73.840656 18.526933, 73.839709 18.526927, 73.839715 18.526023))"
PUNE_GRID_100M_1207,18.527381,73.84018,38.71,0.182,0.214,-0.4,Built-up,0.193,36.85,43.8,2.34,High,19,5500.0,0.55,143.7,0.449,2230.0,0.223,2026-05-31,"POLYGON ((73.839709 18.526927, 73.840656 18.526933, 73.84065 18.527836, 73.839703 18.52783, 73.839709 18.526927))"
PUNE_GRID_100M_1208,18.528285,73.840174,38.67,0.301,0.245,-0.389,Built-up,0.208,36.51,43.7,2.68,High,20,5470.0,0.547,136.6,0.427,3210.0,0.321,2026-05-31,"POLYGON ((73.839703 18.52783, 73.84065 18.527836, 73.840644 18.52874, 73.839697 18.528734, 73.839703 18.52783))"
PUNE_GRID_100M_1209,18.529189,73.840167,38.01,0.245,0.158,-0.396,Built-up,0.184,36.02,42.8,2.33,High,24,5050.0,0.505,120.3,0.376,2480.0,0.248,2026-05-31,"POLYGON ((73.839697 18.528734, 73.840644 18.52874, 73.840638 18.529643, 73.839691 18.529638, 73.839697 18.528734))"
PUNE_GRID_100M_1210,18.530092,73.840161,40.45,0.204,0.29,-0.4,Built-up,0.18,38.26,39.5,2.44,High,24,6570.0,0.657,136.0,0.425,1970.0,0.197,2026-05-31,"POLYGON ((73.839691 18.529638, 73.840638 18.529643, 73.840632 18.530547, 73.839685 18.530541, 73.839691 18.529638))"
PUNE_GRID_100M_1211,18.530996,73.840155,37.97,0.209,0.141,-0.354,Built-up,0.207,36.36,45.9,2.52,High,18,5020.0,0.502,110.1,0.344,3750.0,0.375,2026-05-31,"POLYGON ((73.839685 18.530541, 73.840632 18.530547, 73.840626 18.531451, 73.839679 18.531445, 73.839685 18.530541))"
PUNE_GRID_100M_1212,18.5319,73.840149,38.32,0.212,0.248,-0.4,Built-up,0.171,36.35,44.7,2.74,High,19,5240.0,0.524,128.3,0.401,2520.0,0.252,2026-05-31,"POLYGON ((73.839679 18.531445, 73.840626 18.531451, 73.84062 18.532354, 73.839672 18.532348, 73.839679 18.531445))"
PUNE_GRID_100M_1213,18.532803,73.840143,38.2,0.32,0.229,-0.4,Built-up,0.221,35.75,45.8,2.66,High,20,5160.0,0.516,113.9,0.356,2650.0,0.265,2026-05-31,"POLYGON ((73.839672 18.532348, 73.84062 18.532354, 73.840614 18.533258, 73.839666 18.533252, 73.839672 18.532348))"
PUNE_GRID_100M_1214,18.533707,73.840137,39.39,0.207,0.223,-0.4,Built-up,0.179,37.18,42.8,2.64,High,23,5900.0,0.59,144.3,0.451,1470.0,0.147,2026-05-31,"POLYGON ((73.839666 18.533252, 73.840614 18.533258, 73.840608 18.534162, 73.83966 18.534156, 73.839666 18.533252))"
PUNE_GRID_100M_1215,18.53461,73.840131,38.34,0.316,0.187,-0.4,Built-up,0.198,36.55,43.3,3.03,High,23,5230.0,0.523,134.4,0.42,2480.0,0.248,2026-05-31,"POLYGON ((73.83966 18.534156, 73.840608 18.534162, 73.840601 18.535065, 73.839654 18.535059, 73.83966 18.534156))"
PUNE_GRID_100M_1216,18.535514,73.840125,39.46,0.216,0.266,-0.4,Built-up,0.206,36.3,43.4,2.31,High,23,5930.0,0.593,154.6,0.483,1060.0,0.106,2026-05-31,"POLYGON ((73.839654 18.535059, 73.840601 18.535065, 73.840595 18.535969, 73.839648 18.535963, 73.839654 18.535059))"
PUNE_GRID_100M_1217,18.536418,73.840119,37.81,0.203,0.147,-0.4,Built-up,0.223,36.04,46.0,2.48,High,23,4900.0,0.49,101.8,0.318,3120.0,0.312,2026-05-31,"POLYGON ((73.839648 18.535963, 73.840595 18.535969, 73.840589 18.536872, 73.839642 18.536867, 73.839648 18.535963))"
PUNE_GRID_100M_1218,18.537321,73.840113,38.46,0.29,0.161,-0.4,Built-up,0.194,36.3,43.9,2.49,High,18,5300.0,0.53,155.2,0.485,2840.0,0.284,2026-05-31,"POLYGON ((73.839642 18.536867, 73.840589 18.536872, 73.840583 18.537776, 73.839636 18.53777, 73.839642 18.536867))"
PUNE_GRID_100M_1219,18.538225,73.840106,37.45,0.266,0.161,-0.4,Built-up,0.221,35.65,46.2,2.38,Medium,22,4660.0,0.466,121.6,0.38,2960.0,0.296,2026-05-31,"POLYGON ((73.839636 18.53777, 73.840583 18.537776, 73.840577 18.53868, 73.83963 18.538674, 73.839636 18.53777))"
PUNE_GRID_100M_1220,18.539129,73.8401,39.71,0.238,0.239,-0.4,Built-up,0.201,37.02,41.7,2.61,High,31,6070.0,0.607,145.6,0.455,1470.0,0.147,2026-05-31,"POLYGON ((73.83963 18.538674, 73.840577 18.53868, 73.840571 18.539583, 73.839624 18.539577, 73.83963 18.538674))"
PUNE_GRID_100M_1221,18.540032,73.840094,36.92,0.309,0.117,-0.4,Built-up,0.254,35.3,45.2,2.91,Medium,17,4320.0,0.432,117.8,0.368,2900.0,0.29,2026-05-31,"POLYGON ((73.839624 18.539577, 73.840571 18.539583, 73.840565 18.540487, 73.839618 18.540481, 73.839624 18.539577))"
PUNE_GRID_100M_1222,18.540936,73.840088,37.99,0.209,0.135,-0.4,Built-up,0.222,36.51,44.5,2.67,High,18,4990.0,0.499,150.1,0.469,2750.0,0.275,2026-05-31,"POLYGON ((73.839618 18.540481, 73.840565 18.540487, 73.840559 18.541391, 73.839611 18.541385, 73.839618 18.540481))"
PUNE_GRID_100M_1223,18.541839,73.840082,38.12,0.272,0.114,-0.39,Built-up,0.217,36.05,46.3,2.75,High,20,5060.0,0.506,103.0,0.322,3080.0,0.308,2026-05-31,"POLYGON ((73.839611 18.541385, 73.840559 18.541391, 73.840553 18.542294, 73.839605 18.542288, 73.839611 18.541385))"
PUNE_GRID_100M_1224,18.542743,73.840076,37.82,0.364,0.159,-0.4,Built-up,0.199,36.26,45.1,2.49,High,22,4870.0,0.487,113.9,0.356,3090.0,0.309,2026-05-31,"POLYGON ((73.839605 18.542288, 73.840553 18.542294, 73.840547 18.543198, 73.839599 18.543192, 73.839605 18.542288))"
PUNE_GRID_100M_1225,18.543647,73.84007,37.21,0.317,0.152,-0.4,Built-up,0.201,35.31,47.9,2.7,Medium,17,4480.0,0.448,77.1,0.241,3710.0,0.371,2026-05-31,"POLYGON ((73.839599 18.543192, 73.840547 18.543198, 73.84054 18.544101, 73.839593 18.544096, 73.839599 18.543192))"
PUNE_GRID_100M_1226,18.54455,73.840064,37.12,0.298,0.114,-0.317,Built-up,0.207,35.71,43.3,2.79,Medium,19,4420.0,0.442,108.5,0.339,3450.0,0.345,2026-05-31,"POLYGON ((73.839593 18.544096, 73.84054 18.544101, 73.840534 18.545005, 73.839587 18.544999, 73.839593 18.544096))"
PUNE_GRID_100M_1227,18.545454,73.840058,37.12,0.344,0.163,-0.361,Built-up,0.231,35.48,45.5,3.03,Medium,14,4410.0,0.441,110.4,0.345,3760.0,0.376,2026-05-31,"POLYGON ((73.839587 18.544999, 73.840534 18.545005, 73.840528 18.545909, 73.839581 18.545903, 73.839587 18.544999))"
PUNE_GRID_100M_1228,18.546358,73.840052,36.83,0.319,0.086,-0.362,Built-up,0.225,35.39,45.8,2.59,Medium,13,4230.0,0.423,101.1,0.316,3810.0,0.381,2026-05-31,"POLYGON ((73.839581 18.545903, 73.840528 18.545909, 73.840522 18.546812, 73.839575 18.546806, 73.839581 18.545903))"
PUNE_GRID_100M_1229,18.547261,73.840045,37.58,0.293,0.109,-0.298,Built-up,0.229,35.81,45.9,2.86,High,18,4690.0,0.469,104.3,0.326,3460.0,0.346,2026-05-31,"POLYGON ((73.839575 18.546806, 73.840522 18.546812, 73.840516 18.547716, 73.839569 18.54771, 73.839575 18.546806))"
PUNE_GRID_100M_1230,18.548165,73.840039,38.44,0.211,0.178,-0.4,Built-up,0.231,36.6,43.0,3.19,High,23,5220.0,0.522,99.2,0.31,2940.0,0.294,2026-05-31,"POLYGON ((73.839569 18.54771, 73.840516 18.547716, 73.84051 18.54862, 73.839563 18.548614, 73.839569 18.54771))"
PUNE_GRID_100M_1231,18.549068,73.840033,36.09,0.346,0.072,-0.284,Built-up,0.192,33.99,48.7,2.91,Medium,13,3740.0,0.374,94.4,0.295,4820.0,0.482,2026-05-31,"POLYGON ((73.839563 18.548614, 73.84051 18.54862, 73.840504 18.549523, 73.839556 18.549517, 73.839563 18.548614))"
PUNE_GRID_100M_1232,18.549972,73.840027,35.29,0.406,0.061,-0.4,Vegetation,0.248,33.78,46.8,2.6,Medium,17,3240.0,0.324,96.3,0.301,5130.0,0.513,2026-05-31,"POLYGON ((73.839556 18.549517, 73.840504 18.549523, 73.840498 18.550427, 73.83955 18.550421, 73.839556 18.549517))"
PUNE_GRID_100M_1233,18.500278,73.841309,37.87,0.241,0.131,-0.39,Built-up,0.217,36.13,43.1,3.02,High,19,4920.0,0.492,110.4,0.345,3120.0,0.312,2026-05-31,"POLYGON ((73.840839 18.499824, 73.841786 18.499829, 73.84178 18.500733, 73.840833 18.500727, 73.840839 18.499824))"
PUNE_GRID_100M_1234,18.501182,73.841303,40.13,0.252,0.297,-0.4,Built-up,0.193,36.98,42.9,2.89,High,27,6330.0,0.633,157.4,0.492,1800.0,0.18,2026-05-31,"POLYGON ((73.840833 18.500727, 73.84178 18.500733, 73.841774 18.501637, 73.840827 18.501631, 73.840833 18.500727))"
PUNE_GRID_100M_1235,18.502086,73.841297,37.55,0.282,0.199,-0.4,Built-up,0.192,35.63,44.5,2.89,High,15,4730.0,0.473,93.4,0.292,3560.0,0.356,2026-05-31,"POLYGON ((73.840827 18.501631, 73.841774 18.501637, 73.841768 18.50254, 73.840821 18.502535, 73.840827 18.501631))"
PUNE_GRID_100M_1236,18.502989,73.841291,39.63,0.177,0.232,-0.4,Built-up,0.187,37.22,47.5,2.35,High,33,6030.0,0.603,150.7,0.471,2080.0,0.208,2026-05-31,"POLYGON ((73.840821 18.502535, 73.841768 18.50254, 73.841762 18.503444, 73.840815 18.503438, 73.840821 18.502535))"
PUNE_GRID_100M_1237,18.503893,73.841285,39.78,0.248,0.278,-0.4,Built-up,0.197,37.1,44.8,2.98,High,23,6130.0,0.613,142.1,0.444,1780.0,0.178,2026-05-31,"POLYGON ((73.840815 18.503438, 73.841762 18.503444, 73.841756 18.504348, 73.840808 18.504342, 73.840815 18.503438))"
PUNE_GRID_100M_1238,18.504796,73.841279,38.11,0.255,0.133,-0.368,Built-up,0.252,35.97,44.6,2.5,High,17,5090.0,0.509,112.3,0.351,2120.0,0.212,2026-05-31,"POLYGON ((73.840808 18.504342, 73.841756 18.504348, 73.84175 18.505251, 73.840802 18.505245, 73.840808 18.504342))"
PUNE_GRID_100M_1239,18.5057,73.841273,39.12,0.261,0.243,-0.4,Built-up,0.211,36.97,43.5,2.54,High,23,5730.0,0.573,127.7,0.399,2590.0,0.259,2026-05-31,"POLYGON ((73.840802 18.505245, 73.84175 18.505251, 73.841743 18.506155, 73.840796 18.506149, 73.840802 18.505245))"
PUNE_GRID_100M_1240,18.506604,73.841267,40.08,0.186,0.285,-0.4,Built-up,0.208,37.86,44.4,2.48,High,32,6330.0,0.633,146.9,0.459,1350.0,0.135,2026-05-31,"POLYGON ((73.840796 18.506149, 73.841743 18.506155, 73.841737 18.507058, 73.84079 18.507053, 73.840796 18.506149))"
PUNE_GRID_100M_1241,18.507507,73.841261,38.58,0.247,0.212,-0.4,Built-up,0.199,36.22,45.6,2.79,High,17,5400.0,0.54,134.4,0.42,2320.0,0.232,2026-05-31,"POLYGON ((73.84079 18.507053, 73.841737 18.507058, 73.841731 18.507962, 73.840784 18.507956, 73.84079 18.507053))"
PUNE_GRID_100M_1242,18.508411,73.841255,38.82,0.261,0.196,-0.388,Built-up,0.196,36.5,39.6,2.55,High,21,5550.0,0.555,116.5,0.364,2470.0,0.247,2026-05-31,"POLYGON ((73.840784 18.507956, 73.841731 18.507962, 73.841725 18.508866, 73.840778 18.50886, 73.840784 18.507956))"
PUNE_GRID_100M_1243,18.509315,73.841249,38.61,0.26,0.099,-0.4,Built-up,0.21,36.31,45.1,2.67,High,20,5430.0,0.543,125.1,0.391,2260.0,0.226,2026-05-31,"POLYGON ((73.840778 18.50886, 73.841725 18.508866, 73.841719 18.509769, 73.840772 18.509764, 73.840778 18.50886))"
PUNE_GRID_100M_1244,18.510218,73.841243,38.36,0.178,0.157,-0.367,Built-up,0.204,35.63,44.4,2.57,High,24,5270.0,0.527,126.1,0.394,2640.0,0.264,2026-05-31,"POLYGON ((73.840772 18.509764, 73.841719 18.509769, 73.841713 18.510673, 73.840766 18.510667, 73.840772 18.509764))"
PUNE_GRID_100M_1245,18.511122,73.841236,38.73,0.2,0.174,-0.358,Built-up,0.178,36.65,42.0,2.52,High,22,5510.0,0.551,118.1,0.369,2150.0,0.215,2026-05-31,"POLYGON ((73.840766 18.510667, 73.841713 18.510673, 73.841707 18.511577, 73.84076 18.511571, 73.840766 18.510667))"
PUNE_GRID_100M_1246,18.512026,73.84123,38.35,0.295,0.146,-0.4,Built-up,0.203,36.63,45.6,2.34,High,21,5280.0,0.528,149.8,0.468,2830.0,0.283,2026-05-31,"POLYGON ((73.84076 18.511571, 73.841707 18.511577, 73.841701 18.51248, 73.840754 18.512474, 73.84076 18.511571))"
PUNE_GRID_100M_1247,18.512929,73.841224,39.43,0.215,0.228,-0.385,Built-up,0.191,37.41,46.8,2.88,High,31,5950.0,0.595,131.8,0.412,1770.0,0.177,2026-05-31,"POLYGON ((73.840754 18.512474, 73.841701 18.51248, 73.841695 18.513384, 73.840748 18.513378, 73.840754 18.512474))"
PUNE_GRID_100M_1248,18.513833,73.841218,38.86,0.219,0.186,-0.321,Built-up,0.204,36.44,44.7,2.21,High,28,5600.0,0.56,125.8,0.393,2070.0,0.207,2026-05-31,"POLYGON ((73.840748 18.513378, 73.841695 18.513384, 73.841689 18.514288, 73.840742 18.514282, 73.840748 18.513378))"
PUNE_GRID_100M_1249,18.514736,73.841212,39.72,0.155,0.213,-0.4,Built-up,0.204,36.93,44.9,2.58,High,20,6140.0,0.614,134.7,0.421,1230.0,0.123,2026-05-31,"POLYGON ((73.840742 18.514282, 73.841689 18.514288, 73.841683 18.515191, 73.840735 18.515185, 73.840742 18.514282))"
PUNE_GRID_100M_1250,18.51564,73.841206,38.34,0.215,0.144,-0.378,Built-up,0.22,36.34,47.0,2.56,High,24,5280.0,0.528,149.8,0.468,2420.0,0.242,2026-05-31,"POLYGON ((73.840735 18.515185, 73.841683 18.515191, 73.841677 18.516095, 73.840729 18.516089, 73.840735 18.515185))"
PUNE_GRID_100M_1251,18.516544,73.8412,39.89,0.123,0.224,-0.388,Built-up,0.199,37.67,41.8,2.71,High,30,6250.0,0.625,157.1,0.491,1350.0,0.135,2026-05-31,"POLYGON ((73.840729 18.516089, 73.841677 18.516095, 73.84167 18.516998, 73.840723 18.516993, 73.840729 18.516089))"
PUNE_GRID_100M_1252,18.517447,73.841194,40.33,0.184,0.298,-0.4,Built-up,0.178,37.78,39.9,2.75,High,26,6520.0,0.652,144.6,0.452,1280.0,0.128,2026-05-31,"POLYGON ((73.840723 18.516993, 73.84167 18.516998, 73.841664 18.517902, 73.840717 18.517896, 73.840723 18.516993))"
PUNE_GRID_100M_1253,18.518351,73.841188,38.09,0.243,0.144,-0.398,Built-up,0.185,36.25,45.5,2.44,High,17,5130.0,0.513,137.3,0.429,2170.0,0.217,2026-05-31,"POLYGON ((73.840717 18.517896, 73.841664 18.517902, 73.841658 18.518806, 73.840711 18.5188, 73.840717 18.517896))"
PUNE_GRID_100M_1254,18.519255,73.841182,40.0,0.161,0.235,-0.4,Built-up,0.189,37.84,42.6,2.57,High,33,6320.0,0.632,154.2,0.482,590.0,0.059,2026-05-31,"POLYGON ((73.840711 18.5188, 73.841658 18.518806, 73.841652 18.519709, 73.840705 18.519703, 73.840711 18.5188))"
PUNE_GRID_100M_1255,18.520158,73.841176,40.69,0.173,0.267,-0.4,Built-up,0.177,37.76,40.4,2.82,High,25,6750.0,0.675,165.4,0.517,950.0,0.095,2026-05-31,"POLYGON ((73.840705 18.519703, 73.841652 18.519709, 73.841646 18.520613, 73.840699 18.520607, 73.840705 18.519703))"
PUNE_GRID_100M_1256,18.521062,73.841169,38.73,0.259,0.203,-0.4,Built-up,0.21,36.55,43.9,2.45,High,28,5530.0,0.553,128.3,0.401,2860.0,0.286,2026-05-31,"POLYGON ((73.840699 18.520607, 73.841646 18.520613, 73.84164 18.521517, 73.840693 18.521511, 73.840699 18.520607))"
PUNE_GRID_100M_1257,18.521965,73.841163,41.03,0.248,0.31,-0.4,Built-up,0.198,38.71,43.3,2.26,Extreme,37,6960.0,0.696,157.4,0.492,200.0,0.02,2026-05-31,"POLYGON ((73.840693 18.521511, 73.84164 18.521517, 73.841634 18.52242, 73.840687 18.522414, 73.840693 18.521511))"
PUNE_GRID_100M_1258,18.522869,73.841157,40.0,0.14,0.159,-0.36,Built-up,0.225,37.44,42.8,2.4,High,33,6320.0,0.632,156.2,0.488,1850.0,0.185,2026-05-31,"POLYGON ((73.840687 18.522414, 73.841634 18.52242, 73.841628 18.523324, 73.840681 18.523318, 73.840687 18.522414))"
PUNE_GRID_100M_1259,18.523773,73.841151,39.07,0.279,0.239,-0.4,Built-up,0.208,36.47,42.6,2.22,High,19,5740.0,0.574,130.9,0.409,2150.0,0.215,2026-05-31,"POLYGON ((73.840681 18.523318, 73.841628 18.523324, 73.841622 18.524227, 73.840675 18.524222, 73.840681 18.523318))"
PUNE_GRID_100M_1260,18.524676,73.841145,39.55,0.255,0.273,-0.4,Built-up,0.189,36.98,43.0,2.56,High,30,6040.0,0.604,168.3,0.526,1380.0,0.138,2026-05-31,"POLYGON ((73.840675 18.524222, 73.841622 18.524227, 73.841616 18.525131, 73.840668 18.525125, 73.840675 18.524222))"
PUNE_GRID_100M_1261,18.52558,73.841139,39.99,0.169,0.218,-0.342,Built-up,0.193,37.21,43.0,2.7,High,33,6310.0,0.631,135.0,0.422,1260.0,0.126,2026-05-31,"POLYGON ((73.840668 18.525125, 73.841616 18.525131, 73.84161 18.526035, 73.840662 18.526029, 73.840668 18.525125))"
PUNE_GRID_100M_1262,18.526484,73.841133,39.55,0.224,0.201,-0.4,Built-up,0.193,37.29,40.5,2.48,High,24,6030.0,0.603,164.5,0.514,870.0,0.087,2026-05-31,"POLYGON ((73.840662 18.526029, 73.84161 18.526035, 73.841604 18.526938, 73.840656 18.526933, 73.840662 18.526029))"
PUNE_GRID_100M_1263,18.527387,73.841127,39.86,0.187,0.23,-0.4,Built-up,0.176,37.13,42.9,2.19,High,20,6220.0,0.622,147.8,0.462,1790.0,0.179,2026-05-31,"POLYGON ((73.840656 18.526933, 73.841604 18.526938, 73.841597 18.527842, 73.84065 18.527836, 73.840656 18.526933))"
PUNE_GRID_100M_1264,18.528291,73.841121,38.62,0.256,0.165,-0.4,Built-up,0.225,36.62,42.1,2.73,High,25,5440.0,0.544,134.4,0.42,1990.0,0.199,2026-05-31,"POLYGON ((73.84065 18.527836, 73.841597 18.527842, 73.841591 18.528746, 73.840644 18.52874, 73.84065 18.527836))"
PUNE_GRID_100M_1265,18.529194,73.841115,39.41,0.281,0.23,-0.4,Built-up,0.196,36.87,44.5,2.18,High,24,5940.0,0.594,153.3,0.479,1310.0,0.131,2026-05-31,"POLYGON ((73.840644 18.52874, 73.841591 18.528746, 73.841585 18.529649, 73.840638 18.529643, 73.840644 18.52874))"
PUNE_GRID_100M_1266,18.530098,73.841109,38.06,0.292,0.104,-0.31,Built-up,0.203,35.5,42.2,2.24,High,27,5090.0,0.509,114.2,0.357,3240.0,0.324,2026-05-31,"POLYGON ((73.840638 18.529643, 73.841585 18.529649, 73.841579 18.530553, 73.840632 18.530547, 73.840638 18.529643))"
PUNE_GRID_100M_1267,18.531002,73.841103,39.02,0.255,0.172,-0.4,Built-up,0.197,36.91,45.3,2.53,High,23,5680.0,0.568,147.5,0.461,1180.0,0.118,2026-05-31,"POLYGON ((73.840632 18.530547, 73.841579 18.530553, 73.841573 18.531456, 73.840626 18.531451, 73.840632 18.530547))"
PUNE_GRID_100M_1268,18.531905,73.841096,38.29,0.243,0.219,-0.4,Built-up,0.188,36.35,43.8,2.63,High,20,5220.0,0.522,90.6,0.283,2320.0,0.232,2026-05-31,"POLYGON ((73.840626 18.531451, 73.841573 18.531456, 73.841567 18.53236, 73.84062 18.532354, 73.840626 18.531451))"
PUNE_GRID_100M_1269,18.532809,73.84109,38.32,0.199,0.147,-0.4,Built-up,0.214,36.48,43.5,2.68,High,20,5240.0,0.524,116.5,0.364,2660.0,0.266,2026-05-31,"POLYGON ((73.84062 18.532354, 73.841567 18.53236, 73.841561 18.533264, 73.840614 18.533258, 73.84062 18.532354))"
PUNE_GRID_100M_1270,18.533713,73.841084,39.8,0.199,0.278,-0.4,Built-up,0.206,37.16,43.6,2.6,High,27,6160.0,0.616,136.0,0.425,1680.0,0.168,2026-05-31,"POLYGON ((73.840614 18.533258, 73.841561 18.533264, 73.841555 18.534167, 73.840608 18.534162, 73.840614 18.533258))"
PUNE_GRID_100M_1271,18.534616,73.841078,39.57,0.263,0.241,-0.4,Built-up,0.191,36.97,42.0,2.99,High,26,6010.0,0.601,128.3,0.401,1980.0,0.198,2026-05-31,"POLYGON ((73.840608 18.534162, 73.841555 18.534167, 73.841549 18.535071, 73.840601 18.535065, 73.840608 18.534162))"
PUNE_GRID_100M_1272,18.53552,73.841072,39.07,0.171,0.154,-0.4,Built-up,0.178,36.97,44.2,2.67,High,29,5700.0,0.57,134.1,0.419,1920.0,0.192,2026-05-31,"POLYGON ((73.840601 18.535065, 73.841549 18.535071, 73.841543 18.535975, 73.840595 18.535969, 73.840601 18.535065))"
PUNE_GRID_100M_1273,18.536424,73.841066,37.6,0.242,0.161,-0.384,Built-up,0.208,36.28,43.8,2.88,High,20,4770.0,0.477,119.4,0.373,4120.0,0.412,2026-05-31,"POLYGON ((73.840595 18.535969, 73.841543 18.535975, 73.841537 18.536878, 73.840589 18.536872, 73.840595 18.535969))"
PUNE_GRID_100M_1274,18.537327,73.84106,38.1,0.272,0.161,-0.4,Built-up,0.209,36.17,43.7,2.85,High,26,5080.0,0.508,130.9,0.409,2600.0,0.26,2026-05-31,"POLYGON ((73.840589 18.536872, 73.841537 18.536878, 73.841531 18.537782, 73.840583 18.537776, 73.840589 18.536872))"
PUNE_GRID_100M_1275,18.538231,73.841054,39.2,0.189,0.2,-0.386,Built-up,0.201,37.07,44.2,2.45,High,20,5760.0,0.576,141.4,0.442,1820.0,0.182,2026-05-31,"POLYGON ((73.840583 18.537776, 73.841531 18.537782, 73.841524 18.538685, 73.840577 18.53868, 73.840583 18.537776))"
PUNE_GRID_100M_1276,18.539134,73.841048,38.22,0.231,0.177,-0.351,Built-up,0.199,36.16,42.7,2.7,High,16,5140.0,0.514,114.9,0.359,2460.0,0.246,2026-05-31,"POLYGON ((73.840577 18.53868, 73.841524 18.538685, 73.841518 18.539589, 73.840571 18.539583, 73.840577 18.53868))"
PUNE_GRID_100M_1277,18.540038,73.841042,39.83,0.189,0.257,-0.4,Built-up,0.197,36.92,41.2,3.18,High,19,6150.0,0.615,152.3,0.476,1470.0,0.147,2026-05-31,"POLYGON ((73.840571 18.539583, 73.841518 18.539589, 73.841512 18.540493, 73.840565 18.540487, 73.840571 18.539583))"
PUNE_GRID_100M_1278,18.540942,73.841036,38.16,0.21,0.188,-0.4,Built-up,0.207,36.5,44.8,2.67,High,16,5100.0,0.51,123.8,0.387,2980.0,0.298,2026-05-31,"POLYGON ((73.840565 18.540487, 73.841512 18.540493, 73.841506 18.541396, 73.840559 18.541391, 73.840565 18.540487))"
PUNE_GRID_100M_1279,18.541845,73.841029,37.87,0.236,0.189,-0.4,Built-up,0.206,36.28,44.7,2.66,High,18,4910.0,0.491,129.9,0.406,3350.0,0.335,2026-05-31,"POLYGON ((73.840559 18.541391, 73.841506 18.541396, 73.8415 18.5423, 73.840553 18.542294, 73.840559 18.541391))"
PUNE_GRID_100M_1280,18.542749,73.841023,37.34,0.321,0.143,-0.4,Built-up,0.22,35.85,45.4,2.85,Medium,16,4570.0,0.457,119.7,0.374,2710.0,0.271,2026-05-31,"POLYGON ((73.840553 18.542294, 73.8415 18.5423, 73.841494 18.543204, 73.840547 18.543198, 73.840553 18.542294))"
PUNE_GRID_100M_1281,18.543653,73.841017,37.56,0.233,0.099,-0.396,Built-up,0.216,35.74,45.4,2.75,High,21,4700.0,0.47,113.3,0.354,3140.0,0.314,2026-05-31,"POLYGON ((73.840547 18.543198, 73.841494 18.543204, 73.841488 18.544107, 73.84054 18.544101, 73.840547 18.543198))"
PUNE_GRID_100M_1282,18.544556,73.841011,37.19,0.234,0.109,-0.4,Built-up,0.213,35.71,45.3,2.71,Medium,16,4470.0,0.447,95.7,0.299,3810.0,0.381,2026-05-31,"POLYGON ((73.84054 18.544101, 73.841488 18.544107, 73.841482 18.545011, 73.840534 18.545005, 73.84054 18.544101))"
PUNE_GRID_100M_1283,18.54546,73.841005,37.74,0.254,0.237,-0.4,Built-up,0.218,36.19,45.7,2.79,High,19,4810.0,0.481,107.2,0.335,3420.0,0.342,2026-05-31,"POLYGON ((73.840534 18.545005, 73.841482 18.545011, 73.841476 18.545914, 73.840528 18.545909, 73.840534 18.545005))"
PUNE_GRID_100M_1284,18.546363,73.840999,37.8,0.306,0.173,-0.291,Built-up,0.217,36.45,44.9,3.2,High,19,4840.0,0.484,109.1,0.341,3140.0,0.314,2026-05-31,"POLYGON ((73.840528 18.545909, 73.841476 18.545914, 73.84147 18.546818, 73.840522 18.546812, 73.840528 18.545909))"
PUNE_GRID_100M_1285,18.547267,73.840993,36.27,0.323,0.153,-0.386,Built-up,0.225,35.19,43.0,2.91,Medium,13,3870.0,0.387,89.0,0.278,4510.0,0.451,2026-05-31,"POLYGON ((73.840522 18.546812, 73.84147 18.546818, 73.841463 18.547722, 73.840516 18.547716, 73.840522 18.546812))"
PUNE_GRID_100M_1286,18.548171,73.840987,35.69,0.332,0.098,-0.4,Built-up,0.241,34.5,43.8,2.69,Medium,15,3510.0,0.351,87.7,0.274,4340.0,0.434,2026-05-31,"POLYGON ((73.840516 18.547716, 73.841463 18.547722, 73.841457 18.548625, 73.84051 18.54862, 73.840516 18.547716))"
PUNE_GRID_100M_1287,18.549074,73.840981,35.15,0.372,0.039,-0.384,Built-up,0.241,33.71,49.8,2.68,Medium,14,3160.0,0.316,85.1,0.266,5670.0,0.567,2026-05-31,"POLYGON ((73.84051 18.54862, 73.841457 18.548625, 73.841451 18.549529, 73.840504 18.549523, 73.84051 18.54862))"
PUNE_GRID_100M_1288,18.549978,73.840975,36.88,0.239,0.119,-0.391,Built-up,0.233,35.36,45.5,3.45,Medium,13,4230.0,0.423,100.8,0.315,4220.0,0.422,2026-05-31,"POLYGON ((73.840504 18.549523, 73.841451 18.549529, 73.841445 18.550433, 73.840498 18.550427, 73.840504 18.549523))"
PUNE_GRID_100M_1289,18.500284,73.842257,37.16,0.319,0.121,-0.394,Built-up,0.195,35.59,46.7,2.7,Medium,23,4480.0,0.448,107.8,0.337,2970.0,0.297,2026-05-31,"POLYGON ((73.841786 18.499829, 73.842733 18.499835, 73.842727 18.500739, 73.84178 18.500733, 73.841786 18.499829))"
PUNE_GRID_100M_1290,18.501188,73.84225,36.45,0.34,0.038,-0.4,Built-up,0.236,35.23,45.3,2.81,Medium,16,4040.0,0.404,98.9,0.309,3600.0,0.36,2026-05-31,"POLYGON ((73.84178 18.500733, 73.842727 18.500739, 73.842721 18.501642, 73.841774 18.501637, 73.84178 18.500733))"
PUNE_GRID_100M_1291,18.502091,73.842244,38.61,0.232,0.188,-0.4,Built-up,0.203,36.93,44.0,2.55,High,17,5390.0,0.539,122.9,0.384,2040.0,0.204,2026-05-31,"POLYGON ((73.841774 18.501637, 73.842721 18.501642, 73.842715 18.502546, 73.841768 18.50254, 73.841774 18.501637))"
PUNE_GRID_100M_1292,18.502995,73.842238,40.42,0.226,0.305,-0.4,Built-up,0.21,37.77,42.0,2.74,High,24,6530.0,0.653,145.0,0.453,1380.0,0.138,2026-05-31,"POLYGON ((73.841768 18.50254, 73.842715 18.502546, 73.842709 18.50345, 73.841762 18.503444, 73.841768 18.50254))"
PUNE_GRID_100M_1293,18.503899,73.842232,38.54,0.206,0.166,-0.4,Built-up,0.224,37.11,47.9,2.95,High,20,5360.0,0.536,106.2,0.332,2130.0,0.213,2026-05-31,"POLYGON ((73.841762 18.503444, 73.842709 18.50345, 73.842703 18.504353, 73.841756 18.504348, 73.841762 18.503444))"
PUNE_GRID_100M_1294,18.504802,73.842226,39.34,0.268,0.233,-0.4,Built-up,0.189,36.51,43.9,2.51,High,27,5870.0,0.587,131.8,0.412,1760.0,0.176,2026-05-31,"POLYGON ((73.841756 18.504348, 73.842703 18.504353, 73.842697 18.505257, 73.84175 18.505251, 73.841756 18.504348))"
PUNE_GRID_100M_1295,18.505706,73.84222,38.85,0.246,0.224,-0.4,Built-up,0.205,36.82,43.1,2.71,High,24,5570.0,0.557,139.8,0.437,2300.0,0.23,2026-05-31,"POLYGON ((73.84175 18.505251, 73.842697 18.505257, 73.842691 18.506161, 73.841743 18.506155, 73.84175 18.505251))"
PUNE_GRID_100M_1296,18.50661,73.842214,38.82,0.228,0.17,-0.391,Built-up,0.212,36.43,41.5,2.32,High,18,5550.0,0.555,124.2,0.388,2260.0,0.226,2026-05-31,"POLYGON ((73.841743 18.506155, 73.842691 18.506161, 73.842685 18.507064, 73.841737 18.507058, 73.841743 18.506155))"
PUNE_GRID_100M_1297,18.507513,73.842208,39.74,0.208,0.225,-0.4,Built-up,0.206,36.75,46.2,2.99,High,23,6130.0,0.613,144.0,0.45,1620.0,0.162,2026-05-31,"POLYGON ((73.841737 18.507058, 73.842685 18.507064, 73.842678 18.507968, 73.841731 18.507962, 73.841737 18.507058))"
PUNE_GRID_100M_1298,18.508417,73.842202,38.88,0.235,0.169,-0.329,Built-up,0.194,36.66,43.7,2.62,High,22,5600.0,0.56,140.5,0.439,1660.0,0.166,2026-05-31,"POLYGON ((73.841731 18.507962, 73.842678 18.507968, 73.842672 18.508872, 73.841725 18.508866, 73.841731 18.507962))"
PUNE_GRID_100M_1299,18.50932,73.842196,39.43,0.269,0.2,-0.4,Built-up,0.209,36.66,44.6,2.46,High,30,5940.0,0.594,149.1,0.466,1900.0,0.19,2026-05-31,"POLYGON ((73.841725 18.508866, 73.842672 18.508872, 73.842666 18.509775, 73.841719 18.509769, 73.841725 18.508866))"
PUNE_GRID_100M_1300,18.510224,73.84219,39.57,0.172,0.192,-0.4,Built-up,0.202,37.15,44.6,2.47,High,33,6030.0,0.603,130.9,0.409,1500.0,0.15,2026-05-31,"POLYGON ((73.841719 18.509769, 73.842666 18.509775, 73.84266 18.510679, 73.841713 18.510673, 73.841719 18.509769))"
PUNE_GRID_100M_1301,18.511128,73.842184,38.87,0.209,0.172,-0.4,Built-up,0.213,36.72,43.2,2.41,High,17,5600.0,0.56,147.2,0.46,1890.0,0.189,2026-05-31,"POLYGON ((73.841713 18.510673, 73.84266 18.510679, 73.842654 18.511582, 73.841707 18.511577, 73.841713 18.510673))"
PUNE_GRID_100M_1302,18.512031,73.842178,40.28,0.232,0.305,-0.4,Built-up,0.174,38.03,43.8,2.41,High,27,6480.0,0.648,169.9,0.531,1020.0,0.102,2026-05-31,"POLYGON ((73.841707 18.511577, 73.842654 18.511582, 73.842648 18.512486, 73.841701 18.51248, 73.841707 18.511577))"
PUNE_GRID_100M_1303,18.512935,73.842171,39.42,0.196,0.196,-0.4,Built-up,0.196,36.64,42.6,2.0,High,22,5950.0,0.595,128.3,0.401,1890.0,0.189,2026-05-31,"POLYGON ((73.841701 18.51248, 73.842648 18.512486, 73.842642 18.51339, 73.841695 18.513384, 73.841701 18.51248))"
PUNE_GRID_100M_1304,18.513839,73.842165,39.02,0.27,0.21,-0.4,Built-up,0.22,37.09,42.3,2.46,High,29,5710.0,0.571,126.4,0.395,2110.0,0.211,2026-05-31,"POLYGON ((73.841695 18.513384, 73.842642 18.51339, 73.842636 18.514293, 73.841689 18.514288, 73.841695 18.513384))"
PUNE_GRID_100M_1305,18.514742,73.842159,40.12,0.264,0.24,-0.398,Built-up,0.181,37.61,44.7,2.44,High,23,6400.0,0.64,169.0,0.528,720.0,0.072,2026-05-31,"POLYGON ((73.841689 18.514288, 73.842636 18.514293, 73.84263 18.515197, 73.841683 18.515191, 73.841689 18.514288))"
PUNE_GRID_100M_1306,18.515646,73.842153,39.03,0.218,0.242,-0.4,Built-up,0.182,37.13,43.5,2.56,High,18,5710.0,0.571,135.0,0.422,1900.0,0.19,2026-05-31,"POLYGON ((73.841683 18.515191, 73.84263 18.515197, 73.842624 18.516101, 73.841677 18.516095, 73.841683 18.515191))"
PUNE_GRID_100M_1307,18.516549,73.842147,39.81,0.234,0.281,-0.4,Built-up,0.189,37.24,43.9,2.35,High,23,6210.0,0.621,120.6,0.377,1660.0,0.166,2026-05-31,"POLYGON ((73.841677 18.516095, 73.842624 18.516101, 73.842618 18.517004, 73.84167 18.516998, 73.841677 18.516095))"
PUNE_GRID_100M_1308,18.517453,73.842141,39.82,0.16,0.268,-0.4,Built-up,0.18,36.97,43.8,2.29,High,31,6210.0,0.621,131.2,0.41,1010.0,0.101,2026-05-31,"POLYGON ((73.84167 18.516998, 73.842618 18.517004, 73.842612 18.517908, 73.841664 18.517902, 73.84167 18.516998))"
PUNE_GRID_100M_1309,18.518357,73.842135,40.72,0.205,0.292,-0.349,Built-up,0.174,37.64,43.4,2.44,High,25,6780.0,0.678,159.7,0.499,540.0,0.054,2026-05-31,"POLYGON ((73.841664 18.517902, 73.842612 18.517908, 73.842606 18.518811, 73.841658 18.518806, 73.841664 18.517902))"
PUNE_GRID_100M_1310,18.51926,73.842129,40.25,0.199,0.254,-0.4,Built-up,0.196,37.29,40.5,2.12,High,22,6480.0,0.648,140.5,0.439,1360.0,0.136,2026-05-31,"POLYGON ((73.841658 18.518806, 73.842606 18.518811, 73.842599 18.519715, 73.841652 18.519709, 73.841658 18.518806))"
PUNE_GRID_100M_1311,18.520164,73.842123,39.86,0.224,0.208,-0.4,Built-up,0.18,37.55,42.2,2.47,High,26,6240.0,0.624,144.3,0.451,900.0,0.09,2026-05-31,"POLYGON ((73.841652 18.519709, 73.842599 18.519715, 73.842593 18.520619, 73.841646 18.520613, 73.841652 18.519709))"
PUNE_GRID_100M_1312,18.521068,73.842117,40.53,0.156,0.332,-0.4,Built-up,0.165,38.31,42.1,2.07,High,21,6660.0,0.666,160.3,0.501,1300.0,0.13,2026-05-31,"POLYGON ((73.841646 18.520613, 73.842593 18.520619, 73.842587 18.521522, 73.84164 18.521517, 73.841646 18.520613))"
PUNE_GRID_100M_1313,18.521971,73.842111,40.97,0.1,0.271,-0.4,Built-up,0.222,38.01,41.0,2.66,High,25,6930.0,0.693,185.0,0.578,840.0,0.084,2026-05-31,"POLYGON ((73.84164 18.521517, 73.842587 18.521522, 73.842581 18.522426, 73.841634 18.52242, 73.84164 18.521517))"
PUNE_GRID_100M_1314,18.522875,73.842105,40.28,0.21,0.283,-0.4,Built-up,0.196,37.88,43.4,2.58,High,21,6500.0,0.65,152.3,0.476,570.0,0.057,2026-05-31,"POLYGON ((73.841634 18.52242, 73.842581 18.522426, 73.842575 18.52333, 73.841628 18.523324, 73.841634 18.52242))"
PUNE_GRID_100M_1315,18.523779,73.842099,39.81,0.124,0.273,-0.4,Built-up,0.18,36.91,44.9,2.26,High,23,6210.0,0.621,162.9,0.509,1810.0,0.181,2026-05-31,"POLYGON ((73.841628 18.523324, 73.842575 18.52333, 73.842569 18.524233, 73.841622 18.524227, 73.841628 18.523324))"
PUNE_GRID_100M_1316,18.524682,73.842092,38.71,0.232,0.175,-0.4,Built-up,0.215,36.65,46.0,2.59,High,27,5520.0,0.552,150.7,0.471,2010.0,0.201,2026-05-31,"POLYGON ((73.841622 18.524227, 73.842569 18.524233, 73.842563 18.525137, 73.841616 18.525131, 73.841622 18.524227))"
PUNE_GRID_100M_1317,18.525586,73.842086,38.86,0.278,0.23,-0.351,Built-up,0.207,36.9,43.4,2.49,High,25,5610.0,0.561,153.0,0.478,2120.0,0.212,2026-05-31,"POLYGON ((73.841616 18.525131, 73.842563 18.525137, 73.842557 18.52604, 73.84161 18.526035, 73.841616 18.525131))"
PUNE_GRID_100M_1318,18.526489,73.84208,39.41,0.228,0.246,-0.4,Built-up,0.211,36.65,43.9,2.27,High,28,5950.0,0.595,146.6,0.458,1480.0,0.148,2026-05-31,"POLYGON ((73.84161 18.526035, 73.842557 18.52604, 73.842551 18.526944, 73.841604 18.526938, 73.84161 18.526035))"
PUNE_GRID_100M_1319,18.527393,73.842074,39.09,0.31,0.261,-0.4,Built-up,0.191,36.8,44.4,2.08,High,18,5750.0,0.575,113.0,0.353,2560.0,0.256,2026-05-31,"POLYGON ((73.841604 18.526938, 73.842551 18.526944, 73.842545 18.527848, 73.841597 18.527842, 73.841604 18.526938))"
PUNE_GRID_100M_1320,18.528297,73.842068,39.36,0.263,0.207,-0.372,Built-up,0.217,37.27,44.4,2.56,High,20,5910.0,0.591,147.8,0.462,1870.0,0.187,2026-05-31,"POLYGON ((73.841597 18.527842, 73.842545 18.527848, 73.842539 18.528751, 73.841591 18.528746, 73.841597 18.527842))"
PUNE_GRID_100M_1321,18.5292,73.842062,39.47,0.192,0.188,-0.371,Built-up,0.176,36.25,42.1,2.35,High,21,5980.0,0.598,156.8,0.49,1220.0,0.122,2026-05-31,"POLYGON ((73.841591 18.528746, 73.842539 18.528751, 73.842533 18.529655, 73.841585 18.529649, 73.841591 18.528746))"
PUNE_GRID_100M_1322,18.530104,73.842056,39.76,0.209,0.224,-0.4,Built-up,0.184,37.73,45.9,2.75,High,27,6160.0,0.616,146.9,0.459,1000.0,0.1,2026-05-31,"POLYGON ((73.841585 18.529649, 73.842533 18.529655, 73.842527 18.530559, 73.841579 18.530553, 73.841585 18.529649))"
PUNE_GRID_100M_1323,18.531008,73.84205,39.19,0.226,0.22,-0.4,Built-up,0.203,37.04,45.0,2.55,High,28,5790.0,0.579,161.3,0.504,1110.0,0.111,2026-05-31,"POLYGON ((73.841579 18.530553, 73.842527 18.530559, 73.84252 18.531462, 73.841573 18.531456, 73.841579 18.530553))"
PUNE_GRID_100M_1324,18.531911,73.842044,39.53,0.153,0.231,-0.4,Built-up,0.203,37.39,44.8,2.42,High,21,6010.0,0.601,155.2,0.485,1610.0,0.161,2026-05-31,"POLYGON ((73.841573 18.531456, 73.84252 18.531462, 73.842514 18.532366, 73.841567 18.53236, 73.841573 18.531456))"
PUNE_GRID_100M_1325,18.532815,73.842038,39.09,0.194,0.197,-0.4,Built-up,0.191,36.74,45.5,2.94,High,23,5730.0,0.573,144.6,0.452,2140.0,0.214,2026-05-31,"POLYGON ((73.841567 18.53236, 73.842514 18.532366, 73.842508 18.53327, 73.841561 18.533264, 73.841567 18.53236))"
PUNE_GRID_100M_1326,18.533718,73.842032,37.35,0.27,0.073,-0.304,Built-up,0.231,35.13,45.9,2.71,Medium,21,4630.0,0.463,125.1,0.391,3460.0,0.346,2026-05-31,"POLYGON ((73.841561 18.533264, 73.842508 18.53327, 73.842502 18.534173, 73.841555 18.534167, 73.841561 18.533264))"
PUNE_GRID_100M_1327,18.534622,73.842025,38.07,0.186,0.177,-0.4,Built-up,0.199,36.31,43.0,1.88,High,19,5080.0,0.508,126.1,0.394,2690.0,0.269,2026-05-31,"POLYGON ((73.841555 18.534167, 73.842502 18.534173, 73.842496 18.535077, 73.841549 18.535071, 73.841555 18.534167))"
PUNE_GRID_100M_1328,18.535526,73.842019,38.59,0.251,0.246,-0.4,Built-up,0.192,36.49,43.9,2.54,High,29,5400.0,0.54,97.6,0.305,2220.0,0.222,2026-05-31,"POLYGON ((73.841549 18.535071, 73.842496 18.535077, 73.84249 18.53598, 73.841543 18.535975, 73.841549 18.535071))"
PUNE_GRID_100M_1329,18.536429,73.842013,37.62,0.273,0.157,-0.4,Built-up,0.227,35.84,42.4,2.38,High,21,4790.0,0.479,108.5,0.339,2920.0,0.292,2026-05-31,"POLYGON ((73.841543 18.535975, 73.84249 18.53598, 73.842484 18.536884, 73.841537 18.536878, 73.841543 18.535975))"
PUNE_GRID_100M_1330,18.537333,73.842007,38.94,0.17,0.221,-0.4,Built-up,0.214,37.08,44.5,2.51,High,22,5610.0,0.561,150.1,0.469,2440.0,0.244,2026-05-31,"POLYGON ((73.841537 18.536878, 73.842484 18.536884, 73.842478 18.537788, 73.841531 18.537782, 73.841537 18.536878))"
PUNE_GRID_100M_1331,18.538237,73.842001,39.56,0.232,0.247,-0.389,Built-up,0.181,37.42,43.1,2.66,High,29,5990.0,0.599,133.4,0.417,1570.0,0.157,2026-05-31,"POLYGON ((73.841531 18.537782, 73.842478 18.537788, 73.842472 18.538691, 73.841524 18.538685, 73.841531 18.537782))"
PUNE_GRID_100M_1332,18.53914,73.841995,39.19,0.257,0.225,-0.4,Built-up,0.184,37.51,43.6,2.79,High,18,5750.0,0.575,135.0,0.422,2040.0,0.204,2026-05-31,"POLYGON ((73.841524 18.538685, 73.842472 18.538691, 73.842466 18.539595, 73.841518 18.539589, 73.841524 18.538685))"
PUNE_GRID_100M_1333,18.540044,73.841989,37.91,0.282,0.184,-0.4,Built-up,0.201,36.08,46.5,2.79,High,23,4950.0,0.495,105.3,0.329,2630.0,0.263,2026-05-31,"POLYGON ((73.841518 18.539589, 73.842466 18.539595, 73.84246 18.540499, 73.841512 18.540493, 73.841518 18.539589))"
PUNE_GRID_100M_1334,18.540947,73.841983,39.14,0.217,0.223,-0.387,Built-up,0.199,36.69,43.0,2.97,High,28,5710.0,0.571,160.0,0.5,1920.0,0.192,2026-05-31,"POLYGON ((73.841512 18.540493, 73.84246 18.540499, 73.842454 18.541402, 73.841506 18.541396, 73.841512 18.540493))"
PUNE_GRID_100M_1335,18.541851,73.841977,37.94,0.296,0.148,-0.4,Built-up,0.203,36.0,44.3,2.91,High,23,4950.0,0.495,140.5,0.439,2550.0,0.255,2026-05-31,"POLYGON ((73.841506 18.541396, 73.842454 18.541402, 73.842447 18.542306, 73.8415 18.5423, 73.841506 18.541396))"
PUNE_GRID_100M_1336,18.542755,73.841971,37.41,0.318,0.11,-0.4,Built-up,0.236,35.81,45.1,2.92,Medium,16,4620.0,0.462,99.5,0.311,3870.0,0.387,2026-05-31,"POLYGON ((73.8415 18.5423, 73.842447 18.542306, 73.842441 18.543209, 73.841494 18.543204, 73.8415 18.5423))"
PUNE_GRID_100M_1337,18.543658,73.841965,37.05,0.316,0.11,-0.336,Built-up,0.225,35.74,42.6,2.87,Medium,18,4390.0,0.439,107.2,0.335,3910.0,0.391,2026-05-31,"POLYGON ((73.841494 18.543204, 73.842441 18.543209, 73.842435 18.544113, 73.841488 18.544107, 73.841494 18.543204))"
PUNE_GRID_100M_1338,18.544562,73.841959,37.16,0.266,0.132,-0.393,Built-up,0.222,35.07,44.9,3.11,Medium,17,4450.0,0.445,98.2,0.307,3430.0,0.343,2026-05-31,"POLYGON ((73.841488 18.544107, 73.842435 18.544113, 73.842429 18.545017, 73.841482 18.545011, 73.841488 18.544107))"
PUNE_GRID_100M_1339,18.545466,73.841952,36.95,0.318,0.103,-0.391,Built-up,0.202,35.37,41.7,2.81,Medium,23,4320.0,0.432,111.7,0.349,3580.0,0.358,2026-05-31,"POLYGON ((73.841482 18.545011, 73.842429 18.545017, 73.842423 18.54592, 73.841476 18.545914, 73.841482 18.545011))"
PUNE_GRID_100M_1340,18.546369,73.841946,37.26,0.344,0.136,-0.396,Built-up,0.233,36.06,44.3,2.84,Medium,24,4500.0,0.45,114.6,0.358,3210.0,0.321,2026-05-31,"POLYGON ((73.841476 18.545914, 73.842423 18.54592, 73.842417 18.546824, 73.84147 18.546818, 73.841476 18.545914))"
PUNE_GRID_100M_1341,18.547273,73.84194,37.11,0.277,0.133,-0.4,Built-up,0.174,35.4,46.6,2.54,Medium,18,4400.0,0.44,115.8,0.362,2950.0,0.295,2026-05-31,"POLYGON ((73.84147 18.546818, 73.842417 18.546824, 73.842411 18.547728, 73.841463 18.547722, 73.84147 18.546818))"
PUNE_GRID_100M_1342,18.548176,73.841934,36.84,0.395,0.133,-0.4,Built-up,0.229,35.57,46.2,3.15,Medium,14,4230.0,0.423,105.9,0.331,3430.0,0.343,2026-05-31,"POLYGON ((73.841463 18.547722, 73.842411 18.547728, 73.842405 18.548631, 73.841457 18.548625, 73.841463 18.547722))"
PUNE_GRID_100M_1343,18.54908,73.841928,37.04,0.283,0.155,-0.4,Built-up,0.226,35.58,44.5,2.95,Medium,14,4350.0,0.435,142.1,0.444,3400.0,0.34,2026-05-31,"POLYGON ((73.841457 18.548625, 73.842405 18.548631, 73.842399 18.549535, 73.841451 18.549529, 73.841457 18.548625))"
PUNE_GRID_100M_1344,18.549984,73.841922,37.5,0.289,0.14,-0.4,Built-up,0.208,36.04,45.1,3.58,High,24,4630.0,0.463,97.9,0.306,3580.0,0.358,2026-05-31,"POLYGON ((73.841451 18.549529, 73.842399 18.549535, 73.842393 18.550438, 73.841445 18.550433, 73.841451 18.549529))"
PUNE_GRID_100M_1345,18.50029,73.843204,38.9,0.212,0.161,-0.351,Built-up,0.23,36.49,42.3,2.65,High,21,5570.0,0.557,111.7,0.349,2440.0,0.244,2026-05-31,"POLYGON ((73.842733 18.499835, 73.84368 18.499841, 73.843674 18.500745, 73.842727 18.500739, 73.842733 18.499835))"
PUNE_GRID_100M_1346,18.501194,73.843198,37.09,0.311,0.109,-0.383,Built-up,0.219,35.22,45.3,2.72,Medium,14,4440.0,0.444,101.4,0.317,3490.0,0.349,2026-05-31,"POLYGON ((73.842727 18.500739, 73.843674 18.500745, 73.843668 18.501648, 73.842721 18.501642, 73.842727 18.500739))"
PUNE_GRID_100M_1347,18.502097,73.843192,36.36,0.258,0.088,-0.342,Built-up,0.225,34.96,50.3,2.79,Medium,17,3990.0,0.399,75.8,0.237,4670.0,0.467,2026-05-31,"POLYGON ((73.842721 18.501642, 73.843668 18.501648, 73.843662 18.502552, 73.842715 18.502546, 73.842721 18.501642))"
PUNE_GRID_100M_1348,18.503001,73.843185,39.28,0.203,0.163,-0.4,Built-up,0.216,36.54,46.3,2.44,High,19,5820.0,0.582,120.6,0.377,2070.0,0.207,2026-05-31,"POLYGON ((73.842715 18.502546, 73.843662 18.502552, 73.843656 18.503456, 73.842709 18.50345, 73.842715 18.502546))"
PUNE_GRID_100M_1349,18.503904,73.843179,37.57,0.241,0.182,-0.37,Built-up,0.255,35.72,45.0,2.71,High,23,4760.0,0.476,101.4,0.317,3570.0,0.357,2026-05-31,"POLYGON ((73.842709 18.50345, 73.843656 18.503456, 73.84365 18.504359, 73.842703 18.504353, 73.842709 18.50345))"
PUNE_GRID_100M_1350,18.504808,73.843173,38.6,0.254,0.191,-0.4,Built-up,0.226,36.6,44.4,2.63,High,17,5410.0,0.541,118.1,0.369,1770.0,0.177,2026-05-31,"POLYGON ((73.842703 18.504353, 73.84365 18.504359, 73.843644 18.505263, 73.842697 18.505257, 73.842703 18.504353))"
PUNE_GRID_100M_1351,18.505712,73.843167,37.97,0.311,0.17,-0.4,Built-up,0.22,36.61,43.2,2.54,High,17,5020.0,0.502,108.2,0.338,1400.0,0.14,2026-05-31,"POLYGON ((73.842697 18.505257, 73.843644 18.505263, 73.843638 18.506166, 73.842691 18.506161, 73.842697 18.505257))"
PUNE_GRID_100M_1352,18.506615,73.843161,37.58,0.311,0.182,-0.4,Built-up,0.194,35.93,43.7,2.81,High,15,4780.0,0.478,121.3,0.379,3200.0,0.32,2026-05-31,"POLYGON ((73.842691 18.506161, 73.843638 18.506166, 73.843632 18.50707, 73.842685 18.507064, 73.842691 18.506161))"
PUNE_GRID_100M_1353,18.507519,73.843155,39.57,0.12,0.212,-0.4,Built-up,0.204,37.39,43.9,2.38,High,21,6030.0,0.603,138.2,0.432,1100.0,0.11,2026-05-31,"POLYGON ((73.842685 18.507064, 73.843632 18.50707, 73.843626 18.507974, 73.842678 18.507968, 73.842685 18.507064))"
PUNE_GRID_100M_1354,18.508423,73.843149,39.85,0.287,0.26,-0.4,Built-up,0.181,37.74,42.3,2.6,High,26,6210.0,0.621,146.9,0.459,1330.0,0.133,2026-05-31,"POLYGON ((73.842678 18.507968, 73.843626 18.507974, 73.84362 18.508877, 73.842672 18.508872, 73.842678 18.507968))"
PUNE_GRID_100M_1355,18.509326,73.843143,38.89,0.251,0.197,-0.4,Built-up,0.217,36.43,45.2,2.82,High,18,5610.0,0.561,146.2,0.457,1900.0,0.19,2026-05-31,"POLYGON ((73.842672 18.508872, 73.84362 18.508877, 73.843614 18.509781, 73.842666 18.509775, 73.842672 18.508872))"
PUNE_GRID_100M_1356,18.51023,73.843137,37.38,0.261,0.127,-0.4,Built-up,0.219,35.62,47.5,2.37,Medium,21,4670.0,0.467,102.4,0.32,4000.0,0.4,2026-05-31,"POLYGON ((73.842666 18.509775, 73.843614 18.509781, 73.843607 18.510685, 73.84266 18.510679, 73.842666 18.509775))"
PUNE_GRID_100M_1357,18.511134,73.843131,39.11,0.237,0.187,-0.369,Built-up,0.189,37.6,44.2,2.43,High,25,5760.0,0.576,134.7,0.421,2140.0,0.214,2026-05-31,"POLYGON ((73.84266 18.510679, 73.843607 18.510685, 73.843601 18.511588, 73.842654 18.511582, 73.84266 18.510679))"
PUNE_GRID_100M_1358,18.512037,73.843125,39.94,0.209,0.297,-0.4,Built-up,0.188,37.43,43.2,2.95,High,22,6280.0,0.628,155.5,0.486,1330.0,0.133,2026-05-31,"POLYGON ((73.842654 18.511582, 73.843601 18.511588, 73.843595 18.512492, 73.842648 18.512486, 73.842654 18.511582))"
PUNE_GRID_100M_1359,18.512941,73.843119,38.53,0.225,0.173,-0.4,Built-up,0.196,36.81,41.7,2.56,High,18,5400.0,0.54,104.6,0.327,2950.0,0.295,2026-05-31,"POLYGON ((73.842648 18.512486, 73.843595 18.512492, 73.843589 18.513395, 73.842642 18.51339, 73.842648 18.512486))"
PUNE_GRID_100M_1360,18.513844,73.843113,39.93,0.21,0.268,-0.4,Built-up,0.194,37.74,44.2,2.35,High,20,6280.0,0.628,120.3,0.376,1740.0,0.174,2026-05-31,"POLYGON ((73.842642 18.51339, 73.843589 18.513395, 73.843583 18.514299, 73.842636 18.514293, 73.842642 18.51339))"
PUNE_GRID_100M_1361,18.514748,73.843107,39.84,0.181,0.187,-0.4,Built-up,0.193,36.94,41.4,2.6,High,29,6230.0,0.623,153.9,0.481,1140.0,0.114,2026-05-31,"POLYGON ((73.842636 18.514293, 73.843583 18.514299, 73.843577 18.515203, 73.84263 18.515197, 73.842636 18.514293))"
PUNE_GRID_100M_1362,18.515652,73.8431,40.37,0.171,0.302,-0.4,Built-up,0.186,37.85,42.1,2.32,High,22,6560.0,0.656,163.8,0.512,1330.0,0.133,2026-05-31,"POLYGON ((73.84263 18.515197, 73.843577 18.515203, 73.843571 18.516106, 73.842624 18.516101, 73.84263 18.515197))"
PUNE_GRID_100M_1363,18.516555,73.843094,40.05,0.171,0.284,-0.4,Built-up,0.2,37.58,44.4,2.11,High,22,6360.0,0.636,179.2,0.56,520.0,0.052,2026-05-31,"POLYGON ((73.842624 18.516101, 73.843571 18.516106, 73.843565 18.51701, 73.842618 18.517004, 73.842624 18.516101))"
PUNE_GRID_100M_1364,18.517459,73.843088,39.21,0.17,0.217,-0.4,Built-up,0.2,37.05,45.2,2.69,High,30,5840.0,0.584,142.1,0.444,1960.0,0.196,2026-05-31,"POLYGON ((73.842618 18.517004, 73.843565 18.51701, 73.843559 18.517914, 73.842612 18.517908, 73.842618 18.517004))"
PUNE_GRID_100M_1365,18.518363,73.843082,40.98,0.172,0.287,-0.4,Built-up,0.182,37.96,41.5,2.19,High,29,6950.0,0.695,177.3,0.554,200.0,0.02,2026-05-31,"POLYGON ((73.842612 18.517908, 73.843559 18.517914, 73.843553 18.518817, 73.842606 18.518811, 73.842612 18.517908))"
PUNE_GRID_100M_1366,18.519266,73.843076,39.91,0.227,0.258,-0.4,Built-up,0.197,37.1,42.5,2.9,High,28,6280.0,0.628,148.2,0.463,1410.0,0.141,2026-05-31,"POLYGON ((73.842606 18.518811, 73.843553 18.518817, 73.843547 18.519721, 73.842599 18.519715, 73.842606 18.518811))"
PUNE_GRID_100M_1367,18.52017,73.84307,40.02,0.22,0.32,-0.397,Built-up,0.193,37.37,41.9,2.31,High,28,6350.0,0.635,156.2,0.488,1260.0,0.126,2026-05-31,"POLYGON ((73.842599 18.519715, 73.843547 18.519721, 73.843541 18.520625, 73.842593 18.520619, 73.842599 18.519715))"
PUNE_GRID_100M_1368,18.521073,73.843064,39.3,0.257,0.166,-0.4,Built-up,0.194,36.98,41.8,2.84,High,18,5900.0,0.59,162.9,0.509,2240.0,0.224,2026-05-31,"POLYGON ((73.842593 18.520619, 73.843541 18.520625, 73.843535 18.521528, 73.842587 18.521522, 73.842593 18.520619))"
PUNE_GRID_100M_1369,18.521977,73.843058,39.67,0.225,0.259,-0.4,Built-up,0.197,37.62,42.3,2.14,High,22,6130.0,0.613,120.0,0.375,1120.0,0.112,2026-05-31,"POLYGON ((73.842587 18.521522, 73.843535 18.521528, 73.843529 18.522432, 73.842581 18.522426, 73.842587 18.521522))"
PUNE_GRID_100M_1370,18.522881,73.843052,39.3,0.203,0.191,-0.4,Built-up,0.225,37.56,41.1,2.62,High,21,5890.0,0.589,146.6,0.458,1500.0,0.15,2026-05-31,"POLYGON ((73.842581 18.522426, 73.843529 18.522432, 73.843522 18.523335, 73.842575 18.52333, 73.842581 18.522426))"
PUNE_GRID_100M_1371,18.523784,73.843046,39.83,0.24,0.242,-0.4,Built-up,0.205,37.8,44.2,2.52,High,19,6230.0,0.623,177.0,0.553,1440.0,0.144,2026-05-31,"POLYGON ((73.842575 18.52333, 73.843522 18.523335, 73.843516 18.524239, 73.842569 18.524233, 73.842575 18.52333))"
PUNE_GRID_100M_1372,18.524688,73.84304,41.29,0.101,0.301,-0.4,Built-up,0.187,38.66,42.6,2.6,Extreme,30,7140.0,0.714,175.0,0.547,350.0,0.035,2026-05-31,"POLYGON ((73.842569 18.524233, 73.843516 18.524239, 73.84351 18.525143, 73.842563 18.525137, 73.842569 18.524233))"
PUNE_GRID_100M_1373,18.525592,73.843034,38.77,0.207,0.182,-0.398,Built-up,0.217,36.34,44.8,2.63,High,19,5560.0,0.556,154.6,0.483,2060.0,0.206,2026-05-31,"POLYGON ((73.842563 18.525137, 73.84351 18.525143, 73.843504 18.526046, 73.842557 18.52604, 73.842563 18.525137))"
PUNE_GRID_100M_1374,18.526495,73.843028,38.51,0.214,0.183,-0.4,Built-up,0.214,36.33,42.8,2.35,High,22,5400.0,0.54,121.6,0.38,2080.0,0.208,2026-05-31,"POLYGON ((73.842557 18.52604, 73.843504 18.526046, 73.843498 18.52695, 73.842551 18.526944, 73.842557 18.52604))"
PUNE_GRID_100M_1375,18.527399,73.843021,40.91,0.211,0.257,-0.4,Built-up,0.205,38.2,40.5,2.2,High,22,6890.0,0.689,164.8,0.515,330.0,0.033,2026-05-31,"POLYGON ((73.842551 18.526944, 73.843498 18.52695, 73.843492 18.527854, 73.842545 18.527848, 73.842551 18.526944))"
PUNE_GRID_100M_1376,18.528302,73.843015,39.49,0.256,0.258,-0.4,Built-up,0.163,36.95,43.5,2.46,High,29,6000.0,0.6,144.3,0.451,2150.0,0.215,2026-05-31,"POLYGON ((73.842545 18.527848, 73.843492 18.527854, 73.843486 18.528757, 73.842539 18.528751, 73.842545 18.527848))"
PUNE_GRID_100M_1377,18.529206,73.843009,39.03,0.253,0.153,-0.4,Built-up,0.189,36.99,43.9,2.53,High,18,5710.0,0.571,108.8,0.34,2250.0,0.225,2026-05-31,"POLYGON ((73.842539 18.528751, 73.843486 18.528757, 73.84348 18.529661, 73.842533 18.529655, 73.842539 18.528751))"
PUNE_GRID_100M_1378,18.53011,73.843003,40.31,0.232,0.28,-0.4,Built-up,0.205,37.93,42.5,2.41,High,30,6510.0,0.651,141.4,0.442,1310.0,0.131,2026-05-31,"POLYGON ((73.842533 18.529655, 73.84348 18.529661, 73.843474 18.530564, 73.842527 18.530559, 73.842533 18.529655))"
PUNE_GRID_100M_1379,18.531013,73.842997,38.9,0.203,0.191,-0.4,Built-up,0.183,36.89,43.4,2.58,High,24,5620.0,0.562,121.0,0.378,2200.0,0.22,2026-05-31,"POLYGON ((73.842527 18.530559, 73.843474 18.530564, 73.843468 18.531468, 73.84252 18.531462, 73.842527 18.530559))"
PUNE_GRID_100M_1380,18.531917,73.842991,40.74,0.188,0.248,-0.4,Built-up,0.201,38.33,45.0,2.6,High,23,6760.0,0.676,172.8,0.54,200.0,0.02,2026-05-31,"POLYGON ((73.84252 18.531462, 73.843468 18.531468, 73.843462 18.532372, 73.842514 18.532366, 73.84252 18.531462))"
PUNE_GRID_100M_1381,18.532821,73.842985,39.71,0.205,0.243,-0.4,Built-up,0.191,37.03,43.9,2.37,High,26,6120.0,0.612,158.1,0.494,1770.0,0.177,2026-05-31,"POLYGON ((73.842514 18.532366, 73.843462 18.532372, 73.843456 18.533275, 73.842508 18.53327, 73.842514 18.532366))"
PUNE_GRID_100M_1382,18.533724,73.842979,38.67,0.28,0.143,-0.348,Built-up,0.199,36.85,47.0,2.65,High,20,5460.0,0.546,135.0,0.422,2480.0,0.248,2026-05-31,"POLYGON ((73.842508 18.53327, 73.843456 18.533275, 73.84345 18.534179, 73.842502 18.534173, 73.842508 18.53327))"
PUNE_GRID_100M_1383,18.534628,73.842973,40.67,0.172,0.281,-0.4,Built-up,0.195,37.76,44.4,2.54,High,27,6710.0,0.671,171.5,0.536,1600.0,0.16,2026-05-31,"POLYGON ((73.842502 18.534173, 73.84345 18.534179, 73.843443 18.535083, 73.842496 18.535077, 73.842502 18.534173))"
PUNE_GRID_100M_1384,18.535531,73.842967,38.34,0.243,0.133,-0.4,Built-up,0.219,36.06,46.9,2.47,High,18,5250.0,0.525,123.8,0.387,2180.0,0.218,2026-05-31,"POLYGON ((73.842496 18.535077, 73.843443 18.535083, 73.843437 18.535986, 73.84249 18.53598, 73.842496 18.535077))"
PUNE_GRID_100M_1385,18.536435,73.842961,39.29,0.246,0.232,-0.4,Built-up,0.23,37.16,42.0,2.79,High,27,5840.0,0.584,155.5,0.486,2030.0,0.203,2026-05-31,"POLYGON ((73.84249 18.53598, 73.843437 18.535986, 73.843431 18.53689, 73.842484 18.536884, 73.84249 18.53598))"
PUNE_GRID_100M_1386,18.537339,73.842955,38.81,0.277,0.169,-0.286,Built-up,0.2,37.03,44.8,2.5,High,29,5530.0,0.553,132.8,0.415,1700.0,0.17,2026-05-31,"POLYGON ((73.842484 18.536884, 73.843431 18.53689, 73.843425 18.537793, 73.842478 18.537788, 73.842484 18.536884))"
PUNE_GRID_100M_1387,18.538242,73.842948,39.49,0.191,0.214,-0.4,Built-up,0.223,37.29,42.8,2.58,High,26,5950.0,0.595,143.7,0.449,1770.0,0.177,2026-05-31,"POLYGON ((73.842478 18.537788, 73.843425 18.537793, 73.843419 18.538697, 73.842472 18.538691, 73.842478 18.537788))"
PUNE_GRID_100M_1388,18.539146,73.842942,39.56,0.213,0.239,-0.362,Built-up,0.202,37.2,40.9,2.71,High,24,5990.0,0.599,140.5,0.439,2080.0,0.208,2026-05-31,"POLYGON ((73.842472 18.538691, 73.843419 18.538697, 73.843413 18.539601, 73.842466 18.539595, 73.842472 18.538691))"
PUNE_GRID_100M_1389,18.54005,73.842936,38.21,0.22,0.146,-0.4,Built-up,0.204,36.34,46.7,2.99,High,25,5140.0,0.514,132.2,0.413,1790.0,0.179,2026-05-31,"POLYGON ((73.842466 18.539595, 73.843413 18.539601, 73.843407 18.540504, 73.84246 18.540499, 73.842466 18.539595))"
PUNE_GRID_100M_1390,18.540953,73.84293,37.44,0.19,0.133,-0.4,Built-up,0.228,35.75,44.6,2.78,Medium,20,4650.0,0.465,106.2,0.332,3270.0,0.327,2026-05-31,"POLYGON ((73.84246 18.540499, 73.843407 18.540504, 73.843401 18.541408, 73.842454 18.541402, 73.84246 18.540499))"
PUNE_GRID_100M_1391,18.541857,73.842924,38.28,0.268,0.127,-0.4,Built-up,0.226,35.96,42.8,2.87,High,21,5170.0,0.517,136.6,0.427,2320.0,0.232,2026-05-31,"POLYGON ((73.842454 18.541402, 73.843401 18.541408, 73.843395 18.542312, 73.842447 18.542306, 73.842454 18.541402))"
PUNE_GRID_100M_1392,18.542761,73.842918,37.23,0.321,0.144,-0.4,Built-up,0.215,35.19,44.6,2.73,Medium,23,4510.0,0.451,93.8,0.293,3330.0,0.333,2026-05-31,"POLYGON ((73.842447 18.542306, 73.843395 18.542312, 73.843389 18.543215, 73.842441 18.543209, 73.842447 18.542306))"
PUNE_GRID_100M_1393,18.543664,73.842912,39.24,0.237,0.269,-0.4,Built-up,0.196,36.94,42.4,2.8,High,22,5760.0,0.576,124.2,0.388,2230.0,0.223,2026-05-31,"POLYGON ((73.842441 18.543209, 73.843389 18.543215, 73.843383 18.544119, 73.842435 18.544113, 73.842441 18.543209))"
PUNE_GRID_100M_1394,18.544568,73.842906,37.6,0.206,0.226,-0.4,Built-up,0.19,35.84,43.9,2.83,High,15,4730.0,0.473,122.2,0.382,3570.0,0.357,2026-05-31,"POLYGON ((73.842435 18.544113, 73.843383 18.544119, 73.843377 18.545022, 73.842429 18.545017, 73.842435 18.544113))"
PUNE_GRID_100M_1395,18.545471,73.8429,37.06,0.289,0.12,-0.4,Built-up,0.206,35.45,45.0,2.92,Medium,21,4380.0,0.438,104.0,0.325,3590.0,0.359,2026-05-31,"POLYGON ((73.842429 18.545017, 73.843377 18.545022, 73.84337 18.545926, 73.842423 18.54592, 73.842429 18.545017))"
PUNE_GRID_100M_1396,18.546375,73.842894,37.35,0.204,0.154,-0.354,Built-up,0.224,35.85,47.7,2.82,Medium,17,4560.0,0.456,103.7,0.324,3550.0,0.355,2026-05-31,"POLYGON ((73.842423 18.54592, 73.84337 18.545926, 73.843364 18.54683, 73.842417 18.546824, 73.842423 18.54592))"
PUNE_GRID_100M_1397,18.547279,73.842888,35.98,0.395,0.016,-0.295,Built-up,0.234,34.62,45.2,3.17,Medium,13,3700.0,0.37,100.2,0.313,4410.0,0.441,2026-05-31,"POLYGON ((73.842417 18.546824, 73.843364 18.54683, 73.843358 18.547733, 73.842411 18.547728, 73.842417 18.546824))"
PUNE_GRID_100M_1398,18.548182,73.842882,36.14,0.292,0.121,-0.351,Built-up,0.217,34.97,48.6,2.86,Medium,15,3790.0,0.379,83.2,0.26,4430.0,0.443,2026-05-31,"POLYGON ((73.842411 18.547728, 73.843358 18.547733, 73.843352 18.548637, 73.842405 18.548631, 73.842411 18.547728))"
PUNE_GRID_100M_1399,18.549086,73.842875,37.73,0.33,0.171,-0.392,Built-up,0.213,35.87,46.1,2.61,High,17,4780.0,0.478,112.0,0.35,2730.0,0.273,2026-05-31,"POLYGON ((73.842405 18.548631, 73.843352 18.548637, 73.843346 18.549541, 73.842399 18.549535, 73.842405 18.548631))"
PUNE_GRID_100M_1400,18.54999,73.842869,36.1,0.374,0.06,-0.369,Built-up,0.233,35.32,46.7,3.53,Medium,15,3750.0,0.375,107.8,0.337,4680.0,0.468,2026-05-31,"POLYGON ((73.842399 18.549535, 73.843346 18.549541, 73.84334 18.550444, 73.842393 18.550438, 73.842399 18.549535))"
PUNE_GRID_100M_1401,18.500296,73.844151,37.4,0.255,0.17,-0.4,Built-up,0.188,35.7,46.2,2.65,Medium,18,4630.0,0.463,130.9,0.409,3260.0,0.326,2026-05-31,"POLYGON ((73.84368 18.499841, 73.844627 18.499847, 73.844621 18.50075, 73.843674 18.500745, 73.84368 18.499841))"
PUNE_GRID_100M_1402,18.501199,73.844145,38.8,0.197,0.188,-0.4,Built-up,0.225,37.36,44.0,2.95,High,30,5520.0,0.552,152.6,0.477,2210.0,0.221,2026-05-31,"POLYGON ((73.843674 18.500745, 73.844621 18.50075, 73.844615 18.501654, 73.843668 18.501648, 73.843674 18.500745))"
PUNE_GRID_100M_1403,18.502103,73.844139,39.45,0.233,0.212,-0.4,Built-up,0.204,37.22,45.4,2.95,High,21,5930.0,0.593,138.6,0.433,1450.0,0.145,2026-05-31,"POLYGON ((73.843668 18.501648, 73.844615 18.501654, 73.844609 18.502558, 73.843662 18.502552, 73.843668 18.501648))"
PUNE_GRID_100M_1404,18.503007,73.844133,39.21,0.194,0.229,-0.4,Built-up,0.196,36.88,44.5,2.83,High,21,5780.0,0.578,154.6,0.483,1590.0,0.159,2026-05-31,"POLYGON ((73.843662 18.502552, 73.844609 18.502558, 73.844603 18.503461, 73.843656 18.503456, 73.843662 18.502552))"
PUNE_GRID_100M_1405,18.50391,73.844127,39.56,0.219,0.198,-0.4,Built-up,0.211,36.92,40.9,2.58,High,32,6010.0,0.601,132.2,0.413,1680.0,0.168,2026-05-31,"POLYGON ((73.843656 18.503456, 73.844603 18.503461, 73.844597 18.504365, 73.84365 18.504359, 73.843656 18.503456))"
PUNE_GRID_100M_1406,18.504814,73.84412,38.29,0.241,0.204,-0.374,Built-up,0.207,35.87,44.8,2.66,High,22,5220.0,0.522,113.6,0.355,2100.0,0.21,2026-05-31,"POLYGON ((73.84365 18.504359, 73.844597 18.504365, 73.844591 18.505269, 73.843644 18.505263, 73.84365 18.504359))"
PUNE_GRID_100M_1407,18.505718,73.844114,37.88,0.203,0.123,-0.304,Built-up,0.229,35.72,45.9,2.33,High,15,4970.0,0.497,89.3,0.279,2520.0,0.252,2026-05-31,"POLYGON ((73.843644 18.505263, 73.844591 18.505269, 73.844585 18.506172, 73.843638 18.506166, 73.843644 18.505263))"
PUNE_GRID_100M_1408,18.506621,73.844108,40.34,0.099,0.234,-0.4,Built-up,0.206,37.47,42.3,2.96,High,27,6510.0,0.651,177.6,0.555,580.0,0.058,2026-05-31,"POLYGON ((73.843638 18.506166, 73.844585 18.506172, 73.844579 18.507076, 73.843632 18.50707, 73.843638 18.506166))"
PUNE_GRID_100M_1409,18.507525,73.844102,39.0,0.244,0.178,-0.366,Built-up,0.219,36.92,44.0,2.37,High,22,5680.0,0.568,125.1,0.391,2360.0,0.236,2026-05-31,"POLYGON ((73.843632 18.50707, 73.844579 18.507076, 73.844573 18.507979, 73.843626 18.507974, 73.843632 18.50707))"
PUNE_GRID_100M_1410,18.508428,73.844096,39.17,0.207,0.235,-0.4,Built-up,0.218,36.76,42.7,2.47,High,18,5790.0,0.579,137.3,0.429,1660.0,0.166,2026-05-31,"POLYGON ((73.843626 18.507974, 73.844573 18.507979, 73.844567 18.508883, 73.84362 18.508877, 73.843626 18.507974))"
PUNE_GRID_100M_1411,18.509332,73.84409,40.54,0.159,0.256,-0.4,Built-up,0.207,37.93,40.5,2.52,High,23,6650.0,0.665,147.8,0.462,560.0,0.056,2026-05-31,"POLYGON ((73.84362 18.508877, 73.844567 18.508883, 73.844561 18.509787, 73.843614 18.509781, 73.84362 18.508877))"
PUNE_GRID_100M_1412,18.510236,73.844084,40.03,0.227,0.211,-0.4,Built-up,0.2,37.91,40.7,2.46,High,24,6330.0,0.633,161.0,0.503,840.0,0.084,2026-05-31,"POLYGON ((73.843614 18.509781, 73.844561 18.509787, 73.844555 18.51069, 73.843607 18.510685, 73.843614 18.509781))"
PUNE_GRID_100M_1413,18.511139,73.844078,40.05,0.245,0.234,-0.4,Built-up,0.181,37.51,40.7,2.34,High,21,6350.0,0.635,147.5,0.461,1080.0,0.108,2026-05-31,"POLYGON ((73.843607 18.510685, 73.844555 18.51069, 73.844549 18.511594, 73.843601 18.511588, 73.843607 18.510685))"
PUNE_GRID_100M_1414,18.512043,73.844072,41.51,0.136,0.317,-0.4,Built-up,0.208,39.18,42.8,2.73,Extreme,24,7270.0,0.727,157.8,0.493,200.0,0.02,2026-05-31,"POLYGON ((73.843601 18.511588, 73.844549 18.511594, 73.844543 18.512498, 73.843595 18.512492, 73.843601 18.511588))"
PUNE_GRID_100M_1415,18.512947,73.844066,39.34,0.209,0.185,-0.4,Built-up,0.203,36.69,39.8,2.63,High,24,5920.0,0.592,147.8,0.462,2560.0,0.256,2026-05-31,"POLYGON ((73.843595 18.512492, 73.844543 18.512498, 73.844536 18.513401, 73.843589 18.513395, 73.843595 18.512492))"
PUNE_GRID_100M_1416,18.51385,73.84406,40.68,0.196,0.246,-0.4,Built-up,0.189,37.93,41.5,2.49,High,27,6760.0,0.676,144.0,0.45,1310.0,0.131,2026-05-31,"POLYGON ((73.843589 18.513395, 73.844536 18.513401, 73.84453 18.514305, 73.843583 18.514299, 73.843589 18.513395))"
PUNE_GRID_100M_1417,18.514754,73.844054,40.05,0.144,0.316,-0.4,Built-up,0.157,37.37,41.8,2.34,High,27,6370.0,0.637,142.1,0.444,1710.0,0.171,2026-05-31,"POLYGON ((73.843583 18.514299, 73.84453 18.514305, 73.844524 18.515209, 73.843577 18.515203, 73.843583 18.514299))"
PUNE_GRID_100M_1418,18.515657,73.844048,40.28,0.199,0.237,-0.4,Built-up,0.202,37.98,42.4,2.62,High,20,6510.0,0.651,129.3,0.404,1750.0,0.175,2026-05-31,"POLYGON ((73.843577 18.515203, 73.844524 18.515209, 73.844518 18.516112, 73.843571 18.516106, 73.843577 18.515203))"
PUNE_GRID_100M_1419,18.516561,73.844042,41.34,0.175,0.301,-0.4,Built-up,0.188,37.77,39.1,2.3,Extreme,25,7180.0,0.718,154.2,0.482,200.0,0.02,2026-05-31,"POLYGON ((73.843571 18.516106, 73.844518 18.516112, 73.844512 18.517016, 73.843565 18.51701, 73.843571 18.516106))"
PUNE_GRID_100M_1420,18.517465,73.844036,40.57,0.207,0.265,-0.4,Built-up,0.17,37.47,43.1,2.7,High,34,6690.0,0.669,162.9,0.509,290.0,0.029,2026-05-31,"POLYGON ((73.843565 18.51701, 73.844512 18.517016, 73.844506 18.517919, 73.843559 18.517914, 73.843565 18.51701))"
PUNE_GRID_100M_1421,18.518368,73.844029,40.62,0.101,0.265,-0.4,Built-up,0.199,37.9,40.6,2.41,High,22,6730.0,0.673,136.3,0.426,550.0,0.055,2026-05-31,"POLYGON ((73.843559 18.517914, 73.844506 18.517919, 73.8445 18.518823, 73.843553 18.518817, 73.843559 18.517914))"
PUNE_GRID_100M_1422,18.519272,73.844023,41.07,0.132,0.317,-0.4,Built-up,0.175,38.71,43.8,2.63,Extreme,28,7010.0,0.701,149.4,0.467,1120.0,0.112,2026-05-31,"POLYGON ((73.843553 18.518817, 73.8445 18.518823, 73.844494 18.519727, 73.843547 18.519721, 73.843553 18.518817))"
PUNE_GRID_100M_1423,18.520176,73.844017,39.92,0.168,0.275,-0.4,Built-up,0.231,37.51,42.1,2.36,High,33,6300.0,0.63,151.0,0.472,1070.0,0.107,2026-05-31,"POLYGON ((73.843547 18.519721, 73.844494 18.519727, 73.844488 18.52063, 73.843541 18.520625, 73.843547 18.519721))"
PUNE_GRID_100M_1424,18.521079,73.844011,39.54,0.22,0.22,-0.4,Built-up,0.192,36.77,43.2,2.4,High,23,6060.0,0.606,138.6,0.433,1140.0,0.114,2026-05-31,"POLYGON ((73.843541 18.520625, 73.844488 18.52063, 73.844482 18.521534, 73.843535 18.521528, 73.843541 18.520625))"
PUNE_GRID_100M_1425,18.521983,73.844005,39.36,0.242,0.184,-0.4,Built-up,0.2,36.69,43.5,2.63,High,24,5940.0,0.594,168.0,0.525,1310.0,0.131,2026-05-31,"POLYGON ((73.843535 18.521528, 73.844482 18.521534, 73.844476 18.522438, 73.843529 18.522432, 73.843535 18.521528))"
PUNE_GRID_100M_1426,18.522886,73.843999,38.6,0.309,0.225,-0.4,Built-up,0.186,37.02,44.5,2.83,High,18,5460.0,0.546,154.6,0.483,2000.0,0.2,2026-05-31,"POLYGON ((73.843529 18.522432, 73.844476 18.522438, 73.84447 18.523341, 73.843522 18.523335, 73.843529 18.522432))"
PUNE_GRID_100M_1427,18.52379,73.843993,41.78,0.118,0.327,-0.4,Built-up,0.2,38.56,41.6,2.71,Extreme,35,7450.0,0.745,167.7,0.524,200.0,0.02,2026-05-31,"POLYGON ((73.843522 18.523335, 73.84447 18.523341, 73.844464 18.524245, 73.843516 18.524239, 73.843522 18.523335))"
PUNE_GRID_100M_1428,18.524694,73.843987,39.2,0.208,0.266,-0.4,Built-up,0.187,36.66,43.0,2.58,High,19,5840.0,0.584,147.2,0.46,1880.0,0.188,2026-05-31,"POLYGON ((73.843516 18.524239, 73.844464 18.524245, 73.844458 18.525148, 73.84351 18.525143, 73.843516 18.524239))"
PUNE_GRID_100M_1429,18.525597,73.843981,39.85,0.251,0.176,-0.343,Built-up,0.197,37.84,43.6,2.53,High,24,6240.0,0.624,159.4,0.498,930.0,0.093,2026-05-31,"POLYGON ((73.84351 18.525143, 73.844458 18.525148, 73.844451 18.526052, 73.843504 18.526046, 73.84351 18.525143))"
PUNE_GRID_100M_1430,18.526501,73.843975,39.74,0.221,0.244,-0.381,Built-up,0.207,37.62,43.9,2.32,High,32,6170.0,0.617,140.5,0.439,1790.0,0.179,2026-05-31,"POLYGON ((73.843504 18.526046, 73.844451 18.526052, 73.844445 18.526956, 73.843498 18.52695, 73.843504 18.526046))"
PUNE_GRID_100M_1431,18.527405,73.843969,40.13,0.246,0.313,-0.4,Built-up,0.163,37.97,41.7,2.49,High,20,6410.0,0.641,134.7,0.421,1070.0,0.107,2026-05-31,"POLYGON ((73.843498 18.52695, 73.844445 18.526956, 73.844439 18.527859, 73.843492 18.527854, 73.843498 18.52695))"
PUNE_GRID_100M_1432,18.528308,73.843963,40.45,0.196,0.26,-0.4,Built-up,0.203,37.53,43.3,2.27,High,26,6610.0,0.661,158.4,0.495,840.0,0.084,2026-05-31,"POLYGON ((73.843492 18.527854, 73.844439 18.527859, 73.844433 18.528763, 73.843486 18.528757, 73.843492 18.527854))"
PUNE_GRID_100M_1433,18.529212,73.843957,40.4,0.14,0.261,-0.4,Built-up,0.22,37.32,44.5,2.54,High,29,6570.0,0.657,155.5,0.486,1250.0,0.125,2026-05-31,"POLYGON ((73.843486 18.528757, 73.844433 18.528763, 73.844427 18.529667, 73.84348 18.529661, 73.843486 18.528757))"
PUNE_GRID_100M_1434,18.530116,73.843951,39.15,0.176,0.221,-0.4,Built-up,0.209,36.94,44.7,2.57,High,23,5780.0,0.578,133.1,0.416,1720.0,0.172,2026-05-31,"POLYGON ((73.84348 18.529661, 73.844427 18.529667, 73.844421 18.53057, 73.843474 18.530564, 73.84348 18.529661))"
PUNE_GRID_100M_1435,18.531019,73.843944,39.38,0.16,0.205,-0.4,Built-up,0.213,37.17,44.9,2.11,High,19,5920.0,0.592,147.8,0.462,1470.0,0.147,2026-05-31,"POLYGON ((73.843474 18.530564, 73.844421 18.53057, 73.844415 18.531474, 73.843468 18.531468, 73.843474 18.530564))"
PUNE_GRID_100M_1436,18.531923,73.843938,39.63,0.239,0.224,-0.4,Built-up,0.213,37.35,43.6,2.52,High,27,6080.0,0.608,136.3,0.426,1880.0,0.188,2026-05-31,"POLYGON ((73.843468 18.531468, 73.844415 18.531474, 73.844409 18.532377, 73.843462 18.532372, 73.843468 18.531468))"
PUNE_GRID_100M_1437,18.532826,73.843932,39.09,0.279,0.199,-0.4,Built-up,0.23,37.31,42.3,2.62,High,27,5740.0,0.574,122.9,0.384,1760.0,0.176,2026-05-31,"POLYGON ((73.843462 18.532372, 73.844409 18.532377, 73.844403 18.533281, 73.843456 18.533275, 73.843462 18.532372))"
PUNE_GRID_100M_1438,18.53373,73.843926,40.46,0.258,0.252,-0.4,Built-up,0.213,37.3,41.4,2.54,High,33,6590.0,0.659,159.7,0.499,760.0,0.076,2026-05-31,"POLYGON ((73.843456 18.533275, 73.844403 18.533281, 73.844397 18.534185, 73.84345 18.534179, 73.843456 18.533275))"
PUNE_GRID_100M_1439,18.534634,73.84392,39.45,0.253,0.262,-0.4,Built-up,0.199,37.37,43.9,2.65,High,26,5950.0,0.595,147.8,0.462,1890.0,0.189,2026-05-31,"POLYGON ((73.84345 18.534179, 73.844397 18.534185, 73.844391 18.535088, 73.843443 18.535083, 73.84345 18.534179))"
PUNE_GRID_100M_1440,18.535537,73.843914,39.52,0.263,0.242,-0.4,Built-up,0.21,36.84,44.8,2.33,High,20,5990.0,0.599,128.6,0.402,2630.0,0.263,2026-05-31,"POLYGON ((73.843443 18.535083, 73.844391 18.535088, 73.844385 18.535992, 73.843437 18.535986, 73.843443 18.535083))"
PUNE_GRID_100M_1441,18.536441,73.843908,39.34,0.2,0.228,-0.4,Built-up,0.186,37.29,47.7,2.46,High,23,5870.0,0.587,152.6,0.477,1940.0,0.194,2026-05-31,"POLYGON ((73.843437 18.535986, 73.844385 18.535992, 73.844379 18.536896, 73.843431 18.53689, 73.843437 18.535986))"
PUNE_GRID_100M_1442,18.537345,73.843902,39.62,0.167,0.257,-0.4,Built-up,0.205,37.09,44.8,2.84,High,28,6040.0,0.604,122.2,0.382,2000.0,0.2,2026-05-31,"POLYGON ((73.843431 18.53689, 73.844379 18.536896, 73.844373 18.537799, 73.843425 18.537793, 73.843431 18.53689))"
PUNE_GRID_100M_1443,18.538248,73.843896,38.69,0.28,0.183,-0.4,Built-up,0.192,36.34,42.3,2.66,High,26,5450.0,0.545,123.5,0.386,2600.0,0.26,2026-05-31,"POLYGON ((73.843425 18.537793, 73.844373 18.537799, 73.844366 18.538703, 73.843419 18.538697, 73.843425 18.537793))"
PUNE_GRID_100M_1444,18.539152,73.84389,37.37,0.309,0.108,-0.345,Built-up,0.215,35.48,44.0,2.75,Medium,20,4630.0,0.463,107.8,0.337,2930.0,0.293,2026-05-31,"POLYGON ((73.843419 18.538697, 73.844366 18.538703, 73.84436 18.539607, 73.843413 18.539601, 73.843419 18.538697))"
PUNE_GRID_100M_1445,18.540055,73.843884,38.6,0.253,0.169,-0.4,Built-up,0.163,36.09,47.5,2.59,High,17,5380.0,0.538,121.0,0.378,2530.0,0.253,2026-05-31,"POLYGON ((73.843413 18.539601, 73.84436 18.539607, 73.844354 18.54051, 73.843407 18.540504, 73.843413 18.539601))"
PUNE_GRID_100M_1446,18.540959,73.843878,37.62,0.299,0.143,-0.344,Built-up,0.22,35.85,44.6,2.73,High,20,4770.0,0.477,107.2,0.335,3210.0,0.321,2026-05-31,"POLYGON ((73.843407 18.540504, 73.844354 18.54051, 73.844348 18.541414, 73.843401 18.541408, 73.843407 18.540504))"
PUNE_GRID_100M_1447,18.541863,73.843872,37.58,0.298,0.109,-0.4,Built-up,0.211,35.57,45.0,2.29,High,14,4740.0,0.474,137.6,0.43,3100.0,0.31,2026-05-31,"POLYGON ((73.843401 18.541408, 73.844348 18.541414, 73.844342 18.542317, 73.843395 18.542312, 73.843401 18.541408))"
PUNE_GRID_100M_1448,18.542766,73.843865,38.33,0.31,0.16,-0.308,Built-up,0.228,36.57,42.9,2.94,High,20,5200.0,0.52,113.9,0.356,2780.0,0.278,2026-05-31,"POLYGON ((73.843395 18.542312, 73.844342 18.542317, 73.844336 18.543221, 73.843389 18.543215, 73.843395 18.542312))"
PUNE_GRID_100M_1449,18.54367,73.843859,38.71,0.297,0.176,-0.4,Built-up,0.214,36.79,46.4,3.16,High,26,5430.0,0.543,161.6,0.505,2210.0,0.221,2026-05-31,"POLYGON ((73.843389 18.543215, 73.844336 18.543221, 73.84433 18.544125, 73.843383 18.544119, 73.843389 18.543215))"
PUNE_GRID_100M_1450,18.544574,73.843853,37.59,0.306,0.205,-0.4,Built-up,0.22,36.32,45.7,2.61,High,15,4730.0,0.473,119.0,0.372,3030.0,0.303,2026-05-31,"POLYGON ((73.843383 18.544119, 73.84433 18.544125, 73.844324 18.545028, 73.843377 18.545022, 73.843383 18.544119))"
PUNE_GRID_100M_1451,18.545477,73.843847,37.67,0.315,0.062,-0.4,Built-up,0.213,35.98,43.7,2.66,High,19,4770.0,0.477,115.5,0.361,3170.0,0.317,2026-05-31,"POLYGON ((73.843377 18.545022, 73.844324 18.545028, 73.844318 18.545932, 73.84337 18.545926, 73.843377 18.545022))"
PUNE_GRID_100M_1452,18.546381,73.843841,38.64,0.268,0.183,-0.4,Built-up,0.223,36.7,42.6,2.96,High,19,5370.0,0.537,135.0,0.422,1870.0,0.187,2026-05-31,"POLYGON ((73.84337 18.545926, 73.844318 18.545932, 73.844312 18.546836, 73.843364 18.54683, 73.84337 18.545926))"
PUNE_GRID_100M_1453,18.547284,73.843835,37.33,0.275,0.182,-0.4,Built-up,0.239,36.05,45.6,3.19,Medium,14,4540.0,0.454,141.4,0.442,3010.0,0.301,2026-05-31,"POLYGON ((73.843364 18.54683, 73.844312 18.546836, 73.844306 18.547739, 73.843358 18.547733, 73.843364 18.54683))"
PUNE_GRID_100M_1454,18.548188,73.843829,39.07,0.263,0.212,-0.4,Built-up,0.213,36.66,43.8,2.92,High,30,5630.0,0.563,122.6,0.383,2780.0,0.278,2026-05-31,"POLYGON ((73.843358 18.547733, 73.844306 18.547739, 73.8443 18.548643, 73.843352 18.548637, 73.843358 18.547733))"
PUNE_GRID_100M_1455,18.549092,73.843823,37.29,0.239,0.151,-0.4,Built-up,0.225,35.16,46.4,2.7,Medium,23,4510.0,0.451,93.8,0.293,3740.0,0.374,2026-05-31,"POLYGON ((73.843352 18.548637, 73.8443 18.548643, 73.844294 18.549546, 73.843346 18.549541, 73.843352 18.548637))"
PUNE_GRID_100M_1456,18.549995,73.843817,35.28,0.407,0.041,-0.4,Vegetation,0.235,34.26,47.6,2.93,Medium,11,3250.0,0.325,68.5,0.214,5100.0,0.51,2026-05-31,"POLYGON ((73.843346 18.549541, 73.844294 18.549546, 73.844287 18.55045, 73.84334 18.550444, 73.843346 18.549541))"
PUNE_GRID_100M_1457,18.500301,73.845098,38.93,0.19,0.182,-0.366,Built-up,0.199,36.32,43.5,2.49,High,25,5590.0,0.559,134.7,0.421,2910.0,0.291,2026-05-31,"POLYGON ((73.844627 18.499847, 73.845575 18.499853, 73.845568 18.500756, 73.844621 18.50075, 73.844627 18.499847))"
PUNE_GRID_100M_1458,18.501205,73.845092,38.77,0.254,0.127,-0.399,Built-up,0.229,37.38,43.2,2.54,High,26,5500.0,0.55,109.8,0.343,1930.0,0.193,2026-05-31,"POLYGON ((73.844621 18.50075, 73.845568 18.500756, 73.845562 18.50166, 73.844615 18.501654, 73.844621 18.50075))"
PUNE_GRID_100M_1459,18.502109,73.845086,39.63,0.179,0.24,-0.369,Built-up,0.174,37.68,43.1,2.59,High,32,6040.0,0.604,145.3,0.454,1150.0,0.115,2026-05-31,"POLYGON ((73.844615 18.501654, 73.845562 18.50166, 73.845556 18.502563, 73.844609 18.502558, 73.844615 18.501654))"
PUNE_GRID_100M_1460,18.503012,73.84508,39.27,0.248,0.194,-0.4,Built-up,0.199,37.64,42.8,2.44,High,31,5830.0,0.583,161.6,0.505,2340.0,0.234,2026-05-31,"POLYGON ((73.844609 18.502558, 73.845556 18.502563, 73.84555 18.503467, 73.844603 18.503461, 73.844609 18.502558))"
PUNE_GRID_100M_1461,18.503916,73.845074,38.76,0.242,0.17,-0.4,Built-up,0.183,36.65,43.8,2.45,High,19,5510.0,0.551,134.1,0.419,2250.0,0.225,2026-05-31,"POLYGON ((73.844603 18.503461, 73.84555 18.503467, 73.845544 18.504371, 73.844597 18.504365, 73.844603 18.503461))"
PUNE_GRID_100M_1462,18.50482,73.845068,38.02,0.206,0.146,-0.368,Built-up,0.203,36.28,44.6,2.6,High,25,5050.0,0.505,117.4,0.367,2750.0,0.275,2026-05-31,"POLYGON ((73.844597 18.504365, 73.845544 18.504371, 73.845538 18.505274, 73.844591 18.505269, 73.844597 18.504365))"
PUNE_GRID_100M_1463,18.505723,73.845062,38.96,0.253,0.256,-0.4,Built-up,0.204,36.63,42.5,2.6,High,23,5650.0,0.565,127.7,0.399,1670.0,0.167,2026-05-31,"POLYGON ((73.844591 18.505269, 73.845538 18.505274, 73.845532 18.506178, 73.844585 18.506172, 73.844591 18.505269))"
PUNE_GRID_100M_1464,18.506627,73.845056,38.57,0.227,0.258,-0.4,Built-up,0.201,36.76,45.1,2.26,High,20,5410.0,0.541,141.4,0.442,2440.0,0.244,2026-05-31,"POLYGON ((73.844585 18.506172, 73.845532 18.506178, 73.845526 18.507082, 73.844579 18.507076, 73.844585 18.506172))"
PUNE_GRID_100M_1465,18.507531,73.845049,38.91,0.273,0.207,-0.378,Built-up,0.204,36.37,43.3,2.6,High,23,5630.0,0.563,124.5,0.389,2420.0,0.242,2026-05-31,"POLYGON ((73.844579 18.507076, 73.845526 18.507082, 73.84552 18.507985, 73.844573 18.507979, 73.844579 18.507076))"
PUNE_GRID_100M_1466,18.508434,73.845043,39.96,0.201,0.234,-0.4,Built-up,0.2,36.71,41.8,2.42,High,34,6290.0,0.629,174.7,0.546,630.0,0.063,2026-05-31,"POLYGON ((73.844573 18.507979, 73.84552 18.507985, 73.845514 18.508889, 73.844567 18.508883, 73.844573 18.507979))"
PUNE_GRID_100M_1467,18.509338,73.845037,40.94,0.183,0.257,-0.4,Built-up,0.165,37.92,41.7,2.63,High,23,6910.0,0.691,190.7,0.596,250.0,0.025,2026-05-31,"POLYGON ((73.844567 18.508883, 73.845514 18.508889, 73.845508 18.509793, 73.844561 18.509787, 73.844567 18.508883))"
PUNE_GRID_100M_1468,18.510241,73.845031,40.03,0.161,0.265,-0.363,Built-up,0.187,37.08,43.3,2.62,High,34,6340.0,0.634,155.5,0.486,1070.0,0.107,2026-05-31,"POLYGON ((73.844561 18.509787, 73.845508 18.509793, 73.845502 18.510696, 73.844555 18.51069, 73.844561 18.509787))"
PUNE_GRID_100M_1469,18.511145,73.845025,38.86,0.216,0.252,-0.4,Built-up,0.184,37.15,44.0,2.34,High,19,5610.0,0.561,134.4,0.42,2230.0,0.223,2026-05-31,"POLYGON ((73.844555 18.51069, 73.845502 18.510696, 73.845496 18.5116, 73.844549 18.511594, 73.844555 18.51069))"
PUNE_GRID_100M_1470,18.512049,73.845019,40.27,0.172,0.255,-0.4,Built-up,0.184,38.23,43.4,2.55,High,21,6500.0,0.65,169.3,0.529,470.0,0.047,2026-05-31,"POLYGON ((73.844549 18.511594, 73.845496 18.5116, 73.84549 18.512503, 73.844543 18.512498, 73.844549 18.511594))"
PUNE_GRID_100M_1471,18.512952,73.845013,40.96,0.201,0.222,-0.4,Built-up,0.209,37.75,43.6,2.25,High,28,6940.0,0.694,180.5,0.564,870.0,0.087,2026-05-31,"POLYGON ((73.844543 18.512498, 73.84549 18.512503, 73.845484 18.513407, 73.844536 18.513401, 73.844543 18.512498))"
PUNE_GRID_100M_1472,18.513856,73.845007,39.6,0.281,0.252,-0.4,Built-up,0.182,37.61,45.3,2.67,High,23,6090.0,0.609,136.0,0.425,2000.0,0.2,2026-05-31,"POLYGON ((73.844536 18.513401, 73.845484 18.513407, 73.845478 18.514311, 73.84453 18.514305, 73.844536 18.513401))"
PUNE_GRID_100M_1473,18.51476,73.845001,40.06,0.166,0.282,-0.4,Built-up,0.18,37.83,43.4,2.23,High,25,6370.0,0.637,146.2,0.457,1110.0,0.111,2026-05-31,"POLYGON ((73.84453 18.514305, 73.845478 18.514311, 73.845472 18.515214, 73.844524 18.515209, 73.84453 18.514305))"
PUNE_GRID_100M_1474,18.515663,73.844995,40.24,0.235,0.213,-0.4,Built-up,0.17,37.2,41.2,2.45,High,27,6490.0,0.649,138.9,0.434,1120.0,0.112,2026-05-31,"POLYGON ((73.844524 18.515209, 73.845472 18.515214, 73.845465 18.516118, 73.844518 18.516112, 73.844524 18.515209))"
PUNE_GRID_100M_1475,18.516567,73.844989,39.65,0.125,0.24,-0.4,Built-up,0.192,37.14,42.9,2.33,High,20,6130.0,0.613,152.3,0.476,1390.0,0.139,2026-05-31,"POLYGON ((73.844518 18.516112, 73.845465 18.516118, 73.845459 18.517022, 73.844512 18.517016, 73.844518 18.516112))"
PUNE_GRID_100M_1476,18.51747,73.844983,40.84,0.123,0.301,-0.4,Built-up,0.17,37.91,40.8,2.16,High,22,6870.0,0.687,173.4,0.542,200.0,0.02,2026-05-31,"POLYGON ((73.844512 18.517016, 73.845459 18.517022, 73.845453 18.517925, 73.844506 18.517919, 73.844512 18.517016))"
PUNE_GRID_100M_1477,18.518374,73.844977,40.26,0.153,0.26,-0.4,Built-up,0.194,37.91,45.3,2.54,High,28,6510.0,0.651,138.9,0.434,1010.0,0.101,2026-05-31,"POLYGON ((73.844506 18.517919, 73.845453 18.517925, 73.845447 18.518829, 73.8445 18.518823, 73.844506 18.517919))"
PUNE_GRID_100M_1478,18.519278,73.844971,40.71,0.121,0.258,-0.4,Built-up,0.179,37.63,45.4,2.23,High,25,6800.0,0.68,157.4,0.492,620.0,0.062,2026-05-31,"POLYGON ((73.8445 18.518823, 73.845447 18.518829, 73.845441 18.519732, 73.844494 18.519727, 73.8445 18.518823))"
PUNE_GRID_100M_1479,18.520181,73.844965,39.68,0.148,0.266,-0.4,Built-up,0.194,37.25,44.2,2.01,High,19,6150.0,0.615,130.2,0.407,2270.0,0.227,2026-05-31,"POLYGON ((73.844494 18.519727, 73.845441 18.519732, 73.845435 18.520636, 73.844488 18.52063, 73.844494 18.519727))"
PUNE_GRID_100M_1480,18.521085,73.844958,40.03,0.215,0.239,-0.4,Built-up,0.195,37.32,44.3,1.78,High,20,6370.0,0.637,141.4,0.442,1680.0,0.168,2026-05-31,"POLYGON ((73.844488 18.52063, 73.845435 18.520636, 73.845429 18.52154, 73.844482 18.521534, 73.844488 18.52063))"
PUNE_GRID_100M_1481,18.521989,73.844952,40.94,0.159,0.248,-0.4,Built-up,0.22,38.3,42.6,2.18,High,27,6940.0,0.694,173.8,0.543,800.0,0.08,2026-05-31,"POLYGON ((73.844482 18.521534, 73.845429 18.52154, 73.845423 18.522443, 73.844476 18.522438, 73.844482 18.521534))"
PUNE_GRID_100M_1482,18.522892,73.844946,40.04,0.214,0.19,-0.4,Built-up,0.213,37.46,43.5,2.64,High,26,6370.0,0.637,143.4,0.448,1430.0,0.143,2026-05-31,"POLYGON ((73.844476 18.522438, 73.845423 18.522443, 73.845417 18.523347, 73.84447 18.523341, 73.844476 18.522438))"
PUNE_GRID_100M_1483,18.523796,73.84494,41.68,0.169,0.363,-0.4,Built-up,0.147,38.52,39.3,2.62,Extreme,33,7390.0,0.739,173.4,0.542,200.0,0.02,2026-05-31,"POLYGON ((73.84447 18.523341, 73.845417 18.523347, 73.845411 18.524251, 73.844464 18.524245, 73.84447 18.523341))"
PUNE_GRID_100M_1484,18.5247,73.844934,39.93,0.213,0.265,-0.4,Built-up,0.173,37.39,42.9,2.23,High,20,6300.0,0.63,130.2,0.407,1460.0,0.146,2026-05-31,"POLYGON ((73.844464 18.524245, 73.845411 18.524251, 73.845405 18.525154, 73.844458 18.525148, 73.844464 18.524245))"
PUNE_GRID_100M_1485,18.525603,73.844928,40.36,0.214,0.269,-0.4,Built-up,0.192,38.36,41.4,2.31,High,32,6570.0,0.657,160.0,0.5,1320.0,0.132,2026-05-31,"POLYGON ((73.844458 18.525148, 73.845405 18.525154, 73.845399 18.526058, 73.844451 18.526052, 73.844458 18.525148))"
PUNE_GRID_100M_1486,18.526507,73.844922,40.86,0.167,0.275,-0.4,Built-up,0.177,37.98,42.7,2.31,High,26,6870.0,0.687,164.2,0.513,200.0,0.02,2026-05-31,"POLYGON ((73.844451 18.526052, 73.845399 18.526058, 73.845393 18.526962, 73.844445 18.526956, 73.844451 18.526052))"
PUNE_GRID_100M_1487,18.52741,73.844916,38.9,0.191,0.185,-0.4,Built-up,0.162,36.42,43.8,2.14,High,25,5650.0,0.565,126.4,0.395,2420.0,0.242,2026-05-31,"POLYGON ((73.844445 18.526956, 73.845393 18.526962, 73.845387 18.527865, 73.844439 18.527859, 73.844445 18.526956))"
PUNE_GRID_100M_1488,18.528314,73.84491,38.54,0.293,0.152,-0.343,Built-up,0.233,36.65,47.1,2.24,High,24,5420.0,0.542,127.7,0.399,3310.0,0.331,2026-05-31,"POLYGON ((73.844439 18.527859, 73.845387 18.527865, 73.845381 18.528769, 73.844433 18.528763, 73.844439 18.527859))"
PUNE_GRID_100M_1489,18.529218,73.844904,38.63,0.224,0.175,-0.4,Built-up,0.219,36.5,45.5,2.64,High,23,5470.0,0.547,133.4,0.417,2700.0,0.27,2026-05-31,"POLYGON ((73.844433 18.528763, 73.845381 18.528769, 73.845374 18.529672, 73.844427 18.529667, 73.844433 18.528763))"
PUNE_GRID_100M_1490,18.530121,73.844898,40.76,0.136,0.221,-0.4,Built-up,0.208,37.61,42.8,2.56,High,21,6800.0,0.68,152.6,0.477,1330.0,0.133,2026-05-31,"POLYGON ((73.844427 18.529667, 73.845374 18.529672, 73.845368 18.530576, 73.844421 18.53057, 73.844427 18.529667))"
PUNE_GRID_100M_1491,18.531025,73.844892,39.2,0.221,0.192,-0.4,Built-up,0.196,37.61,43.2,2.53,High,31,5820.0,0.582,120.6,0.377,2140.0,0.214,2026-05-31,"POLYGON ((73.844421 18.53057, 73.845368 18.530576, 73.845362 18.53148, 73.844415 18.531474, 73.844421 18.53057))"
PUNE_GRID_100M_1492,18.531929,73.844886,41.58,0.108,0.312,-0.4,Built-up,0.19,38.5,44.3,2.23,Extreme,27,7300.0,0.73,198.4,0.62,230.0,0.023,2026-05-31,"POLYGON ((73.844415 18.531474, 73.845362 18.53148, 73.845356 18.532383, 73.844409 18.532377, 73.844415 18.531474))"
PUNE_GRID_100M_1493,18.532832,73.84488,38.96,0.22,0.221,-0.323,Built-up,0.19,36.66,43.8,2.53,High,29,5660.0,0.566,127.7,0.399,1860.0,0.186,2026-05-31,"POLYGON ((73.844409 18.532377, 73.845356 18.532383, 73.84535 18.533287, 73.844403 18.533281, 73.844409 18.532377))"
PUNE_GRID_100M_1494,18.533736,73.844874,39.44,0.233,0.224,-0.4,Built-up,0.203,37.16,43.9,2.07,High,29,5950.0,0.595,141.4,0.442,2040.0,0.204,2026-05-31,"POLYGON ((73.844403 18.533281, 73.84535 18.533287, 73.845344 18.534191, 73.844397 18.534185, 73.844403 18.533281))"
PUNE_GRID_100M_1495,18.534639,73.844867,40.4,0.2,0.292,-0.4,Built-up,0.174,38.3,42.7,2.72,High,27,6550.0,0.655,170.2,0.532,1120.0,0.112,2026-05-31,"POLYGON ((73.844397 18.534185, 73.845344 18.534191, 73.845338 18.535094, 73.844391 18.535088, 73.844397 18.534185))"
PUNE_GRID_100M_1496,18.535543,73.844861,40.64,0.142,0.319,-0.4,Built-up,0.205,37.44,41.9,2.63,High,26,6700.0,0.67,206.1,0.644,480.0,0.048,2026-05-31,"POLYGON ((73.844391 18.535088, 73.845338 18.535094, 73.845332 18.535998, 73.844385 18.535992, 73.844391 18.535088))"
PUNE_GRID_100M_1497,18.536447,73.844855,40.56,0.161,0.307,-0.4,Built-up,0.161,37.97,42.6,2.33,High,30,6640.0,0.664,143.4,0.448,1540.0,0.154,2026-05-31,"POLYGON ((73.844385 18.535992, 73.845332 18.535998, 73.845326 18.536901, 73.844379 18.536896, 73.844385 18.535992))"
PUNE_GRID_100M_1498,18.53735,73.844849,39.74,0.252,0.252,-0.369,Built-up,0.213,37.94,40.3,2.94,High,27,6120.0,0.612,152.6,0.477,1230.0,0.123,2026-05-31,"POLYGON ((73.844379 18.536896, 73.845326 18.536901, 73.84532 18.537805, 73.844373 18.537799, 73.844379 18.536896))"
PUNE_GRID_100M_1499,18.538254,73.844843,39.46,0.239,0.226,-0.4,Built-up,0.2,37.16,41.1,2.28,High,30,5940.0,0.594,133.4,0.417,1730.0,0.173,2026-05-31,"POLYGON ((73.844373 18.537799, 73.84532 18.537805, 73.845314 18.538709, 73.844366 18.538703, 73.844373 18.537799))"
PUNE_GRID_100M_1500,18.539158,73.844837,38.98,0.319,0.175,-0.4,Built-up,0.201,36.42,44.3,2.77,High,25,5630.0,0.563,128.3,0.401,2210.0,0.221,2026-05-31,"POLYGON ((73.844366 18.538703, 73.845314 18.538709, 73.845308 18.539612, 73.84436 18.539607, 73.844366 18.538703))"
PUNE_GRID_100M_1501,18.540061,73.844831,38.99,0.283,0.227,-0.4,Built-up,0.202,36.61,46.2,2.8,High,17,5630.0,0.563,125.8,0.393,1780.0,0.178,2026-05-31,"POLYGON ((73.84436 18.539607, 73.845308 18.539612, 73.845302 18.540516, 73.844354 18.54051, 73.84436 18.539607))"
PUNE_GRID_100M_1502,18.540965,73.844825,37.78,0.323,0.2,-0.4,Built-up,0.215,36.01,45.3,2.46,High,15,4870.0,0.487,102.4,0.32,3260.0,0.326,2026-05-31,"POLYGON ((73.844354 18.54051, 73.845302 18.540516, 73.845296 18.54142, 73.844348 18.541414, 73.844354 18.54051))"
PUNE_GRID_100M_1503,18.541868,73.844819,37.43,0.234,0.145,-0.4,Built-up,0.234,36.1,44.0,2.73,Medium,20,4650.0,0.465,111.0,0.347,2620.0,0.262,2026-05-31,"POLYGON ((73.844348 18.541414, 73.845296 18.54142, 73.84529 18.542323, 73.844342 18.542317, 73.844348 18.541414))"
PUNE_GRID_100M_1504,18.542772,73.844813,37.94,0.303,0.215,-0.4,Built-up,0.206,35.96,42.5,2.43,High,19,4960.0,0.496,100.2,0.313,3520.0,0.352,2026-05-31,"POLYGON ((73.844342 18.542317, 73.84529 18.542323, 73.845283 18.543227, 73.844336 18.543221, 73.844342 18.542317))"
PUNE_GRID_100M_1505,18.543676,73.844807,37.66,0.28,0.099,-0.399,Built-up,0.209,36.11,46.0,2.21,High,15,4780.0,0.478,126.7,0.396,3050.0,0.305,2026-05-31,"POLYGON ((73.844336 18.543221, 73.845283 18.543227, 73.845277 18.54413, 73.84433 18.544125, 73.844336 18.543221))"
PUNE_GRID_100M_1506,18.544579,73.844801,37.29,0.273,0.093,-0.4,Built-up,0.224,35.17,44.3,2.59,Medium,25,4540.0,0.454,109.8,0.343,3220.0,0.322,2026-05-31,"POLYGON ((73.84433 18.544125, 73.845277 18.54413, 73.845271 18.545034, 73.844324 18.545028, 73.84433 18.544125))"
PUNE_GRID_100M_1507,18.545483,73.844795,38.06,0.275,0.188,-0.4,Built-up,0.233,35.71,45.5,2.71,High,17,5020.0,0.502,125.8,0.393,2470.0,0.247,2026-05-31,"POLYGON ((73.844324 18.545028, 73.845271 18.545034, 73.845265 18.545938, 73.844318 18.545932, 73.844324 18.545028))"
PUNE_GRID_100M_1508,18.546387,73.844788,38.12,0.304,0.173,-0.4,Built-up,0.229,36.04,45.1,2.99,High,16,5050.0,0.505,115.2,0.36,2780.0,0.278,2026-05-31,"POLYGON ((73.844318 18.545932, 73.845265 18.545938, 73.845259 18.546841, 73.844312 18.546836, 73.844318 18.545932))"
PUNE_GRID_100M_1509,18.54729,73.844782,37.28,0.315,0.167,-0.4,Built-up,0.224,36.03,45.9,2.9,Medium,23,4510.0,0.451,103.7,0.324,3790.0,0.379,2026-05-31,"POLYGON ((73.844312 18.546836, 73.845259 18.546841, 73.845253 18.547745, 73.844306 18.547739, 73.844312 18.546836))"
PUNE_GRID_100M_1510,18.548194,73.844776,38.24,0.226,0.17,-0.278,Built-up,0.221,36.29,44.5,2.93,High,25,5110.0,0.511,126.4,0.395,2920.0,0.292,2026-05-31,"POLYGON ((73.844306 18.547739, 73.845253 18.547745, 73.845247 18.548649, 73.8443 18.548643, 73.844306 18.547739))"
PUNE_GRID_100M_1511,18.549098,73.84477,35.99,0.37,0.044,-0.392,Built-up,0.243,34.78,46.8,2.73,Medium,11,3700.0,0.37,73.9,0.231,4320.0,0.432,2026-05-31,"POLYGON ((73.8443 18.548643, 73.845247 18.548649, 73.845241 18.549552, 73.844294 18.549546, 73.8443 18.548643))"
PUNE_GRID_100M_1512,18.550001,73.844764,36.6,0.293,0.091,-0.4,Built-up,0.241,35.2,45.5,2.85,Medium,15,4070.0,0.407,93.1,0.291,3720.0,0.372,2026-05-31,"POLYGON ((73.844294 18.549546, 73.845241 18.549552, 73.845235 18.550456, 73.844287 18.55045, 73.844294 18.549546))"
PUNE_GRID_100M_1513,18.500307,73.846045,37.83,0.285,0.106,-0.4,Built-up,0.214,36.31,43.8,2.5,High,26,4910.0,0.491,106.9,0.334,3350.0,0.335,2026-05-31,"POLYGON ((73.845575 18.499853, 73.846522 18.499858, 73.846516 18.500762, 73.845568 18.500756, 73.845575 18.499853))"
PUNE_GRID_100M_1514,18.501211,73.846039,37.06,0.291,0.084,-0.4,Built-up,0.205,35.26,43.9,2.41,Medium,20,4430.0,0.443,95.0,0.297,3390.0,0.339,2026-05-31,"POLYGON ((73.845568 18.500756, 73.846516 18.500762, 73.84651 18.501666, 73.845562 18.50166, 73.845568 18.500756))"
PUNE_GRID_100M_1515,18.502115,73.846033,38.62,0.24,0.217,-0.395,Built-up,0.202,36.74,40.5,2.52,High,22,5420.0,0.542,103.0,0.322,2640.0,0.264,2026-05-31,"POLYGON ((73.845562 18.50166, 73.84651 18.501666, 73.846504 18.502569, 73.845556 18.502563, 73.845562 18.50166))"
PUNE_GRID_100M_1516,18.503018,73.846027,38.73,0.275,0.219,-0.4,Built-up,0.188,36.36,43.7,2.63,High,19,5490.0,0.549,148.8,0.465,2160.0,0.216,2026-05-31,"POLYGON ((73.845556 18.502563, 73.846504 18.502569, 73.846497 18.503473, 73.84555 18.503467, 73.845556 18.502563))"
PUNE_GRID_100M_1517,18.503922,73.846021,40.18,0.152,0.269,-0.4,Built-up,0.176,38.22,45.1,2.47,High,22,6400.0,0.64,145.0,0.453,1370.0,0.137,2026-05-31,"POLYGON ((73.84555 18.503467, 73.846497 18.503473, 73.846491 18.504377, 73.845544 18.504371, 73.84555 18.503467))"
PUNE_GRID_100M_1518,18.504825,73.846015,39.6,0.292,0.18,-0.4,Built-up,0.197,36.98,44.4,2.5,High,18,6050.0,0.605,160.0,0.5,1790.0,0.179,2026-05-31,"POLYGON ((73.845544 18.504371, 73.846491 18.504377, 73.846485 18.50528, 73.845538 18.505274, 73.845544 18.504371))"
PUNE_GRID_100M_1519,18.505729,73.846009,38.41,0.183,0.168,-0.4,Built-up,0.247,36.12,44.6,2.68,High,24,5310.0,0.531,141.1,0.441,1860.0,0.186,2026-05-31,"POLYGON ((73.845538 18.505274, 73.846485 18.50528, 73.846479 18.506184, 73.845532 18.506178, 73.845538 18.505274))"
PUNE_GRID_100M_1520,18.506633,73.846003,40.85,0.146,0.252,-0.4,Built-up,0.197,38.26,41.2,2.42,High,26,6830.0,0.683,147.5,0.461,200.0,0.02,2026-05-31,"POLYGON ((73.845532 18.506178, 73.846479 18.506184, 73.846473 18.507087, 73.845526 18.507082, 73.845532 18.506178))"
PUNE_GRID_100M_1521,18.507536,73.845997,40.46,0.199,0.306,-0.4,Built-up,0.19,37.85,44.1,2.24,High,25,6600.0,0.66,144.3,0.451,820.0,0.082,2026-05-31,"POLYGON ((73.845526 18.507082, 73.846473 18.507087, 73.846467 18.507991, 73.84552 18.507985, 73.845526 18.507082))"
PUNE_GRID_100M_1522,18.50844,73.845991,40.08,0.221,0.236,-0.4,Built-up,0.179,37.65,42.8,2.59,High,26,6360.0,0.636,185.3,0.579,1620.0,0.162,2026-05-31,"POLYGON ((73.84552 18.507985, 73.846467 18.507991, 73.846461 18.508895, 73.845514 18.508889, 73.84552 18.507985))"
PUNE_GRID_100M_1523,18.509344,73.845985,39.55,0.212,0.197,-0.4,Built-up,0.177,37.25,45.7,2.52,High,29,6040.0,0.604,167.4,0.523,2200.0,0.22,2026-05-31,"POLYGON ((73.845514 18.508889, 73.846461 18.508895, 73.846455 18.509798, 73.845508 18.509793, 73.845514 18.508889))"
PUNE_GRID_100M_1524,18.510247,73.845978,39.07,0.23,0.209,-0.4,Built-up,0.19,36.52,42.3,2.51,High,18,5750.0,0.575,137.6,0.43,2690.0,0.269,2026-05-31,"POLYGON ((73.845508 18.509793, 73.846455 18.509798, 73.846449 18.510702, 73.845502 18.510696, 73.845508 18.509793))"
PUNE_GRID_100M_1525,18.511151,73.845972,39.65,0.229,0.215,-0.4,Built-up,0.223,37.74,42.2,2.55,High,20,6110.0,0.611,150.1,0.469,1410.0,0.141,2026-05-31,"POLYGON ((73.845502 18.510696, 73.846449 18.510702, 73.846443 18.511606, 73.845496 18.5116, 73.845502 18.510696))"
PUNE_GRID_100M_1526,18.512054,73.845966,40.92,0.159,0.336,-0.4,Built-up,0.185,38.41,41.0,2.5,High,27,6910.0,0.691,157.8,0.493,200.0,0.02,2026-05-31,"POLYGON ((73.845496 18.5116, 73.846443 18.511606, 73.846437 18.512509, 73.84549 18.512503, 73.845496 18.5116))"
PUNE_GRID_100M_1527,18.512958,73.84596,41.66,0.198,0.303,-0.4,Built-up,0.194,39.07,39.4,2.4,Extreme,27,7370.0,0.737,182.4,0.57,200.0,0.02,2026-05-31,"POLYGON ((73.84549 18.512503, 73.846437 18.512509, 73.846431 18.513413, 73.845484 18.513407, 73.84549 18.512503))"
PUNE_GRID_100M_1528,18.513862,73.845954,41.47,0.182,0.274,-0.4,Built-up,0.202,38.37,40.4,2.86,Extreme,34,7260.0,0.726,165.1,0.516,200.0,0.02,2026-05-31,"POLYGON ((73.845484 18.513407, 73.846431 18.513413, 73.846425 18.514316, 73.845478 18.514311, 73.845484 18.513407))"
PUNE_GRID_100M_1529,18.514765,73.845948,39.92,0.238,0.182,-0.363,Built-up,0.198,37.57,43.2,2.11,High,24,6300.0,0.63,125.1,0.391,1450.0,0.145,2026-05-31,"POLYGON ((73.845478 18.514311, 73.846425 18.514316, 73.846419 18.51522, 73.845472 18.515214, 73.845478 18.514311))"
PUNE_GRID_100M_1530,18.515669,73.845942,39.49,0.179,0.226,-0.4,Built-up,0.22,37.2,42.3,2.24,High,21,6030.0,0.603,127.7,0.399,2290.0,0.229,2026-05-31,"POLYGON ((73.845472 18.515214, 73.846419 18.51522, 73.846413 18.516124, 73.845465 18.516118, 73.845472 18.515214))"
PUNE_GRID_100M_1531,18.516573,73.845936,40.56,0.177,0.258,-0.4,Built-up,0.184,38.23,36.8,2.54,High,26,6700.0,0.67,161.0,0.503,1140.0,0.114,2026-05-31,"POLYGON ((73.845465 18.516118, 73.846413 18.516124, 73.846407 18.517027, 73.845459 18.517022, 73.845465 18.516118))"
PUNE_GRID_100M_1532,18.517476,73.84593,39.08,0.22,0.166,-0.4,Built-up,0.231,37.2,45.3,2.36,High,18,5780.0,0.578,124.2,0.388,2150.0,0.215,2026-05-31,"POLYGON ((73.845459 18.517022, 73.846407 18.517027, 73.846401 18.517931, 73.845453 18.517925, 73.845459 18.517022))"
PUNE_GRID_100M_1533,18.51838,73.845924,40.79,0.132,0.321,-0.4,Built-up,0.189,38.11,39.8,2.48,High,25,6850.0,0.685,163.5,0.511,260.0,0.026,2026-05-31,"POLYGON ((73.845453 18.517925, 73.846401 18.517931, 73.846395 18.518835, 73.845447 18.518829, 73.845453 18.517925))"
PUNE_GRID_100M_1534,18.519284,73.845918,40.43,0.199,0.289,-0.4,Built-up,0.161,37.35,43.5,2.36,High,28,6630.0,0.663,145.3,0.454,620.0,0.062,2026-05-31,"POLYGON ((73.845447 18.518829, 73.846395 18.518835, 73.846388 18.519738, 73.845441 18.519732, 73.845447 18.518829))"
PUNE_GRID_100M_1535,18.520187,73.845912,40.18,0.172,0.257,-0.4,Built-up,0.183,38.16,42.9,2.6,High,22,6470.0,0.647,145.3,0.454,1270.0,0.127,2026-05-31,"POLYGON ((73.845441 18.519732, 73.846388 18.519738, 73.846382 18.520642, 73.845435 18.520636, 73.845441 18.519732))"
PUNE_GRID_100M_1536,18.521091,73.845906,39.28,0.251,0.259,-0.4,Built-up,0.167,37.16,46.8,2.12,High,28,5900.0,0.59,152.6,0.477,1950.0,0.195,2026-05-31,"POLYGON ((73.845435 18.520636, 73.846382 18.520642, 73.846376 18.521546, 73.845429 18.52154, 73.845435 18.520636))"
PUNE_GRID_100M_1537,18.521994,73.8459,40.95,0.124,0.313,-0.4,Built-up,0.201,37.98,43.7,2.6,High,29,6950.0,0.695,169.9,0.531,610.0,0.061,2026-05-31,"POLYGON ((73.845429 18.52154, 73.846376 18.521546, 73.84637 18.522449, 73.845423 18.522443, 73.845429 18.52154))"
PUNE_GRID_100M_1538,18.522898,73.845894,40.08,0.266,0.229,-0.4,Built-up,0.198,37.68,42.2,2.57,High,27,6400.0,0.64,153.6,0.48,750.0,0.075,2026-05-31,"POLYGON ((73.845423 18.522443, 73.84637 18.522449, 73.846364 18.523353, 73.845417 18.523347, 73.845423 18.522443))"
PUNE_GRID_100M_1539,18.523802,73.845888,39.52,0.181,0.197,-0.4,Built-up,0.171,36.71,42.3,2.1,High,25,6050.0,0.605,156.5,0.489,1740.0,0.174,2026-05-31,"POLYGON ((73.845417 18.523347, 73.846364 18.523353, 73.846358 18.524256, 73.845411 18.524251, 73.845417 18.523347))"
PUNE_GRID_100M_1540,18.524705,73.845881,38.11,0.275,0.189,-0.369,Built-up,0.212,36.49,46.8,2.48,High,17,5170.0,0.517,130.2,0.407,2780.0,0.278,2026-05-31,"POLYGON ((73.845411 18.524251, 73.846358 18.524256, 73.846352 18.52516, 73.845405 18.525154, 73.845411 18.524251))"
PUNE_GRID_100M_1541,18.525609,73.845875,40.32,0.22,0.276,-0.391,Built-up,0.182,37.28,40.5,2.35,High,26,6540.0,0.654,175.4,0.548,390.0,0.039,2026-05-31,"POLYGON ((73.845405 18.525154, 73.846352 18.52516, 73.846346 18.526064, 73.845399 18.526058, 73.845405 18.525154))"
PUNE_GRID_100M_1542,18.526513,73.845869,41.68,0.118,0.331,-0.4,Built-up,0.158,38.61,41.9,2.25,Extreme,25,7390.0,0.739,171.5,0.536,200.0,0.02,2026-05-31,"POLYGON ((73.845399 18.526058, 73.846346 18.526064, 73.84634 18.526967, 73.845393 18.526962, 73.845399 18.526058))"
PUNE_GRID_100M_1543,18.527416,73.845863,41.51,0.181,0.293,-0.4,Built-up,0.212,38.63,41.6,2.01,Extreme,27,7280.0,0.728,169.3,0.529,410.0,0.041,2026-05-31,"POLYGON ((73.845393 18.526962, 73.84634 18.526967, 73.846334 18.527871, 73.845387 18.527865, 73.845393 18.526962))"
PUNE_GRID_100M_1544,18.52832,73.845857,39.72,0.161,0.256,-0.4,Built-up,0.196,37.62,42.7,2.2,High,27,6160.0,0.616,131.2,0.41,1520.0,0.152,2026-05-31,"POLYGON ((73.845387 18.527865, 73.846334 18.527871, 73.846328 18.528775, 73.845381 18.528769, 73.845387 18.527865))"
PUNE_GRID_100M_1545,18.529223,73.845851,39.5,0.276,0.205,-0.4,Built-up,0.199,37.18,43.9,2.56,High,20,6020.0,0.602,138.9,0.434,2310.0,0.231,2026-05-31,"POLYGON ((73.845381 18.528769, 73.846328 18.528775, 73.846322 18.529678, 73.845374 18.529672, 73.845381 18.528769))"
PUNE_GRID_100M_1546,18.530127,73.845845,40.25,0.192,0.258,-0.4,Built-up,0.188,37.87,43.1,2.6,High,30,6490.0,0.649,168.0,0.525,1140.0,0.114,2026-05-31,"POLYGON ((73.845374 18.529672, 73.846322 18.529678, 73.846316 18.530582, 73.845368 18.530576, 73.845374 18.529672))"
PUNE_GRID_100M_1547,18.531031,73.845839,38.97,0.212,0.247,-0.385,Built-up,0.173,36.77,44.5,2.41,High,26,5680.0,0.568,153.0,0.478,1690.0,0.169,2026-05-31,"POLYGON ((73.845368 18.530576, 73.846316 18.530582, 73.84631 18.531485, 73.845362 18.53148, 73.845368 18.530576))"
PUNE_GRID_100M_1548,18.531934,73.845833,39.89,0.192,0.225,-0.4,Built-up,0.18,37.41,43.3,2.64,High,24,6250.0,0.625,162.2,0.507,1220.0,0.122,2026-05-31,"POLYGON ((73.845362 18.53148, 73.84631 18.531485, 73.846304 18.532389, 73.845356 18.532383, 73.845362 18.53148))"
PUNE_GRID_100M_1549,18.532838,73.845827,40.14,0.227,0.209,-0.4,Built-up,0.222,37.62,43.5,2.68,High,29,6400.0,0.64,130.6,0.408,1400.0,0.14,2026-05-31,"POLYGON ((73.845356 18.532383, 73.846304 18.532389, 73.846298 18.533293, 73.84535 18.533287, 73.845356 18.532383))"
PUNE_GRID_100M_1550,18.533742,73.845821,40.38,0.163,0.236,-0.4,Built-up,0.19,37.71,42.8,2.55,High,36,6550.0,0.655,171.2,0.535,550.0,0.055,2026-05-31,"POLYGON ((73.84535 18.533287, 73.846298 18.533293, 73.846291 18.534196, 73.845344 18.534191, 73.84535 18.533287))"
PUNE_GRID_100M_1551,18.534645,73.845815,39.19,0.198,0.243,-0.4,Built-up,0.197,36.43,42.7,2.39,High,21,5800.0,0.58,115.5,0.361,1750.0,0.175,2026-05-31,"POLYGON ((73.845344 18.534191, 73.846291 18.534196, 73.846285 18.5351, 73.845338 18.535094, 73.845344 18.534191))"
PUNE_GRID_100M_1552,18.535549,73.845809,38.98,0.227,0.212,-0.367,Built-up,0.171,36.56,43.8,2.65,High,22,5660.0,0.566,147.2,0.46,2240.0,0.224,2026-05-31,"POLYGON ((73.845338 18.535094, 73.846285 18.5351, 73.846279 18.536004, 73.845332 18.535998, 73.845338 18.535094))"
PUNE_GRID_100M_1553,18.536453,73.845803,38.31,0.212,0.17,-0.358,Built-up,0.19,36.39,43.3,2.68,High,21,5230.0,0.523,121.0,0.378,2970.0,0.297,2026-05-31,"POLYGON ((73.845332 18.535998, 73.846279 18.536004, 73.846273 18.536907, 73.845326 18.536901, 73.845332 18.535998))"
PUNE_GRID_100M_1554,18.537356,73.845797,38.21,0.335,0.154,-0.4,Built-up,0.221,36.17,43.3,2.74,High,16,5170.0,0.517,133.1,0.416,2820.0,0.282,2026-05-31,"POLYGON ((73.845326 18.536901, 73.846273 18.536907, 73.846267 18.537811, 73.84532 18.537805, 73.845326 18.536901))"
PUNE_GRID_100M_1555,18.53826,73.845791,38.55,0.228,0.199,-0.365,Built-up,0.21,36.44,43.7,2.8,High,20,5380.0,0.538,112.0,0.35,3180.0,0.318,2026-05-31,"POLYGON ((73.84532 18.537805, 73.846267 18.537811, 73.846261 18.538714, 73.845314 18.538709, 73.84532 18.537805))"
PUNE_GRID_100M_1556,18.539163,73.845784,38.89,0.272,0.175,-0.4,Built-up,0.235,36.63,43.7,2.38,High,18,5580.0,0.558,148.8,0.465,1810.0,0.181,2026-05-31,"POLYGON ((73.845314 18.538709, 73.846261 18.538714, 73.846255 18.539618, 73.845308 18.539612, 73.845314 18.538709))"
PUNE_GRID_100M_1557,18.540067,73.845778,39.18,0.237,0.222,-0.392,Built-up,0.22,36.67,43.7,2.57,High,28,5760.0,0.576,119.4,0.373,2790.0,0.279,2026-05-31,"POLYGON ((73.845308 18.539612, 73.846255 18.539618, 73.846249 18.540522, 73.845302 18.540516, 73.845308 18.539612))"
PUNE_GRID_100M_1558,18.540971,73.845772,37.66,0.243,0.123,-0.309,Built-up,0.214,35.71,46.2,2.32,High,18,4800.0,0.48,106.6,0.333,2840.0,0.284,2026-05-31,"POLYGON ((73.845302 18.540516, 73.846249 18.540522, 73.846243 18.541425, 73.845296 18.54142, 73.845302 18.540516))"
PUNE_GRID_100M_1559,18.541874,73.845766,39.36,0.222,0.194,-0.367,Built-up,0.212,36.96,42.8,2.87,High,19,5850.0,0.585,127.7,0.399,1550.0,0.155,2026-05-31,"POLYGON ((73.845296 18.54142, 73.846243 18.541425, 73.846237 18.542329, 73.84529 18.542323, 73.845296 18.54142))"
PUNE_GRID_100M_1560,18.542778,73.84576,37.8,0.308,0.132,-0.398,Built-up,0.211,35.96,45.1,2.7,High,18,4880.0,0.488,94.7,0.296,2530.0,0.253,2026-05-31,"POLYGON ((73.84529 18.542323, 73.846237 18.542329, 73.846231 18.543233, 73.845283 18.543227, 73.84529 18.542323))"
PUNE_GRID_100M_1561,18.543682,73.845754,37.85,0.268,0.142,-0.4,Built-up,0.245,36.11,44.9,2.86,High,17,4900.0,0.49,118.7,0.371,2810.0,0.281,2026-05-31,"POLYGON ((73.845283 18.543227, 73.846231 18.543233, 73.846225 18.544136, 73.845277 18.54413, 73.845283 18.543227))"
PUNE_GRID_100M_1562,18.544585,73.845748,37.12,0.349,0.119,-0.4,Built-up,0.236,35.43,44.4,2.5,Medium,19,4440.0,0.444,129.6,0.405,3140.0,0.314,2026-05-31,"POLYGON ((73.845277 18.54413, 73.846225 18.544136, 73.846219 18.54504, 73.845271 18.545034, 73.845277 18.54413))"
PUNE_GRID_100M_1563,18.545489,73.845742,35.63,0.394,0.06,-0.358,Built-up,0.232,34.13,46.6,3.1,Medium,18,3500.0,0.35,118.1,0.369,4600.0,0.46,2026-05-31,"POLYGON ((73.845271 18.545034, 73.846219 18.54504, 73.846213 18.545943, 73.845265 18.545938, 73.845271 18.545034))"
PUNE_GRID_100M_1564,18.546392,73.845736,38.13,0.302,0.055,-0.4,Built-up,0.233,35.77,46.0,2.61,High,20,5060.0,0.506,122.6,0.383,2890.0,0.289,2026-05-31,"POLYGON ((73.845265 18.545938, 73.846213 18.545943, 73.846207 18.546847, 73.845259 18.546841, 73.845265 18.545938))"
PUNE_GRID_100M_1565,18.547296,73.84573,37.86,0.257,0.129,-0.4,Built-up,0.238,36.78,45.0,3.03,High,20,4880.0,0.488,131.5,0.411,2410.0,0.241,2026-05-31,"POLYGON ((73.845259 18.546841, 73.846207 18.546847, 73.8462 18.547751, 73.845253 18.547745, 73.845259 18.546841))"
PUNE_GRID_100M_1566,18.5482,73.845724,36.9,0.265,0.099,-0.4,Built-up,0.231,34.99,45.8,2.92,Medium,14,4270.0,0.427,105.6,0.33,3580.0,0.358,2026-05-31,"POLYGON ((73.845253 18.547745, 73.8462 18.547751, 73.846194 18.548654, 73.845247 18.548649, 73.845253 18.547745))"
PUNE_GRID_100M_1567,18.549103,73.845718,37.02,0.28,0.161,-0.4,Built-up,0.234,35.26,44.3,2.88,Medium,20,4350.0,0.435,110.7,0.346,3460.0,0.346,2026-05-31,"POLYGON ((73.845247 18.548649, 73.846194 18.548654, 73.846188 18.549558, 73.845241 18.549552, 73.845247 18.548649))"
PUNE_GRID_100M_1568,18.550007,73.845712,37.23,0.305,0.093,-0.389,Built-up,0.19,35.72,48.2,2.89,Medium,14,4470.0,0.447,103.0,0.322,2850.0,0.285,2026-05-31,"POLYGON ((73.845241 18.549552, 73.846188 18.549558, 73.846182 18.550462, 73.845235 18.550456, 73.845241 18.549552))"
PUNE_GRID_100M_1569,18.500313,73.846992,37.23,0.319,0.13,-0.388,Built-up,0.224,35.67,44.2,2.54,Medium,14,4540.0,0.454,111.4,0.348,3020.0,0.302,2026-05-31,"POLYGON ((73.846522 18.499858, 73.847469 18.499864, 73.847463 18.500768, 73.846516 18.500762, 73.846522 18.499858))"
PUNE_GRID_100M_1570,18.501217,73.846986,38.21,0.176,0.214,-0.4,Built-up,0.194,36.4,41.9,2.9,High,24,5160.0,0.516,130.6,0.408,2310.0,0.231,2026-05-31,"POLYGON ((73.846516 18.500762, 73.847463 18.500768, 73.847457 18.501671, 73.84651 18.501666, 73.846516 18.500762))"
PUNE_GRID_100M_1571,18.50212,73.84698,39.41,0.22,0.184,-0.37,Built-up,0.233,36.95,44.8,2.62,High,25,5910.0,0.591,134.4,0.42,2400.0,0.24,2026-05-31,"POLYGON ((73.84651 18.501666, 73.847457 18.501671, 73.847451 18.502575, 73.846504 18.502569, 73.84651 18.501666))"
PUNE_GRID_100M_1572,18.503024,73.846974,37.91,0.279,0.168,-0.4,Built-up,0.233,36.11,44.5,2.34,High,16,4980.0,0.498,118.4,0.37,2990.0,0.299,2026-05-31,"POLYGON ((73.846504 18.502569, 73.847451 18.502575, 73.847445 18.503479, 73.846497 18.503473, 73.846504 18.502569))"
PUNE_GRID_100M_1573,18.503928,73.846968,39.29,0.214,0.194,-0.4,Built-up,0.206,37.02,43.1,2.5,High,18,5850.0,0.585,139.5,0.436,2110.0,0.211,2026-05-31,"POLYGON ((73.846497 18.503473, 73.847445 18.503479, 73.847439 18.504382, 73.846491 18.504377, 73.846497 18.503473))"
PUNE_GRID_100M_1574,18.504831,73.846962,38.11,0.318,0.15,-0.399,Built-up,0.236,36.08,43.7,2.58,High,21,5120.0,0.512,133.4,0.417,2030.0,0.203,2026-05-31,"POLYGON ((73.846491 18.504377, 73.847439 18.504382, 73.847433 18.505286, 73.846485 18.50528, 73.846491 18.504377))"
PUNE_GRID_100M_1575,18.505735,73.846956,39.7,0.227,0.212,-0.337,Built-up,0.229,37.36,46.0,2.71,High,27,6120.0,0.612,133.1,0.416,2110.0,0.211,2026-05-31,"POLYGON ((73.846485 18.50528, 73.847433 18.505286, 73.847426 18.50619, 73.846479 18.506184, 73.846485 18.50528))"
PUNE_GRID_100M_1576,18.506638,73.84695,39.44,0.272,0.203,-0.4,Built-up,0.205,37.42,44.0,2.39,High,23,5960.0,0.596,142.4,0.445,2230.0,0.223,2026-05-31,"POLYGON ((73.846479 18.506184, 73.847426 18.50619, 73.84742 18.507093, 73.846473 18.507087, 73.846479 18.506184))"
PUNE_GRID_100M_1577,18.507542,73.846944,38.3,0.251,0.255,-0.4,Built-up,0.231,36.3,45.2,2.38,High,19,5260.0,0.526,150.7,0.471,1530.0,0.153,2026-05-31,"POLYGON ((73.846473 18.507087, 73.84742 18.507093, 73.847414 18.507997, 73.846467 18.507991, 73.846473 18.507087))"
PUNE_GRID_100M_1578,18.508446,73.846938,40.65,0.215,0.305,-0.4,Built-up,0.185,37.95,42.7,2.47,High,30,6730.0,0.673,176.3,0.551,330.0,0.033,2026-05-31,"POLYGON ((73.846467 18.507991, 73.847414 18.507997, 73.847408 18.5089, 73.846461 18.508895, 73.846467 18.507991))"
PUNE_GRID_100M_1579,18.509349,73.846932,39.26,0.291,0.25,-0.4,Built-up,0.192,37.3,44.0,2.62,High,20,5860.0,0.586,157.8,0.493,1860.0,0.186,2026-05-31,"POLYGON ((73.846461 18.508895, 73.847408 18.5089, 73.847402 18.509804, 73.846455 18.509798, 73.846461 18.508895))"
PUNE_GRID_100M_1580,18.510253,73.846926,39.32,0.276,0.234,-0.4,Built-up,0.211,37.31,45.6,2.15,High,31,5900.0,0.59,141.8,0.443,2030.0,0.203,2026-05-31,"POLYGON ((73.846455 18.509798, 73.847402 18.509804, 73.847396 18.510708, 73.846449 18.510702, 73.846455 18.509798))"
PUNE_GRID_100M_1581,18.511157,73.84692,40.24,0.148,0.213,-0.4,Built-up,0.196,38.14,42.4,2.5,High,34,6490.0,0.649,160.0,0.5,740.0,0.074,2026-05-31,"POLYGON ((73.846449 18.510702, 73.847396 18.510708, 73.84739 18.511611, 73.846443 18.511606, 73.846449 18.510702))"
PUNE_GRID_100M_1582,18.51206,73.846914,41.1,0.151,0.311,-0.4,Built-up,0.185,37.74,39.9,2.29,Extreme,30,7030.0,0.703,181.4,0.567,200.0,0.02,2026-05-31,"POLYGON ((73.846443 18.511606, 73.84739 18.511611, 73.847384 18.512515, 73.846437 18.512509, 73.846443 18.511606))"
PUNE_GRID_100M_1583,18.512964,73.846907,39.47,0.205,0.258,-0.4,Built-up,0.215,37.4,44.7,2.3,High,26,6020.0,0.602,164.5,0.514,1200.0,0.12,2026-05-31,"POLYGON ((73.846437 18.512509, 73.847384 18.512515, 73.847378 18.513419, 73.846431 18.513413, 73.846437 18.512509))"
PUNE_GRID_100M_1584,18.513868,73.846901,40.43,0.205,0.244,-0.375,Built-up,0.196,37.98,43.4,2.75,High,29,6620.0,0.662,133.8,0.418,1170.0,0.117,2026-05-31,"POLYGON ((73.846431 18.513413, 73.847378 18.513419, 73.847372 18.514322, 73.846425 18.514316, 73.846431 18.513413))"
PUNE_GRID_100M_1585,18.514771,73.846895,40.81,0.199,0.315,-0.4,Built-up,0.158,37.8,42.5,2.3,High,27,6860.0,0.686,147.8,0.462,1230.0,0.123,2026-05-31,"POLYGON ((73.846425 18.514316, 73.847372 18.514322, 73.847366 18.515226, 73.846419 18.51522, 73.846425 18.514316))"
PUNE_GRID_100M_1586,18.515675,73.846889,41.09,0.128,0.32,-0.4,Built-up,0.188,38.34,42.8,2.48,Extreme,31,7040.0,0.704,185.6,0.58,200.0,0.02,2026-05-31,"POLYGON ((73.846419 18.51522, 73.847366 18.515226, 73.84736 18.516129, 73.846413 18.516124, 73.846419 18.51522))"
PUNE_GRID_100M_1587,18.516578,73.846883,40.74,0.177,0.339,-0.4,Built-up,0.169,38.33,41.9,2.46,High,32,6820.0,0.682,160.0,0.5,1080.0,0.108,2026-05-31,"POLYGON ((73.846413 18.516124, 73.84736 18.516129, 73.847354 18.517033, 73.846407 18.517027, 73.846413 18.516124))"
PUNE_GRID_100M_1588,18.517482,73.846877,40.36,0.107,0.254,-0.4,Built-up,0.207,37.5,42.7,2.07,High,29,6590.0,0.659,149.4,0.467,700.0,0.07,2026-05-31,"POLYGON ((73.846407 18.517027, 73.847354 18.517033, 73.847348 18.517937, 73.846401 18.517931, 73.846407 18.517027))"
PUNE_GRID_100M_1589,18.518386,73.846871,40.03,0.257,0.218,-0.367,Built-up,0.211,37.65,42.8,1.93,High,20,6380.0,0.638,137.0,0.428,1000.0,0.1,2026-05-31,"POLYGON ((73.846401 18.517931, 73.847348 18.517937, 73.847342 18.51884, 73.846395 18.518835, 73.846401 18.517931))"
PUNE_GRID_100M_1590,18.519289,73.846865,40.79,0.152,0.275,-0.4,Built-up,0.213,38.31,41.5,2.46,High,28,6860.0,0.686,157.4,0.492,990.0,0.099,2026-05-31,"POLYGON ((73.846395 18.518835, 73.847342 18.51884, 73.847336 18.519744, 73.846388 18.519738, 73.846395 18.518835))"
PUNE_GRID_100M_1591,18.520193,73.846859,39.87,0.207,0.287,-0.4,Built-up,0.202,37.09,44.9,2.08,High,25,6280.0,0.628,132.8,0.415,1840.0,0.184,2026-05-31,"POLYGON ((73.846388 18.519738, 73.847336 18.519744, 73.84733 18.520648, 73.846382 18.520642, 73.846388 18.519738))"
PUNE_GRID_100M_1592,18.521097,73.846853,38.39,0.244,0.123,-0.4,Built-up,0.234,36.33,42.2,1.96,High,20,5350.0,0.535,155.2,0.485,2540.0,0.254,2026-05-31,"POLYGON ((73.846382 18.520642, 73.84733 18.520648, 73.847324 18.521551, 73.846376 18.521546, 73.846382 18.520642))"
PUNE_GRID_100M_1593,18.522,73.846847,41.05,0.209,0.235,-0.4,Built-up,0.188,38.33,45.7,2.5,Extreme,22,7020.0,0.702,168.3,0.526,200.0,0.02,2026-05-31,"POLYGON ((73.846376 18.521546, 73.847324 18.521551, 73.847318 18.522455, 73.84637 18.522449, 73.846376 18.521546))"
PUNE_GRID_100M_1594,18.522904,73.846841,41.39,0.038,0.315,-0.4,Built-up,0.195,38.23,43.2,2.1,Extreme,33,7230.0,0.723,172.8,0.54,200.0,0.02,2026-05-31,"POLYGON ((73.84637 18.522449, 73.847318 18.522455, 73.847311 18.523359, 73.846364 18.523353, 73.84637 18.522449))"
PUNE_GRID_100M_1595,18.523807,73.846835,38.73,0.244,0.18,-0.379,Built-up,0.237,36.35,41.3,2.16,High,20,5570.0,0.557,141.1,0.441,2440.0,0.244,2026-05-31,"POLYGON ((73.846364 18.523353, 73.847311 18.523359, 73.847305 18.524262, 73.846358 18.524256, 73.846364 18.523353))"
PUNE_GRID_100M_1596,18.524711,73.846829,39.75,0.205,0.239,-0.4,Built-up,0.187,37.28,42.9,2.72,High,22,6200.0,0.62,161.0,0.503,1310.0,0.131,2026-05-31,"POLYGON ((73.846358 18.524256, 73.847305 18.524262, 73.847299 18.525166, 73.846352 18.52516, 73.846358 18.524256))"
PUNE_GRID_100M_1597,18.525615,73.846823,40.98,0.148,0.322,-0.4,Built-up,0.209,38.43,42.0,2.0,High,26,6970.0,0.697,179.5,0.561,200.0,0.02,2026-05-31,"POLYGON ((73.846352 18.52516, 73.847299 18.525166, 73.847293 18.526069, 73.846346 18.526064, 73.846352 18.52516))"
PUNE_GRID_100M_1598,18.526518,73.846817,42.05,0.197,0.326,-0.4,Built-up,0.173,39.13,41.9,2.1,Extreme,39,7630.0,0.763,196.8,0.615,200.0,0.02,2026-05-31,"POLYGON ((73.846346 18.526064, 73.847293 18.526069, 73.847287 18.526973, 73.84634 18.526967, 73.846346 18.526064))"
PUNE_GRID_100M_1599,18.527422,73.846811,40.33,0.153,0.209,-0.395,Built-up,0.19,37.47,41.3,2.27,High,23,6550.0,0.655,149.1,0.466,770.0,0.077,2026-05-31,"POLYGON ((73.84634 18.526967, 73.847287 18.526973, 73.847281 18.527877, 73.846334 18.527871, 73.84634 18.526967))"
PUNE_GRID_100M_1600,18.528326,73.846805,39.64,0.243,0.295,-0.4,Built-up,0.191,37.44,43.3,2.33,High,32,6110.0,0.611,142.7,0.446,2270.0,0.227,2026-05-31,"POLYGON ((73.846334 18.527871, 73.847281 18.527877, 73.847275 18.52878, 73.846328 18.528775, 73.846334 18.527871))"
PUNE_GRID_100M_1601,18.529229,73.846798,39.97,0.215,0.219,-0.4,Built-up,0.211,37.23,42.8,2.22,High,23,6320.0,0.632,161.6,0.505,1780.0,0.178,2026-05-31,"POLYGON ((73.846328 18.528775, 73.847275 18.52878, 73.847269 18.529684, 73.846322 18.529678, 73.846328 18.528775))"
PUNE_GRID_100M_1602,18.530133,73.846792,41.1,0.212,0.268,-0.4,Built-up,0.205,37.79,41.0,2.18,Extreme,24,7020.0,0.702,161.6,0.505,710.0,0.071,2026-05-31,"POLYGON ((73.846322 18.529678, 73.847269 18.529684, 73.847263 18.530588, 73.846316 18.530582, 73.846322 18.529678))"
PUNE_GRID_100M_1603,18.531037,73.846786,39.37,0.195,0.255,-0.4,Built-up,0.18,36.95,42.2,2.74,High,28,5930.0,0.593,142.4,0.445,2280.0,0.228,2026-05-31,"POLYGON ((73.846316 18.530582, 73.847263 18.530588, 73.847257 18.531491, 73.84631 18.531485, 73.846316 18.530582))"
PUNE_GRID_100M_1604,18.53194,73.84678,39.12,0.201,0.199,-0.4,Built-up,0.211,37.22,45.1,2.51,High,19,5770.0,0.577,143.7,0.449,1910.0,0.191,2026-05-31,"POLYGON ((73.84631 18.531485, 73.847257 18.531491, 73.847251 18.532395, 73.846304 18.532389, 73.84631 18.531485))"
PUNE_GRID_100M_1605,18.532844,73.846774,39.25,0.27,0.214,-0.38,Built-up,0.191,37.17,41.1,2.59,High,31,5850.0,0.585,150.4,0.47,2050.0,0.205,2026-05-31,"POLYGON ((73.846304 18.532389, 73.847251 18.532395, 73.847245 18.533298, 73.846298 18.533293, 73.846304 18.532389))"
PUNE_GRID_100M_1606,18.533747,73.846768,38.74,0.261,0.208,-0.4,Built-up,0.18,36.62,44.7,2.47,High,18,5530.0,0.553,110.1,0.344,3030.0,0.303,2026-05-31,"POLYGON ((73.846298 18.533293, 73.847245 18.533298, 73.847239 18.534202, 73.846291 18.534196, 73.846298 18.533293))"
PUNE_GRID_100M_1607,18.534651,73.846762,39.47,0.157,0.259,-0.4,Built-up,0.179,37.0,44.6,2.58,High,24,5980.0,0.598,152.6,0.477,1690.0,0.169,2026-05-31,"POLYGON ((73.846291 18.534196, 73.847239 18.534202, 73.847233 18.535106, 73.846285 18.5351, 73.846291 18.534196))"
PUNE_GRID_100M_1608,18.535555,73.846756,40.54,0.16,0.264,-0.4,Built-up,0.181,37.76,42.2,2.73,High,31,6640.0,0.664,156.5,0.489,790.0,0.079,2026-05-31,"POLYGON ((73.846285 18.5351, 73.847233 18.535106, 73.847227 18.536009, 73.846279 18.536004, 73.846285 18.5351))"
PUNE_GRID_100M_1609,18.536458,73.84675,39.36,0.238,0.267,-0.4,Built-up,0.2,37.08,43.6,2.37,High,29,5890.0,0.589,150.4,0.47,1020.0,0.102,2026-05-31,"POLYGON ((73.846279 18.536004, 73.847227 18.536009, 73.847221 18.536913, 73.846273 18.536907, 73.846279 18.536004))"
PUNE_GRID_100M_1610,18.537362,73.846744,38.76,0.277,0.13,-0.397,Built-up,0.234,36.31,45.7,2.64,High,17,5510.0,0.551,142.1,0.444,2120.0,0.212,2026-05-31,"POLYGON ((73.846273 18.536907, 73.847221 18.536913, 73.847215 18.537817, 73.846267 18.537811, 73.846273 18.536907))"
PUNE_GRID_100M_1611,18.538266,73.846738,38.58,0.223,0.209,-0.4,Built-up,0.18,36.4,43.1,2.75,High,28,5400.0,0.54,150.1,0.469,2520.0,0.252,2026-05-31,"POLYGON ((73.846267 18.537811, 73.847215 18.537817, 73.847208 18.53872, 73.846261 18.538714, 73.846267 18.537811))"
PUNE_GRID_100M_1612,18.539169,73.846732,37.42,0.174,0.109,-0.355,Built-up,0.226,35.63,44.2,2.95,Medium,22,4670.0,0.467,129.3,0.404,3500.0,0.35,2026-05-31,"POLYGON ((73.846261 18.538714, 73.847208 18.53872, 73.847202 18.539624, 73.846255 18.539618, 73.846261 18.538714))"
PUNE_GRID_100M_1613,18.540073,73.846726,39.24,0.248,0.257,-0.4,Built-up,0.176,36.56,42.9,3.05,High,25,5790.0,0.579,156.2,0.488,1950.0,0.195,2026-05-31,"POLYGON ((73.846255 18.539618, 73.847202 18.539624, 73.847196 18.540528, 73.846249 18.540522, 73.846255 18.539618))"
PUNE_GRID_100M_1614,18.540976,73.84672,38.32,0.21,0.179,-0.4,Built-up,0.217,36.07,46.1,2.7,High,19,5220.0,0.522,143.7,0.449,2220.0,0.222,2026-05-31,"POLYGON ((73.846249 18.540522, 73.847196 18.540528, 73.84719 18.541431, 73.846243 18.541425, 73.846249 18.540522))"
PUNE_GRID_100M_1615,18.54188,73.846714,38.09,0.186,0.144,-0.4,Built-up,0.205,36.29,46.5,2.94,High,19,5070.0,0.507,125.4,0.392,1960.0,0.196,2026-05-31,"POLYGON ((73.846243 18.541425, 73.84719 18.541431, 73.847184 18.542335, 73.846237 18.542329, 73.846243 18.541425))"
PUNE_GRID_100M_1616,18.542784,73.846708,40.64,0.064,0.299,-0.4,Built-up,0.17,37.95,40.4,2.2,High,33,6660.0,0.666,160.3,0.501,640.0,0.064,2026-05-31,"POLYGON ((73.846237 18.542329, 73.847184 18.542335, 73.847178 18.543238, 73.846231 18.543233, 73.846237 18.542329))"
PUNE_GRID_100M_1617,18.543687,73.846701,38.18,0.296,0.195,-0.367,Built-up,0.217,36.13,46.0,3.07,High,23,5110.0,0.511,133.8,0.418,2510.0,0.251,2026-05-31,"POLYGON ((73.846231 18.543233, 73.847178 18.543238, 73.847172 18.544142, 73.846225 18.544136, 73.846231 18.543233))"
PUNE_GRID_100M_1618,18.544591,73.846695,37.19,0.303,0.143,-0.4,Built-up,0.205,35.26,46.5,2.64,Medium,20,4480.0,0.448,116.8,0.365,3300.0,0.33,2026-05-31,"POLYGON ((73.846225 18.544136, 73.847172 18.544142, 73.847166 18.545046, 73.846219 18.54504, 73.846225 18.544136))"
PUNE_GRID_100M_1619,18.545495,73.846689,37.3,0.285,0.098,-0.4,Built-up,0.218,36.08,47.5,2.76,Medium,21,4540.0,0.454,105.0,0.328,3720.0,0.372,2026-05-31,"POLYGON ((73.846219 18.54504, 73.847166 18.545046, 73.84716 18.545949, 73.846213 18.545943, 73.846219 18.54504))"
PUNE_GRID_100M_1620,18.546398,73.846683,38.4,0.312,0.163,-0.372,Built-up,0.177,36.13,44.9,2.92,High,22,5230.0,0.523,130.6,0.408,3340.0,0.334,2026-05-31,"POLYGON ((73.846213 18.545943, 73.84716 18.545949, 73.847154 18.546853, 73.846207 18.546847, 73.846213 18.545943))"
PUNE_GRID_100M_1621,18.547302,73.846677,37.42,0.316,0.134,-0.35,Built-up,0.23,35.77,45.0,2.83,Medium,16,4610.0,0.461,110.1,0.344,3410.0,0.341,2026-05-31,"POLYGON ((73.846207 18.546847, 73.847154 18.546853, 73.847148 18.547757, 73.8462 18.547751, 73.846207 18.546847))"
PUNE_GRID_100M_1622,18.548205,73.846671,36.03,0.404,0.07,-0.382,Vegetation,0.24,34.57,47.9,2.93,Medium,17,3730.0,0.373,78.7,0.246,4450.0,0.445,2026-05-31,"POLYGON ((73.8462 18.547751, 73.847148 18.547757, 73.847142 18.54866, 73.846194 18.548654, 73.8462 18.547751))"
PUNE_GRID_100M_1623,18.549109,73.846665,37.76,0.223,0.172,-0.385,Built-up,0.209,35.94,45.8,3.23,High,20,4810.0,0.481,131.8,0.412,2850.0,0.285,2026-05-31,"POLYGON ((73.846194 18.548654, 73.847142 18.54866, 73.847136 18.549564, 73.846188 18.549558, 73.846194 18.548654))"
PUNE_GRID_100M_1624,18.550013,73.846659,36.34,0.327,0.025,-0.4,Built-up,0.213,35.08,49.3,2.86,Medium,16,3910.0,0.391,94.4,0.295,4250.0,0.425,2026-05-31,"POLYGON ((73.846188 18.549558, 73.847136 18.549564, 73.84713 18.550467, 73.846182 18.550462, 73.846188 18.549558))"
PUNE_GRID_100M_1625,18.500319,73.847939,40.06,0.133,0.263,-0.386,Built-up,0.211,37.13,44.4,2.44,High,19,6310.0,0.631,177.6,0.555,690.0,0.069,2026-05-31,"POLYGON ((73.847469 18.499864, 73.848416 18.49987, 73.84841 18.500774, 73.847463 18.500768, 73.847469 18.499864))"
PUNE_GRID_100M_1626,18.501222,73.847933,39.57,0.206,0.222,-0.331,Built-up,0.19,37.2,43.6,3.0,High,19,6010.0,0.601,123.5,0.386,1880.0,0.188,2026-05-31,"POLYGON ((73.847463 18.500768, 73.84841 18.500774, 73.848404 18.501677, 73.847457 18.501671, 73.847463 18.500768))"
PUNE_GRID_100M_1627,18.502126,73.847927,38.49,0.243,0.157,-0.387,Built-up,0.205,36.8,42.4,2.71,High,18,5340.0,0.534,121.0,0.378,2710.0,0.271,2026-05-31,"POLYGON ((73.847457 18.501671, 73.848404 18.501677, 73.848398 18.502581, 73.847451 18.502575, 73.847457 18.501671))"
PUNE_GRID_100M_1628,18.50303,73.847921,40.02,0.224,0.229,-0.4,Built-up,0.233,38.04,42.1,2.97,High,29,6310.0,0.631,152.0,0.475,1350.0,0.135,2026-05-31,"POLYGON ((73.847451 18.502575, 73.848398 18.502581, 73.848392 18.503484, 73.847445 18.503479, 73.847451 18.502575))"
PUNE_GRID_100M_1629,18.503933,73.847915,39.19,0.23,0.207,-0.4,Built-up,0.192,36.89,41.5,2.73,High,30,5790.0,0.579,153.6,0.48,1950.0,0.195,2026-05-31,"POLYGON ((73.847445 18.503479, 73.848392 18.503484, 73.848386 18.504388, 73.847439 18.504382, 73.847445 18.503479))"
PUNE_GRID_100M_1630,18.504837,73.847909,39.96,0.226,0.14,-0.375,Built-up,0.226,37.48,42.7,2.27,High,27,6280.0,0.628,155.8,0.487,1430.0,0.143,2026-05-31,"POLYGON ((73.847439 18.504382, 73.848386 18.504388, 73.84838 18.505292, 73.847433 18.505286, 73.847439 18.504382))"
PUNE_GRID_100M_1631,18.505741,73.847903,39.81,0.235,0.22,-0.4,Built-up,0.209,38.03,44.5,2.64,High,28,6190.0,0.619,152.6,0.477,670.0,0.067,2026-05-31,"POLYGON ((73.847433 18.505286, 73.84838 18.505292, 73.848374 18.506195, 73.847426 18.50619, 73.847433 18.505286))"
PUNE_GRID_100M_1632,18.506644,73.847897,38.88,0.325,0.173,-0.356,Built-up,0.215,37.06,43.9,2.29,High,22,5620.0,0.562,120.3,0.376,2510.0,0.251,2026-05-31,"POLYGON ((73.847426 18.50619, 73.848374 18.506195, 73.848368 18.507099, 73.84742 18.507093, 73.847426 18.50619))"
PUNE_GRID_100M_1633,18.507548,73.847891,39.18,0.216,0.229,-0.4,Built-up,0.203,36.74,45.2,2.47,High,20,5810.0,0.581,124.5,0.389,1750.0,0.175,2026-05-31,"POLYGON ((73.84742 18.507093, 73.848368 18.507099, 73.848362 18.508003, 73.847414 18.507997, 73.84742 18.507093))"
PUNE_GRID_100M_1634,18.508452,73.847885,40.65,0.14,0.255,-0.4,Built-up,0.2,37.77,43.0,2.43,High,22,6730.0,0.673,165.8,0.518,280.0,0.028,2026-05-31,"POLYGON ((73.847414 18.507997, 73.848362 18.508003, 73.848355 18.508906, 73.847408 18.5089, 73.847414 18.507997))"
PUNE_GRID_100M_1635,18.509355,73.847879,39.69,0.221,0.23,-0.4,Built-up,0.203,37.57,42.6,2.1,High,20,6140.0,0.614,129.9,0.406,1200.0,0.12,2026-05-31,"POLYGON ((73.847408 18.5089, 73.848355 18.508906, 73.848349 18.50981, 73.847402 18.509804, 73.847408 18.5089))"
PUNE_GRID_100M_1636,18.510259,73.847873,39.76,0.176,0.285,-0.4,Built-up,0.188,37.03,43.3,2.24,High,26,6180.0,0.618,141.4,0.442,1670.0,0.167,2026-05-31,"POLYGON ((73.847402 18.509804, 73.848349 18.50981, 73.848343 18.510713, 73.847396 18.510708, 73.847402 18.509804))"
PUNE_GRID_100M_1637,18.511162,73.847867,39.44,0.279,0.255,-0.4,Built-up,0.217,37.43,44.2,2.82,High,21,5990.0,0.599,150.1,0.469,1510.0,0.151,2026-05-31,"POLYGON ((73.847396 18.510708, 73.848343 18.510713, 73.848337 18.511617, 73.84739 18.511611, 73.847396 18.510708))"
PUNE_GRID_100M_1638,18.512066,73.847861,40.65,0.166,0.306,-0.4,Built-up,0.165,38.06,42.7,2.41,High,30,6750.0,0.675,149.4,0.467,200.0,0.02,2026-05-31,"POLYGON ((73.84739 18.511611, 73.848337 18.511617, 73.848331 18.512521, 73.847384 18.512515, 73.84739 18.511611))"
PUNE_GRID_100M_1639,18.51297,73.847855,42.07,0.105,0.328,-0.4,Built-up,0.196,39.1,41.6,2.31,Extreme,40,7650.0,0.765,204.2,0.638,200.0,0.02,2026-05-31,"POLYGON ((73.847384 18.512515, 73.848331 18.512521, 73.848325 18.513424, 73.847378 18.513419, 73.847384 18.512515))"
PUNE_GRID_100M_1640,18.513873,73.847849,39.67,0.193,0.251,-0.345,Built-up,0.207,37.19,42.1,2.69,High,22,6150.0,0.615,163.2,0.51,740.0,0.074,2026-05-31,"POLYGON ((73.847378 18.513419, 73.848325 18.513424, 73.848319 18.514328, 73.847372 18.514322, 73.847378 18.513419))"
PUNE_GRID_100M_1641,18.514777,73.847843,40.63,0.207,0.271,-0.4,Built-up,0.202,37.75,41.8,2.24,High,37,6750.0,0.675,141.8,0.443,980.0,0.098,2026-05-31,"POLYGON ((73.847372 18.514322, 73.848319 18.514328, 73.848313 18.515232, 73.847366 18.515226, 73.847372 18.514322))"
PUNE_GRID_100M_1642,18.515681,73.847837,41.82,0.13,0.326,-0.4,Built-up,0.198,39.21,44.9,2.28,Extreme,31,7500.0,0.75,168.0,0.525,200.0,0.02,2026-05-31,"POLYGON ((73.847366 18.515226, 73.848313 18.515232, 73.848307 18.516135, 73.84736 18.516129, 73.847366 18.515226))"
PUNE_GRID_100M_1643,18.516584,73.84783,40.7,0.15,0.294,-0.4,Built-up,0.186,37.92,44.3,2.49,High,30,6800.0,0.68,134.1,0.419,1300.0,0.13,2026-05-31,"POLYGON ((73.84736 18.516129, 73.848307 18.516135, 73.848301 18.517039, 73.847354 18.517033, 73.84736 18.516129))"
PUNE_GRID_100M_1644,18.517488,73.847824,41.18,0.225,0.285,-0.4,Built-up,0.161,38.2,39.8,2.2,Extreme,25,7110.0,0.711,160.6,0.502,1100.0,0.11,2026-05-31,"POLYGON ((73.847354 18.517033, 73.848301 18.517039, 73.848295 18.517943, 73.847348 18.517937, 73.847354 18.517033))"
PUNE_GRID_100M_1645,18.518391,73.847818,40.01,0.165,0.295,-0.4,Built-up,0.186,37.48,39.4,2.12,High,22,6380.0,0.638,162.9,0.509,550.0,0.055,2026-05-31,"POLYGON ((73.847348 18.517937, 73.848295 18.517943, 73.848289 18.518846, 73.847342 18.51884, 73.847348 18.517937))"
PUNE_GRID_100M_1646,18.519295,73.847812,41.23,0.158,0.301,-0.4,Built-up,0.171,38.42,42.1,1.82,Extreme,32,7140.0,0.714,166.1,0.519,280.0,0.028,2026-05-31,"POLYGON ((73.847342 18.51884, 73.848289 18.518846, 73.848283 18.51975, 73.847336 18.519744, 73.847342 18.51884))"
PUNE_GRID_100M_1647,18.520199,73.847806,40.75,0.2,0.302,-0.396,Built-up,0.175,37.72,43.7,2.08,High,23,6840.0,0.684,169.9,0.531,460.0,0.046,2026-05-31,"POLYGON ((73.847336 18.519744, 73.848283 18.51975, 73.848277 18.520653, 73.84733 18.520648, 73.847336 18.519744))"
PUNE_GRID_100M_1648,18.521102,73.8478,41.68,0.076,0.369,-0.4,Built-up,0.155,38.51,40.9,2.08,Extreme,33,7420.0,0.742,158.7,0.496,270.0,0.027,2026-05-31,"POLYGON ((73.84733 18.520648, 73.848277 18.520653, 73.848271 18.521557, 73.847324 18.521551, 73.84733 18.520648))"
PUNE_GRID_100M_1649,18.522006,73.847794,41.82,0.156,0.363,-0.4,Built-up,0.167,38.59,43.1,2.3,Extreme,30,7510.0,0.751,190.4,0.595,200.0,0.02,2026-05-31,"POLYGON ((73.847324 18.521551, 73.848271 18.521557, 73.848265 18.522461, 73.847318 18.522455, 73.847324 18.521551))"
PUNE_GRID_100M_1650,18.52291,73.847788,42.91,0.056,0.339,-0.4,Built-up,0.17,39.79,40.8,2.16,Extreme,29,8180.0,0.818,189.1,0.591,200.0,0.02,2026-05-31,"POLYGON ((73.847318 18.522455, 73.848265 18.522461, 73.848259 18.523364, 73.847311 18.523359, 73.847318 18.522455))"
PUNE_GRID_100M_1651,18.523813,73.847782,41.24,0.19,0.319,-0.4,Built-up,0.147,38.1,41.8,2.72,Extreme,25,7140.0,0.714,171.5,0.536,200.0,0.02,2026-05-31,"POLYGON ((73.847311 18.523359, 73.848259 18.523364, 73.848253 18.524268, 73.847305 18.524262, 73.847311 18.523359))"
PUNE_GRID_100M_1652,18.524717,73.847776,40.98,0.127,0.32,-0.4,Built-up,0.193,37.66,43.4,2.09,High,21,6970.0,0.697,166.1,0.519,200.0,0.02,2026-05-31,"POLYGON ((73.847305 18.524262, 73.848253 18.524268, 73.848247 18.525172, 73.847299 18.525166, 73.847305 18.524262))"
PUNE_GRID_100M_1653,18.525621,73.84777,40.79,0.2,0.312,-0.4,Built-up,0.217,37.46,41.6,2.59,High,32,6860.0,0.686,148.5,0.464,1140.0,0.114,2026-05-31,"POLYGON ((73.847299 18.525166, 73.848247 18.525172, 73.848241 18.526075, 73.847293 18.526069, 73.847299 18.525166))"
PUNE_GRID_100M_1654,18.526524,73.847764,40.27,0.235,0.229,-0.4,Built-up,0.208,37.25,42.4,2.37,High,23,6520.0,0.652,141.8,0.443,1330.0,0.133,2026-05-31,"POLYGON ((73.847293 18.526069, 73.848241 18.526075, 73.848235 18.526979, 73.847287 18.526973, 73.847293 18.526069))"
PUNE_GRID_100M_1655,18.527428,73.847758,40.72,0.209,0.263,-0.4,Built-up,0.19,38.41,43.4,2.5,High,25,6800.0,0.68,175.7,0.549,920.0,0.092,2026-05-31,"POLYGON ((73.847287 18.526973, 73.848235 18.526979, 73.848228 18.527882, 73.847281 18.527877, 73.847287 18.526973))"
PUNE_GRID_100M_1656,18.528331,73.847752,40.11,0.206,0.285,-0.4,Built-up,0.188,37.58,42.9,2.51,High,20,6420.0,0.642,159.0,0.497,960.0,0.096,2026-05-31,"POLYGON ((73.847281 18.527877, 73.848228 18.527882, 73.848222 18.528786, 73.847275 18.52878, 73.847281 18.527877))"
PUNE_GRID_100M_1657,18.529235,73.847746,40.37,0.178,0.244,-0.4,Built-up,0.19,37.91,45.6,1.93,High,32,6570.0,0.657,171.2,0.535,560.0,0.056,2026-05-31,"POLYGON ((73.847275 18.52878, 73.848222 18.528786, 73.848216 18.52969, 73.847269 18.529684, 73.847275 18.52878))"
PUNE_GRID_100M_1658,18.530139,73.84774,41.17,0.136,0.294,-0.4,Built-up,0.188,38.48,43.1,2.39,Extreme,24,7070.0,0.707,173.8,0.543,200.0,0.02,2026-05-31,"POLYGON ((73.847269 18.529684, 73.848216 18.52969, 73.84821 18.530593, 73.847263 18.530588, 73.847269 18.529684))"
PUNE_GRID_100M_1659,18.531042,73.847734,39.19,0.287,0.261,-0.4,Built-up,0.192,36.95,44.6,2.37,High,22,5830.0,0.583,141.8,0.443,1980.0,0.198,2026-05-31,"POLYGON ((73.847263 18.530588, 73.84821 18.530593, 73.848204 18.531497, 73.847257 18.531491, 73.847263 18.530588))"
PUNE_GRID_100M_1660,18.531946,73.847728,40.78,0.145,0.284,-0.4,Built-up,0.176,38.02,42.3,2.21,High,31,6820.0,0.682,141.4,0.442,440.0,0.044,2026-05-31,"POLYGON ((73.847257 18.531491, 73.848204 18.531497, 73.848198 18.532401, 73.847251 18.532395, 73.847257 18.531491))"
PUNE_GRID_100M_1661,18.53285,73.847722,40.79,0.131,0.264,-0.4,Built-up,0.218,38.37,43.7,2.55,High,27,6820.0,0.682,160.3,0.501,1420.0,0.142,2026-05-31,"POLYGON ((73.847251 18.532395, 73.848198 18.532401, 73.848192 18.533304, 73.847245 18.533298, 73.847251 18.532395))"
PUNE_GRID_100M_1662,18.533753,73.847715,39.51,0.244,0.202,-0.4,Built-up,0.181,37.2,42.9,2.83,High,26,6010.0,0.601,144.0,0.45,1120.0,0.112,2026-05-31,"POLYGON ((73.847245 18.533298, 73.848192 18.533304, 73.848186 18.534208, 73.847239 18.534202, 73.847245 18.533298))"
PUNE_GRID_100M_1663,18.534657,73.847709,37.77,0.246,0.16,-0.4,Built-up,0.222,36.36,45.2,1.97,High,18,4920.0,0.492,143.0,0.447,2850.0,0.285,2026-05-31,"POLYGON ((73.847239 18.534202, 73.848186 18.534208, 73.84818 18.535112, 73.847233 18.535106, 73.847239 18.534202))"
PUNE_GRID_100M_1664,18.53556,73.847703,38.84,0.203,0.158,-0.4,Built-up,0.21,36.87,42.6,2.42,High,18,5580.0,0.558,142.7,0.446,2710.0,0.271,2026-05-31,"POLYGON ((73.847233 18.535106, 73.84818 18.535112, 73.848174 18.536015, 73.847227 18.536009, 73.847233 18.535106))"
PUNE_GRID_100M_1665,18.536464,73.847697,40.22,0.135,0.252,-0.375,Built-up,0.223,37.47,44.4,2.3,High,24,6440.0,0.644,174.1,0.544,1170.0,0.117,2026-05-31,"POLYGON ((73.847227 18.536009, 73.848174 18.536015, 73.848168 18.536919, 73.847221 18.536913, 73.847227 18.536009))"
PUNE_GRID_100M_1666,18.537368,73.847691,39.02,0.215,0.216,-0.4,Built-up,0.206,36.66,44.2,2.59,High,21,5680.0,0.568,144.0,0.45,2040.0,0.204,2026-05-31,"POLYGON ((73.847221 18.536913, 73.848168 18.536919, 73.848162 18.537822, 73.847215 18.537817, 73.847221 18.536913))"
PUNE_GRID_100M_1667,18.538271,73.847685,38.1,0.263,0.203,-0.4,Built-up,0.198,35.95,47.5,2.54,High,20,5100.0,0.51,113.3,0.354,2450.0,0.245,2026-05-31,"POLYGON ((73.847215 18.537817, 73.848162 18.537822, 73.848156 18.538726, 73.847208 18.53872, 73.847215 18.537817))"
PUNE_GRID_100M_1668,18.539175,73.847679,38.35,0.267,0.196,-0.4,Built-up,0.201,36.71,47.9,2.5,High,28,5250.0,0.525,127.4,0.398,2000.0,0.2,2026-05-31,"POLYGON ((73.847208 18.53872, 73.848156 18.538726, 73.84815 18.53963, 73.847202 18.539624, 73.847208 18.53872))"
PUNE_GRID_100M_1669,18.540079,73.847673,39.28,0.263,0.196,-0.38,Built-up,0.205,36.87,44.7,2.79,High,27,5820.0,0.582,142.7,0.446,2150.0,0.215,2026-05-31,"POLYGON ((73.847202 18.539624, 73.84815 18.53963, 73.848144 18.540533, 73.847196 18.540528, 73.847202 18.539624))"
PUNE_GRID_100M_1670,18.540982,73.847667,38.89,0.26,0.235,-0.4,Built-up,0.181,36.48,44.0,3.0,High,22,5580.0,0.558,121.9,0.381,2880.0,0.288,2026-05-31,"POLYGON ((73.847196 18.540528, 73.848144 18.540533, 73.848138 18.541437, 73.84719 18.541431, 73.847196 18.540528))"
PUNE_GRID_100M_1671,18.541886,73.847661,38.11,0.259,0.156,-0.4,Built-up,0.2,36.27,43.1,3.23,High,22,5080.0,0.508,117.1,0.366,2650.0,0.265,2026-05-31,"POLYGON ((73.84719 18.541431, 73.848138 18.541437, 73.848132 18.542341, 73.847184 18.542335, 73.84719 18.541431))"
PUNE_GRID_100M_1672,18.542789,73.847655,37.86,0.267,0.117,-0.4,Built-up,0.192,35.97,46.1,2.58,High,23,4920.0,0.492,115.5,0.361,2540.0,0.254,2026-05-31,"POLYGON ((73.847184 18.542335, 73.848132 18.542341, 73.848126 18.543244, 73.847178 18.543238, 73.847184 18.542335))"
PUNE_GRID_100M_1673,18.543693,73.847649,37.69,0.301,0.141,-0.322,Built-up,0.201,35.97,45.2,2.39,High,19,4810.0,0.481,136.0,0.425,1930.0,0.193,2026-05-31,"POLYGON ((73.847178 18.543238, 73.848126 18.543244, 73.848119 18.544148, 73.847172 18.544142, 73.847178 18.543238))"
PUNE_GRID_100M_1674,18.544597,73.847643,37.11,0.352,0.163,-0.4,Built-up,0.212,36.04,46.1,2.89,Medium,19,4440.0,0.444,80.0,0.25,3420.0,0.342,2026-05-31,"POLYGON ((73.847172 18.544142, 73.848119 18.544148, 73.848113 18.545051, 73.847166 18.545046, 73.847172 18.544142))"
PUNE_GRID_100M_1675,18.5455,73.847637,38.99,0.24,0.21,-0.4,Built-up,0.207,37.07,46.4,3.12,High,25,5610.0,0.561,150.1,0.469,1940.0,0.194,2026-05-31,"POLYGON ((73.847166 18.545046, 73.848113 18.545051, 73.848107 18.545955, 73.84716 18.545949, 73.847166 18.545046))"
PUNE_GRID_100M_1676,18.546404,73.847631,37.28,0.276,0.128,-0.4,Built-up,0.187,35.6,43.9,2.99,Medium,18,4530.0,0.453,96.6,0.302,4200.0,0.42,2026-05-31,"POLYGON ((73.84716 18.545949, 73.848107 18.545955, 73.848101 18.546859, 73.847154 18.546853, 73.84716 18.545949))"
PUNE_GRID_100M_1677,18.547308,73.847625,38.36,0.218,0.225,-0.4,Built-up,0.197,35.93,42.9,3.17,High,26,5200.0,0.52,107.2,0.335,3060.0,0.306,2026-05-31,"POLYGON ((73.847154 18.546853, 73.848101 18.546859, 73.848095 18.547762, 73.847148 18.547757, 73.847154 18.546853))"
PUNE_GRID_100M_1678,18.548211,73.847619,38.45,0.196,0.137,-0.4,Built-up,0.224,36.27,43.9,2.83,High,16,5250.0,0.525,141.1,0.441,2550.0,0.255,2026-05-31,"POLYGON ((73.847148 18.547757, 73.848095 18.547762, 73.848089 18.548666, 73.847142 18.54866, 73.847148 18.547757))"
PUNE_GRID_100M_1679,18.549115,73.847612,37.88,0.301,0.116,-0.38,Built-up,0.217,36.23,45.9,2.78,High,16,4880.0,0.488,126.4,0.395,2770.0,0.277,2026-05-31,"POLYGON ((73.847142 18.54866, 73.848089 18.548666, 73.848083 18.54957, 73.847136 18.549564, 73.847142 18.54866))"
PUNE_GRID_100M_1680,18.550019,73.847606,36.58,0.343,0.048,-0.314,Built-up,0.222,34.75,46.6,2.95,Medium,14,4070.0,0.407,113.6,0.355,3630.0,0.363,2026-05-31,"POLYGON ((73.847136 18.549564, 73.848083 18.54957, 73.848077 18.550473, 73.84713 18.550467, 73.847136 18.549564))"
PUNE_GRID_100M_1681,18.500325,73.848886,38.95,0.26,0.214,-0.4,Built-up,0.195,37.41,42.5,2.58,High,28,5620.0,0.562,145.3,0.454,2580.0,0.258,2026-05-31,"POLYGON ((73.848416 18.49987, 73.849363 18.499876, 73.849357 18.500779, 73.84841 18.500774, 73.848416 18.49987))"
PUNE_GRID_100M_1682,18.501228,73.84888,38.75,0.239,0.199,-0.4,Built-up,0.196,36.63,45.1,2.75,High,19,5500.0,0.55,158.4,0.495,2100.0,0.21,2026-05-31,"POLYGON ((73.84841 18.500774, 73.849357 18.500779, 73.849351 18.501683, 73.848404 18.501677, 73.84841 18.500774))"
PUNE_GRID_100M_1683,18.502132,73.848874,38.2,0.319,0.215,-0.4,Built-up,0.192,36.25,42.6,2.79,High,17,5160.0,0.516,130.9,0.409,1770.0,0.177,2026-05-31,"POLYGON ((73.848404 18.501677, 73.849351 18.501683, 73.849345 18.502587, 73.848398 18.502581, 73.848404 18.501677))"
PUNE_GRID_100M_1684,18.503035,73.848868,39.33,0.204,0.227,-0.4,Built-up,0.202,36.83,42.3,2.78,High,20,5880.0,0.588,139.2,0.435,1550.0,0.155,2026-05-31,"POLYGON ((73.848398 18.502581, 73.849345 18.502587, 73.849339 18.50349, 73.848392 18.503484, 73.848398 18.502581))"
PUNE_GRID_100M_1685,18.503939,73.848862,38.28,0.298,0.16,-0.4,Built-up,0.246,36.45,44.2,2.65,High,26,5220.0,0.522,129.6,0.405,2220.0,0.222,2026-05-31,"POLYGON ((73.848392 18.503484, 73.849339 18.50349, 73.849333 18.504394, 73.848386 18.504388, 73.848392 18.503484))"
PUNE_GRID_100M_1686,18.504843,73.848856,40.31,0.188,0.264,-0.4,Built-up,0.181,37.37,41.9,2.57,High,24,6500.0,0.65,171.8,0.537,670.0,0.067,2026-05-31,"POLYGON ((73.848386 18.504388, 73.849333 18.504394, 73.849327 18.505297, 73.84838 18.505292, 73.848386 18.504388))"
PUNE_GRID_100M_1687,18.505746,73.84885,39.14,0.206,0.215,-0.4,Built-up,0.197,37.55,45.0,2.66,High,19,5770.0,0.577,128.6,0.402,2250.0,0.225,2026-05-31,"POLYGON ((73.84838 18.505292, 73.849327 18.505297, 73.849321 18.506201, 73.848374 18.506195, 73.84838 18.505292))"
PUNE_GRID_100M_1688,18.50665,73.848844,39.81,0.23,0.191,-0.4,Built-up,0.205,37.76,43.6,2.08,High,23,6200.0,0.62,140.5,0.439,1440.0,0.144,2026-05-31,"POLYGON ((73.848374 18.506195, 73.849321 18.506201, 73.849315 18.507105, 73.848368 18.507099, 73.848374 18.506195))"
PUNE_GRID_100M_1689,18.507554,73.848838,40.02,0.216,0.332,-0.4,Built-up,0.17,37.81,45.6,2.49,High,23,6330.0,0.633,147.8,0.462,1250.0,0.125,2026-05-31,"POLYGON ((73.848368 18.507099, 73.849315 18.507105, 73.849309 18.508008, 73.848362 18.508003, 73.848368 18.507099))"
PUNE_GRID_100M_1690,18.508457,73.848832,39.72,0.224,0.253,-0.4,Built-up,0.211,36.89,42.9,2.44,High,25,6150.0,0.615,120.6,0.377,2240.0,0.224,2026-05-31,"POLYGON ((73.848362 18.508003, 73.849309 18.508008, 73.849303 18.508912, 73.848355 18.508906, 73.848362 18.508003))"
PUNE_GRID_100M_1691,18.509361,73.848826,40.53,0.185,0.28,-0.4,Built-up,0.154,37.93,42.4,2.45,High,26,6670.0,0.667,161.9,0.506,530.0,0.053,2026-05-31,"POLYGON ((73.848355 18.508906, 73.849303 18.508912, 73.849297 18.509816, 73.848349 18.50981, 73.848355 18.508906))"
PUNE_GRID_100M_1692,18.510265,73.84882,39.81,0.205,0.26,-0.374,Built-up,0.185,37.73,45.0,2.37,High,33,6220.0,0.622,125.1,0.391,2350.0,0.235,2026-05-31,"POLYGON ((73.848349 18.50981, 73.849297 18.509816, 73.849291 18.510719, 73.848343 18.510713, 73.848349 18.50981))"
PUNE_GRID_100M_1693,18.511168,73.848814,41.01,0.26,0.317,-0.399,Built-up,0.195,38.38,42.1,2.45,Extreme,25,6980.0,0.698,168.3,0.526,200.0,0.02,2026-05-31,"POLYGON ((73.848343 18.510713, 73.849291 18.510719, 73.849285 18.511623, 73.848337 18.511617, 73.848343 18.510713))"
PUNE_GRID_100M_1694,18.512072,73.848808,39.36,0.27,0.217,-0.39,Built-up,0.197,36.75,45.8,2.23,High,31,5950.0,0.595,153.9,0.481,1640.0,0.164,2026-05-31,"POLYGON ((73.848337 18.511617, 73.849285 18.511623, 73.849279 18.512527, 73.848331 18.512521, 73.848337 18.511617))"
PUNE_GRID_100M_1695,18.512975,73.848802,40.65,0.206,0.26,-0.4,Built-up,0.181,37.76,43.3,2.55,High,28,6760.0,0.676,156.2,0.488,660.0,0.066,2026-05-31,"POLYGON ((73.848331 18.512521, 73.849279 18.512527, 73.849272 18.51343, 73.848325 18.513424, 73.848331 18.512521))"
PUNE_GRID_100M_1696,18.513879,73.848796,42.21,0.127,0.367,-0.4,Built-up,0.181,38.91,37.7,2.4,Extreme,35,7740.0,0.774,207.4,0.648,200.0,0.02,2026-05-31,"POLYGON ((73.848325 18.513424, 73.849272 18.51343, 73.849266 18.514334, 73.848319 18.514328, 73.848325 18.513424))"
PUNE_GRID_100M_1697,18.514783,73.84879,39.95,0.242,0.259,-0.4,Built-up,0.207,37.28,44.8,2.32,High,24,6340.0,0.634,133.4,0.417,1590.0,0.159,2026-05-31,"POLYGON ((73.848319 18.514328, 73.849266 18.514334, 73.84926 18.515237, 73.848313 18.515232, 73.848319 18.514328))"
PUNE_GRID_100M_1698,18.515686,73.848784,40.3,0.21,0.239,-0.345,Built-up,0.2,38.17,44.1,2.14,High,33,6560.0,0.656,172.8,0.54,990.0,0.099,2026-05-31,"POLYGON ((73.848313 18.515232, 73.84926 18.515237, 73.849254 18.516141, 73.848307 18.516135, 73.848313 18.515232))"
PUNE_GRID_100M_1699,18.51659,73.848778,41.33,0.154,0.352,-0.4,Built-up,0.165,37.85,43.4,2.43,Extreme,26,7200.0,0.72,181.4,0.567,200.0,0.02,2026-05-31,"POLYGON ((73.848307 18.516135, 73.849254 18.516141, 73.849248 18.517045, 73.848301 18.517039, 73.848307 18.516135))"
PUNE_GRID_100M_1700,18.517494,73.848772,41.12,0.149,0.309,-0.395,Built-up,0.191,38.48,39.2,2.29,Extreme,24,7080.0,0.708,147.8,0.462,200.0,0.02,2026-05-31,"POLYGON ((73.848301 18.517039, 73.849248 18.517045, 73.849242 18.517948, 73.848295 18.517943, 73.848301 18.517039))"
PUNE_GRID_100M_1701,18.518397,73.848766,41.31,0.151,0.331,-0.4,Built-up,0.174,38.03,41.0,2.09,Extreme,35,7190.0,0.719,207.4,0.648,870.0,0.087,2026-05-31,"POLYGON ((73.848295 18.517943, 73.849242 18.517948, 73.849236 18.518852, 73.848289 18.518846, 73.848295 18.517943))"
PUNE_GRID_100M_1702,18.519301,73.84876,41.45,0.022,0.357,-0.4,Built-up,0.187,38.23,41.0,2.23,Extreme,37,7280.0,0.728,173.8,0.543,200.0,0.02,2026-05-31,"POLYGON ((73.848289 18.518846, 73.849236 18.518852, 73.84923 18.519756, 73.848283 18.51975, 73.848289 18.518846))"
PUNE_GRID_100M_1703,18.520204,73.848754,41.58,0.153,0.322,-0.379,Built-up,0.204,38.0,40.5,2.36,Extreme,36,7360.0,0.736,165.4,0.517,370.0,0.037,2026-05-31,"POLYGON ((73.848283 18.51975, 73.84923 18.519756, 73.849224 18.520659, 73.848277 18.520653, 73.848283 18.51975))"
PUNE_GRID_100M_1704,18.521108,73.848747,41.95,0.112,0.347,-0.4,Built-up,0.138,38.7,44.1,2.35,Extreme,25,7600.0,0.76,164.5,0.514,200.0,0.02,2026-05-31,"POLYGON ((73.848277 18.520653, 73.849224 18.520659, 73.849218 18.521563, 73.848271 18.521557, 73.848277 18.520653))"
PUNE_GRID_100M_1705,18.522012,73.848741,41.37,0.216,0.336,-0.4,Built-up,0.181,38.91,41.9,2.34,Extreme,28,7230.0,0.723,170.6,0.533,200.0,0.02,2026-05-31,"POLYGON ((73.848271 18.521557, 73.849218 18.521563, 73.849212 18.522466, 73.848265 18.522461, 73.848271 18.521557))"
PUNE_GRID_100M_1706,18.522915,73.848735,40.8,0.173,0.264,-0.4,Built-up,0.166,38.14,42.3,2.27,High,28,6880.0,0.688,163.5,0.511,540.0,0.054,2026-05-31,"POLYGON ((73.848265 18.522461, 73.849212 18.522466, 73.849206 18.52337, 73.848259 18.523364, 73.848265 18.522461))"
PUNE_GRID_100M_1707,18.523819,73.848729,41.48,0.101,0.318,-0.4,Built-up,0.219,38.18,42.6,2.47,Extreme,37,7300.0,0.73,176.6,0.552,230.0,0.023,2026-05-31,"POLYGON ((73.848259 18.523364, 73.849206 18.52337, 73.8492 18.524274, 73.848253 18.524268, 73.848259 18.523364))"
PUNE_GRID_100M_1708,18.524723,73.848723,42.39,0.114,0.361,-0.4,Built-up,0.168,39.48,41.9,2.52,Extreme,29,7860.0,0.786,185.0,0.578,200.0,0.02,2026-05-31,"POLYGON ((73.848253 18.524268, 73.8492 18.524274, 73.849194 18.525177, 73.848247 18.525172, 73.848253 18.524268))"
PUNE_GRID_100M_1709,18.525626,73.848717,40.68,0.134,0.252,-0.4,Built-up,0.206,38.35,37.5,2.43,High,22,6790.0,0.679,171.2,0.535,670.0,0.067,2026-05-31,"POLYGON ((73.848247 18.525172, 73.849194 18.525177, 73.849188 18.526081, 73.848241 18.526075, 73.848247 18.525172))"
PUNE_GRID_100M_1710,18.52653,73.848711,39.91,0.222,0.315,-0.4,Built-up,0.183,37.47,42.1,2.18,High,21,6300.0,0.63,146.2,0.457,870.0,0.087,2026-05-31,"POLYGON ((73.848241 18.526075, 73.849188 18.526081, 73.849182 18.526985, 73.848235 18.526979, 73.848241 18.526075))"
PUNE_GRID_100M_1711,18.527434,73.848705,41.47,0.16,0.274,-0.4,Built-up,0.179,39.14,39.7,2.11,Extreme,27,7280.0,0.728,150.1,0.469,440.0,0.044,2026-05-31,"POLYGON ((73.848235 18.526979, 73.849182 18.526985, 73.849176 18.527888, 73.848228 18.527882, 73.848235 18.526979))"
PUNE_GRID_100M_1712,18.528337,73.848699,40.38,0.225,0.228,-0.4,Built-up,0.185,38.01,43.3,2.23,High,34,6590.0,0.659,156.2,0.488,530.0,0.053,2026-05-31,"POLYGON ((73.848228 18.527882, 73.849176 18.527888, 73.84917 18.528792, 73.848222 18.528786, 73.848228 18.527882))"
PUNE_GRID_100M_1713,18.529241,73.848693,38.61,0.217,0.227,-0.362,Built-up,0.223,36.73,43.7,2.75,High,27,5480.0,0.548,101.1,0.316,2230.0,0.223,2026-05-31,"POLYGON ((73.848222 18.528786, 73.84917 18.528792, 73.849164 18.529696, 73.848216 18.52969, 73.848222 18.528786))"
PUNE_GRID_100M_1714,18.530144,73.848687,40.91,0.17,0.312,-0.4,Built-up,0.198,37.9,42.3,2.43,High,36,6910.0,0.691,170.2,0.532,380.0,0.038,2026-05-31,"POLYGON ((73.848216 18.52969, 73.849164 18.529696, 73.849158 18.530599, 73.84821 18.530593, 73.848216 18.52969))"
PUNE_GRID_100M_1715,18.531048,73.848681,39.67,0.157,0.204,-0.379,Built-up,0.232,37.46,40.1,2.83,High,28,6130.0,0.613,134.7,0.421,1190.0,0.119,2026-05-31,"POLYGON ((73.84821 18.530593, 73.849158 18.530599, 73.849152 18.531503, 73.848204 18.531497, 73.84821 18.530593))"
PUNE_GRID_100M_1716,18.531952,73.848675,39.9,0.232,0.264,-0.4,Built-up,0.193,37.5,42.6,2.4,High,31,6270.0,0.627,152.6,0.477,1110.0,0.111,2026-05-31,"POLYGON ((73.848204 18.531497, 73.849152 18.531503, 73.849146 18.532406, 73.848198 18.532401, 73.848204 18.531497))"
PUNE_GRID_100M_1717,18.532855,73.848669,40.1,0.217,0.299,-0.4,Built-up,0.19,37.73,44.6,2.39,High,29,6390.0,0.639,170.2,0.532,540.0,0.054,2026-05-31,"POLYGON ((73.848198 18.532401, 73.849146 18.532406, 73.849139 18.53331, 73.848192 18.533304, 73.848198 18.532401))"
PUNE_GRID_100M_1718,18.533759,73.848663,39.85,0.225,0.242,-0.4,Built-up,0.192,37.19,45.2,2.45,High,26,6220.0,0.622,137.3,0.429,760.0,0.076,2026-05-31,"POLYGON ((73.848192 18.533304, 73.849139 18.53331, 73.849133 18.534214, 73.848186 18.534208, 73.848192 18.533304))"
PUNE_GRID_100M_1719,18.534663,73.848657,40.12,0.196,0.333,-0.4,Built-up,0.176,37.62,44.0,2.47,High,20,6390.0,0.639,167.0,0.522,1450.0,0.145,2026-05-31,"POLYGON ((73.848186 18.534208, 73.849133 18.534214, 73.849127 18.535117, 73.84818 18.535112, 73.848186 18.534208))"
PUNE_GRID_100M_1720,18.535566,73.848651,39.06,0.249,0.156,-0.4,Built-up,0.196,36.6,41.7,2.36,High,21,5720.0,0.572,131.8,0.412,1530.0,0.153,2026-05-31,"POLYGON ((73.84818 18.535112, 73.849127 18.535117, 73.849121 18.536021, 73.848174 18.536015, 73.84818 18.535112))"
PUNE_GRID_100M_1721,18.53647,73.848645,39.67,0.276,0.256,-0.4,Built-up,0.195,36.62,45.2,2.31,High,20,6100.0,0.61,169.0,0.528,1240.0,0.124,2026-05-31,"POLYGON ((73.848174 18.536015, 73.849121 18.536021, 73.849115 18.536925, 73.848168 18.536919, 73.848174 18.536015))"
PUNE_GRID_100M_1722,18.537373,73.848639,38.91,0.227,0.236,-0.4,Built-up,0.186,37.04,45.0,2.66,High,20,5620.0,0.562,130.2,0.407,2460.0,0.246,2026-05-31,"POLYGON ((73.848168 18.536919, 73.849115 18.536925, 73.849109 18.537828, 73.848162 18.537822, 73.848168 18.536919))"
PUNE_GRID_100M_1723,18.538277,73.848633,39.56,0.221,0.257,-0.4,Built-up,0.2,36.74,43.2,2.8,High,30,6020.0,0.602,133.8,0.418,1480.0,0.148,2026-05-31,"POLYGON ((73.848162 18.537822, 73.849109 18.537828, 73.849103 18.538732, 73.848156 18.538726, 73.848162 18.537822))"
PUNE_GRID_100M_1724,18.539181,73.848626,39.31,0.181,0.213,-0.4,Built-up,0.204,37.05,40.5,3.1,High,20,5850.0,0.585,149.1,0.466,1420.0,0.142,2026-05-31,"POLYGON ((73.848156 18.538726, 73.849103 18.538732, 73.849097 18.539635, 73.84815 18.53963, 73.848156 18.538726))"
PUNE_GRID_100M_1725,18.540084,73.84862,37.92,0.238,0.148,-0.4,Built-up,0.218,36.14,46.1,2.55,High,22,4980.0,0.498,113.9,0.356,3040.0,0.304,2026-05-31,"POLYGON ((73.84815 18.53963, 73.849097 18.539635, 73.849091 18.540539, 73.848144 18.540533, 73.84815 18.53963))"
PUNE_GRID_100M_1726,18.540988,73.848614,39.39,0.225,0.236,-0.4,Built-up,0.223,37.17,42.6,2.59,High,21,5890.0,0.589,130.6,0.408,2330.0,0.233,2026-05-31,"POLYGON ((73.848144 18.540533, 73.849091 18.540539, 73.849085 18.541443, 73.848138 18.541437, 73.848144 18.540533))"
PUNE_GRID_100M_1727,18.541892,73.848608,37.94,0.316,0.182,-0.4,Built-up,0.207,35.97,45.2,2.53,High,21,4980.0,0.498,113.3,0.354,2490.0,0.249,2026-05-31,"POLYGON ((73.848138 18.541437, 73.849085 18.541443, 73.849079 18.542346, 73.848132 18.542341, 73.848138 18.541437))"
PUNE_GRID_100M_1728,18.542795,73.848602,38.86,0.23,0.217,-0.376,Built-up,0.212,36.78,44.0,2.94,High,17,5550.0,0.555,132.5,0.414,2150.0,0.215,2026-05-31,"POLYGON ((73.848132 18.542341, 73.849079 18.542346, 73.849073 18.54325, 73.848126 18.543244, 73.848132 18.542341))"
PUNE_GRID_100M_1729,18.543699,73.848596,38.35,0.248,0.207,-0.4,Built-up,0.234,36.49,46.6,2.9,High,24,5220.0,0.522,142.4,0.445,1750.0,0.175,2026-05-31,"POLYGON ((73.848126 18.543244, 73.849073 18.54325, 73.849067 18.544154, 73.848119 18.544148, 73.848126 18.543244))"
PUNE_GRID_100M_1730,18.544603,73.84859,39.38,0.205,0.192,-0.4,Built-up,0.225,37.29,43.3,2.59,High,26,5860.0,0.586,115.8,0.362,1900.0,0.19,2026-05-31,"POLYGON ((73.848119 18.544148, 73.849067 18.544154, 73.849061 18.545057, 73.848113 18.545051, 73.848119 18.544148))"
PUNE_GRID_100M_1731,18.545506,73.848584,37.57,0.264,0.134,-0.389,Built-up,0.233,36.32,44.9,2.61,High,15,4720.0,0.472,113.6,0.355,3230.0,0.323,2026-05-31,"POLYGON ((73.848113 18.545051, 73.849061 18.545057, 73.849055 18.545961, 73.848107 18.545955, 73.848113 18.545051))"
PUNE_GRID_100M_1732,18.54641,73.848578,37.32,0.306,0.101,-0.388,Built-up,0.217,35.69,47.5,3.01,Medium,24,4560.0,0.456,117.4,0.367,3000.0,0.3,2026-05-31,"POLYGON ((73.848107 18.545955, 73.849055 18.545961, 73.849049 18.546864, 73.848101 18.546859, 73.848107 18.545955))"
PUNE_GRID_100M_1733,18.547313,73.848572,37.42,0.23,0.122,-0.352,Built-up,0.221,35.71,44.1,2.92,Medium,16,4620.0,0.462,113.3,0.354,3140.0,0.314,2026-05-31,"POLYGON ((73.848101 18.546859, 73.849049 18.546864, 73.849043 18.547768, 73.848095 18.547762, 73.848101 18.546859))"
PUNE_GRID_100M_1734,18.548217,73.848566,37.04,0.355,0.147,-0.4,Built-up,0.194,35.16,46.6,3.02,Medium,15,4370.0,0.437,121.6,0.38,2930.0,0.293,2026-05-31,"POLYGON ((73.848095 18.547762, 73.849043 18.547768, 73.849037 18.548672, 73.848089 18.548666, 73.848095 18.547762))"
PUNE_GRID_100M_1735,18.549121,73.84856,37.77,0.251,0.153,-0.4,Built-up,0.22,36.07,44.5,2.72,High,16,4820.0,0.482,114.9,0.359,3130.0,0.313,2026-05-31,"POLYGON ((73.848089 18.548666, 73.849037 18.548672, 73.849031 18.549575, 73.848083 18.54957, 73.848089 18.548666))"
PUNE_GRID_100M_1736,18.550024,73.848554,35.68,0.38,0.134,-0.4,Built-up,0.22,34.68,45.0,2.55,Medium,11,3510.0,0.351,81.9,0.256,5140.0,0.514,2026-05-31,"POLYGON ((73.848083 18.54957, 73.849031 18.549575, 73.849024 18.550479, 73.848077 18.550473, 73.848083 18.54957))"
PUNE_GRID_100M_1737,18.50033,73.849834,37.84,0.225,0.159,-0.4,Built-up,0.212,35.93,44.7,2.46,High,15,4930.0,0.493,125.8,0.393,2450.0,0.245,2026-05-31,"POLYGON ((73.849363 18.499876, 73.85031 18.499881, 73.850304 18.500785, 73.849357 18.500779, 73.849363 18.499876))"
PUNE_GRID_100M_1738,18.501234,73.849828,37.98,0.297,0.161,-0.389,Built-up,0.226,36.25,45.7,2.75,High,26,5020.0,0.502,121.6,0.38,2590.0,0.259,2026-05-31,"POLYGON ((73.849357 18.500779, 73.850304 18.500785, 73.850298 18.501689, 73.849351 18.501683, 73.849357 18.500779))"
PUNE_GRID_100M_1739,18.502138,73.849822,39.75,0.236,0.242,-0.4,Built-up,0.178,37.24,45.2,3.01,High,20,6130.0,0.613,142.1,0.444,1740.0,0.174,2026-05-31,"POLYGON ((73.849351 18.501683, 73.850298 18.501689, 73.850292 18.502592, 73.849345 18.502587, 73.849351 18.501683))"
PUNE_GRID_100M_1740,18.503041,73.849816,40.51,0.198,0.254,-0.4,Built-up,0.219,38.06,44.8,2.47,High,24,6610.0,0.661,165.1,0.516,1330.0,0.133,2026-05-31,"POLYGON ((73.849345 18.502587, 73.850292 18.502592, 73.850286 18.503496, 73.849339 18.50349, 73.849345 18.502587))"
PUNE_GRID_100M_1741,18.503945,73.849809,39.21,0.188,0.213,-0.4,Built-up,0.215,37.22,43.2,2.99,High,21,5810.0,0.581,131.2,0.41,1360.0,0.136,2026-05-31,"POLYGON ((73.849339 18.50349, 73.850286 18.503496, 73.85028 18.5044, 73.849333 18.504394, 73.849339 18.50349))"
PUNE_GRID_100M_1742,18.504849,73.849803,39.3,0.234,0.252,-0.4,Built-up,0.194,37.28,42.1,2.68,High,29,5870.0,0.587,133.1,0.416,1810.0,0.181,2026-05-31,"POLYGON ((73.849333 18.504394, 73.85028 18.5044, 73.850274 18.505303, 73.849327 18.505297, 73.849333 18.504394))"
PUNE_GRID_100M_1743,18.505752,73.849797,39.64,0.165,0.237,-0.4,Built-up,0.195,37.28,42.8,2.21,High,22,6090.0,0.609,139.5,0.436,1720.0,0.172,2026-05-31,"POLYGON ((73.849327 18.505297, 73.850274 18.505303, 73.850268 18.506207, 73.849321 18.506201, 73.849327 18.505297))"
PUNE_GRID_100M_1744,18.506656,73.849791,40.66,0.167,0.256,-0.4,Built-up,0.201,37.65,40.7,2.5,High,21,6730.0,0.673,178.9,0.559,550.0,0.055,2026-05-31,"POLYGON ((73.849321 18.506201, 73.850268 18.506207, 73.850262 18.50711, 73.849315 18.507105, 73.849321 18.506201))"
PUNE_GRID_100M_1745,18.507559,73.849785,39.13,0.272,0.183,-0.4,Built-up,0.23,36.71,43.4,2.61,High,18,5790.0,0.579,97.6,0.305,1300.0,0.13,2026-05-31,"POLYGON ((73.849315 18.507105, 73.850262 18.50711, 73.850256 18.508014, 73.849309 18.508008, 73.849315 18.507105))"
PUNE_GRID_100M_1746,18.508463,73.849779,40.21,0.225,0.246,-0.4,Built-up,0.197,37.83,42.3,1.93,High,26,6460.0,0.646,160.0,0.5,1240.0,0.124,2026-05-31,"POLYGON ((73.849309 18.508008, 73.850256 18.508014, 73.85025 18.508918, 73.849303 18.508912, 73.849309 18.508008))"
PUNE_GRID_100M_1747,18.509367,73.849773,40.94,0.168,0.295,-0.4,Built-up,0.189,38.89,43.3,2.52,High,37,6920.0,0.692,166.4,0.52,1130.0,0.113,2026-05-31,"POLYGON ((73.849303 18.508912, 73.85025 18.508918, 73.850244 18.509821, 73.849297 18.509816, 73.849303 18.508912))"
PUNE_GRID_100M_1748,18.51027,73.849767,40.69,0.137,0.317,-0.392,Built-up,0.183,37.88,39.1,2.6,High,29,6780.0,0.678,141.1,0.441,940.0,0.094,2026-05-31,"POLYGON ((73.849297 18.509816, 73.850244 18.509821, 73.850238 18.510725, 73.849291 18.510719, 73.849297 18.509816))"
PUNE_GRID_100M_1749,18.511174,73.849761,40.57,0.206,0.235,-0.4,Built-up,0.224,38.04,41.4,2.43,High,22,6710.0,0.671,165.1,0.516,330.0,0.033,2026-05-31,"POLYGON ((73.849291 18.510719, 73.850238 18.510725, 73.850232 18.511629, 73.849285 18.511623, 73.849291 18.510719))"
PUNE_GRID_100M_1750,18.512078,73.849755,41.35,0.154,0.301,-0.4,Built-up,0.18,38.28,40.8,2.31,Extreme,25,7200.0,0.72,178.9,0.559,200.0,0.02,2026-05-31,"POLYGON ((73.849285 18.511623, 73.850232 18.511629, 73.850226 18.512532, 73.849279 18.512527, 73.849285 18.511623))"
PUNE_GRID_100M_1751,18.512981,73.849749,38.51,0.159,0.187,-0.4,Built-up,0.206,36.16,46.0,2.27,High,22,5430.0,0.543,137.9,0.431,2980.0,0.298,2026-05-31,"POLYGON ((73.849279 18.512527, 73.850226 18.512532, 73.85022 18.513436, 73.849272 18.51343, 73.849279 18.512527))"
PUNE_GRID_100M_1752,18.513885,73.849743,41.33,0.185,0.255,-0.4,Built-up,0.216,38.23,40.3,2.24,Extreme,38,7200.0,0.72,138.9,0.434,860.0,0.086,2026-05-31,"POLYGON ((73.849272 18.51343, 73.85022 18.513436, 73.850214 18.51434, 73.849266 18.514334, 73.849272 18.51343))"
PUNE_GRID_100M_1753,18.514788,73.849737,40.37,0.186,0.242,-0.4,Built-up,0.199,37.13,43.0,2.03,High,27,6600.0,0.66,176.0,0.55,1010.0,0.101,2026-05-31,"POLYGON ((73.849266 18.514334, 73.850214 18.51434, 73.850208 18.515243, 73.84926 18.515237, 73.849266 18.514334))"
PUNE_GRID_100M_1754,18.515692,73.849731,39.52,0.265,0.208,-0.4,Built-up,0.22,37.57,43.2,2.11,High,24,6080.0,0.608,136.3,0.426,1780.0,0.178,2026-05-31,"POLYGON ((73.84926 18.515237, 73.850208 18.515243, 73.850202 18.516147, 73.849254 18.516141, 73.84926 18.515237))"
PUNE_GRID_100M_1755,18.516596,73.849725,41.48,0.104,0.293,-0.4,Built-up,0.174,37.87,43.4,2.16,Extreme,23,7300.0,0.73,184.0,0.575,200.0,0.02,2026-05-31,"POLYGON ((73.849254 18.516141, 73.850202 18.516147, 73.850196 18.51705, 73.849248 18.517045, 73.849254 18.516141))"
PUNE_GRID_100M_1756,18.517499,73.849719,42.24,-0.005,0.357,-0.4,Built-up,0.173,38.99,42.1,2.25,Extreme,28,7780.0,0.778,196.2,0.613,200.0,0.02,2026-05-31,"POLYGON ((73.849248 18.517045, 73.850196 18.51705, 73.850189 18.517954, 73.849242 18.517948, 73.849248 18.517045))"
PUNE_GRID_100M_1757,18.518403,73.849713,41.08,0.173,0.294,-0.4,Built-up,0.209,37.9,42.3,2.11,Extreme,31,7060.0,0.706,158.1,0.494,430.0,0.043,2026-05-31,"POLYGON ((73.849242 18.517948, 73.850189 18.517954, 73.850183 18.518858, 73.849236 18.518852, 73.849242 18.517948))"
PUNE_GRID_100M_1758,18.519307,73.849707,41.99,0.142,0.323,-0.4,Built-up,0.172,38.63,40.6,2.04,Extreme,30,7630.0,0.763,191.7,0.599,200.0,0.02,2026-05-31,"POLYGON ((73.849236 18.518852, 73.850183 18.518858, 73.850177 18.519761, 73.84923 18.519756, 73.849236 18.518852))"
PUNE_GRID_100M_1759,18.52021,73.849701,42.53,0.044,0.377,-0.4,Built-up,0.17,39.68,38.2,2.36,Extreme,42,7970.0,0.797,186.2,0.582,200.0,0.02,2026-05-31,"POLYGON ((73.84923 18.519756, 73.850177 18.519761, 73.850171 18.520665, 73.849224 18.520659, 73.84923 18.519756))"
PUNE_GRID_100M_1760,18.521114,73.849695,42.28,0.081,0.404,-0.4,Built-up,0.171,39.16,41.5,2.29,Extreme,24,7810.0,0.781,161.0,0.503,200.0,0.02,2026-05-31,"POLYGON ((73.849224 18.520659, 73.850171 18.520665, 73.850165 18.521569, 73.849218 18.521563, 73.849224 18.520659))"
PUNE_GRID_100M_1761,18.522018,73.849689,42.52,0.222,0.413,-0.4,Built-up,0.151,38.97,41.8,2.11,Extreme,34,7960.0,0.796,206.1,0.644,200.0,0.02,2026-05-31,"POLYGON ((73.849218 18.521563, 73.850165 18.521569, 73.850159 18.522472, 73.849212 18.522466, 73.849218 18.521563))"
PUNE_GRID_100M_1762,18.522921,73.849683,41.75,0.127,0.271,-0.4,Built-up,0.185,38.55,39.2,2.32,Extreme,30,7480.0,0.748,169.6,0.53,200.0,0.02,2026-05-31,"POLYGON ((73.849212 18.522466, 73.850159 18.522472, 73.850153 18.523376, 73.849206 18.52337, 73.849212 18.522466))"
PUNE_GRID_100M_1763,18.523825,73.849677,41.15,0.189,0.319,-0.395,Built-up,0.184,38.08,40.2,2.14,Extreme,30,7100.0,0.71,159.4,0.498,700.0,0.07,2026-05-31,"POLYGON ((73.849206 18.52337, 73.850153 18.523376, 73.850147 18.524279, 73.8492 18.524274, 73.849206 18.52337))"
PUNE_GRID_100M_1764,18.524728,73.849671,39.73,0.183,0.233,-0.4,Built-up,0.199,37.3,43.6,2.26,High,22,6210.0,0.621,144.0,0.45,1690.0,0.169,2026-05-31,"POLYGON ((73.8492 18.524274, 73.850147 18.524279, 73.850141 18.525183, 73.849194 18.525177, 73.8492 18.524274))"
PUNE_GRID_100M_1765,18.525632,73.849665,40.73,0.091,0.288,-0.4,Built-up,0.207,38.06,42.9,2.46,High,25,6820.0,0.682,167.0,0.522,360.0,0.036,2026-05-31,"POLYGON ((73.849194 18.525177, 73.850141 18.525183, 73.850135 18.526087, 73.849188 18.526081, 73.849194 18.525177))"
PUNE_GRID_100M_1766,18.526536,73.849658,40.14,0.188,0.244,-0.4,Built-up,0.219,38.17,41.4,2.16,High,23,6460.0,0.646,154.2,0.482,2260.0,0.226,2026-05-31,"POLYGON ((73.849188 18.526081, 73.850135 18.526087, 73.850129 18.52699, 73.849182 18.526985, 73.849188 18.526081))"
PUNE_GRID_100M_1767,18.527439,73.849652,42.44,0.104,0.363,-0.4,Built-up,0.162,38.63,40.2,2.06,Extreme,36,7890.0,0.789,196.5,0.614,200.0,0.02,2026-05-31,"POLYGON ((73.849182 18.526985, 73.850129 18.52699, 73.850123 18.527894, 73.849176 18.527888, 73.849182 18.526985))"
PUNE_GRID_100M_1768,18.528343,73.849646,40.45,0.168,0.275,-0.4,Built-up,0.192,37.8,39.9,2.29,High,29,6640.0,0.664,142.1,0.444,590.0,0.059,2026-05-31,"POLYGON ((73.849176 18.527888, 73.850123 18.527894, 73.850117 18.528798, 73.84917 18.528792, 73.849176 18.527888))"
PUNE_GRID_100M_1769,18.529247,73.84964,40.56,0.176,0.258,-0.4,Built-up,0.204,37.8,44.6,2.07,High,33,6700.0,0.67,151.4,0.473,970.0,0.097,2026-05-31,"POLYGON ((73.84917 18.528792, 73.850117 18.528798, 73.850111 18.529701, 73.849164 18.529696, 73.84917 18.528792))"
PUNE_GRID_100M_1770,18.53015,73.849634,40.77,0.184,0.258,-0.4,Built-up,0.216,38.32,40.4,2.31,High,25,6830.0,0.683,162.6,0.508,1490.0,0.149,2026-05-31,"POLYGON ((73.849164 18.529696, 73.850111 18.529701, 73.850105 18.530605, 73.849158 18.530599, 73.849164 18.529696))"
PUNE_GRID_100M_1771,18.531054,73.849628,40.23,0.186,0.247,-0.4,Built-up,0.206,37.77,43.6,2.33,High,34,6490.0,0.649,180.2,0.563,490.0,0.049,2026-05-31,"POLYGON ((73.849158 18.530599, 73.850105 18.530605, 73.850099 18.531509, 73.849152 18.531503, 73.849158 18.530599))"
PUNE_GRID_100M_1772,18.531957,73.849622,41.42,0.1,0.321,-0.4,Built-up,0.187,38.67,41.8,1.91,Extreme,27,7220.0,0.722,171.8,0.537,200.0,0.02,2026-05-31,"POLYGON ((73.849152 18.531503, 73.850099 18.531509, 73.850093 18.532412, 73.849146 18.532406, 73.849152 18.531503))"
PUNE_GRID_100M_1773,18.532861,73.849616,39.42,0.24,0.242,-0.4,Built-up,0.206,37.2,45.4,2.54,High,19,5970.0,0.597,157.1,0.491,1990.0,0.199,2026-05-31,"POLYGON ((73.849146 18.532406, 73.850093 18.532412, 73.850087 18.533316, 73.849139 18.53331, 73.849146 18.532406))"
PUNE_GRID_100M_1774,18.533765,73.84961,39.93,0.124,0.272,-0.4,Built-up,0.201,37.17,41.9,2.42,High,20,6280.0,0.628,151.4,0.473,1290.0,0.129,2026-05-31,"POLYGON ((73.849139 18.53331, 73.850087 18.533316, 73.850081 18.534219, 73.849133 18.534214, 73.849139 18.53331))"
PUNE_GRID_100M_1775,18.534668,73.849604,39.04,0.152,0.192,-0.363,Built-up,0.192,37.19,43.9,2.71,High,23,5720.0,0.572,131.2,0.41,1920.0,0.192,2026-05-31,"POLYGON ((73.849133 18.534214, 73.850081 18.534219, 73.850075 18.535123, 73.849127 18.535117, 73.849133 18.534214))"
PUNE_GRID_100M_1776,18.535572,73.849598,38.43,0.285,0.188,-0.36,Built-up,0.209,36.64,41.7,2.55,High,21,5330.0,0.533,124.8,0.39,2730.0,0.273,2026-05-31,"POLYGON ((73.849127 18.535117, 73.850075 18.535123, 73.850069 18.536027, 73.849121 18.536021, 73.849127 18.535117))"
PUNE_GRID_100M_1777,18.536476,73.849592,38.85,0.261,0.227,-0.4,Built-up,0.221,36.97,41.0,2.67,High,29,5580.0,0.558,131.8,0.412,2290.0,0.229,2026-05-31,"POLYGON ((73.849121 18.536021, 73.850069 18.536027, 73.850063 18.53693, 73.849115 18.536925, 73.849121 18.536021))"
PUNE_GRID_100M_1778,18.537379,73.849586,39.16,0.227,0.247,-0.4,Built-up,0.192,37.29,44.6,2.79,High,21,5770.0,0.577,146.2,0.457,2270.0,0.227,2026-05-31,"POLYGON ((73.849115 18.536925, 73.850063 18.53693, 73.850057 18.537834, 73.849109 18.537828, 73.849115 18.536925))"
PUNE_GRID_100M_1779,18.538283,73.84958,38.69,0.19,0.189,-0.4,Built-up,0.208,36.71,41.4,2.55,High,18,5480.0,0.548,149.1,0.466,2640.0,0.264,2026-05-31,"POLYGON ((73.849109 18.537828, 73.850057 18.537834, 73.850051 18.538738, 73.849103 18.538732, 73.849109 18.537828))"
PUNE_GRID_100M_1780,18.539187,73.849574,38.33,0.23,0.168,-0.383,Built-up,0.206,36.78,44.0,2.6,High,24,5240.0,0.524,130.2,0.407,2660.0,0.266,2026-05-31,"POLYGON ((73.849103 18.538732, 73.850051 18.538738, 73.850044 18.539641, 73.849097 18.539635, 73.849103 18.538732))"
PUNE_GRID_100M_1781,18.54009,73.849568,37.61,0.273,0.148,-0.4,Built-up,0.179,35.94,46.4,2.31,High,20,4780.0,0.478,129.9,0.406,3120.0,0.312,2026-05-31,"POLYGON ((73.849097 18.539635, 73.850044 18.539641, 73.850038 18.540545, 73.849091 18.540539, 73.849097 18.539635))"
PUNE_GRID_100M_1782,18.540994,73.849562,38.51,0.188,0.148,-0.4,Built-up,0.214,36.39,45.3,2.9,High,17,5340.0,0.534,115.8,0.362,2660.0,0.266,2026-05-31,"POLYGON ((73.849091 18.540539, 73.850038 18.540545, 73.850032 18.541448, 73.849085 18.541443, 73.849091 18.540539))"
PUNE_GRID_100M_1783,18.541897,73.849556,37.22,0.268,0.119,-0.4,Built-up,0.223,35.55,44.2,2.65,Medium,14,4530.0,0.453,103.4,0.323,3700.0,0.37,2026-05-31,"POLYGON ((73.849085 18.541443, 73.850032 18.541448, 73.850026 18.542352, 73.849079 18.542346, 73.849085 18.541443))"
PUNE_GRID_100M_1784,18.542801,73.84955,38.88,0.265,0.222,-0.4,Built-up,0.192,36.71,41.5,2.5,High,25,5560.0,0.556,124.2,0.388,2300.0,0.23,2026-05-31,"POLYGON ((73.849079 18.542346, 73.850026 18.542352, 73.85002 18.543256, 73.849073 18.54325, 73.849079 18.542346))"
PUNE_GRID_100M_1785,18.543705,73.849544,38.18,0.321,0.187,-0.4,Built-up,0.189,36.07,45.2,2.88,High,19,5120.0,0.512,127.0,0.397,2690.0,0.269,2026-05-31,"POLYGON ((73.849073 18.54325, 73.85002 18.543256, 73.850014 18.544159, 73.849067 18.544154, 73.849073 18.54325))"
PUNE_GRID_100M_1786,18.544608,73.849538,36.79,0.296,0.097,-0.4,Built-up,0.209,35.74,47.6,2.32,Medium,20,4240.0,0.424,97.3,0.304,4330.0,0.433,2026-05-31,"POLYGON ((73.849067 18.544154, 73.850014 18.544159, 73.850008 18.545063, 73.849061 18.545057, 73.849067 18.544154))"
PUNE_GRID_100M_1787,18.545512,73.849531,37.55,0.316,0.146,-0.359,Built-up,0.225,35.87,44.0,2.7,High,24,4710.0,0.471,122.2,0.382,3750.0,0.375,2026-05-31,"POLYGON ((73.849061 18.545057, 73.850008 18.545063, 73.850002 18.545967, 73.849055 18.545961, 73.849061 18.545057))"
PUNE_GRID_100M_1788,18.546416,73.849525,37.04,0.227,0.092,-0.4,Built-up,0.253,35.46,44.2,2.99,Medium,14,4390.0,0.439,93.4,0.292,3130.0,0.313,2026-05-31,"POLYGON ((73.849055 18.545961, 73.850002 18.545967, 73.849996 18.54687, 73.849049 18.546864, 73.849055 18.545961))"
PUNE_GRID_100M_1789,18.547319,73.849519,37.74,0.305,0.169,-0.4,Built-up,0.23,36.03,44.0,2.75,High,16,4820.0,0.482,116.2,0.363,3100.0,0.31,2026-05-31,"POLYGON ((73.849049 18.546864, 73.849996 18.54687, 73.84999 18.547774, 73.849043 18.547768, 73.849049 18.546864))"
PUNE_GRID_100M_1790,18.548223,73.849513,38.4,0.224,0.176,-0.4,Built-up,0.188,37.27,45.1,2.72,High,18,5220.0,0.522,134.1,0.419,2250.0,0.225,2026-05-31,"POLYGON ((73.849043 18.547768, 73.84999 18.547774, 73.849984 18.548678, 73.849037 18.548672, 73.849043 18.547768))"
PUNE_GRID_100M_1791,18.549126,73.849507,35.67,0.364,0.047,-0.369,Built-up,0.244,34.13,48.3,2.81,Medium,18,3510.0,0.351,57.9,0.181,4820.0,0.482,2026-05-31,"POLYGON ((73.849037 18.548672, 73.849984 18.548678, 73.849978 18.549581, 73.849031 18.549575, 73.849037 18.548672))"
PUNE_GRID_100M_1792,18.55003,73.849501,37.1,0.292,0.109,-0.4,Built-up,0.21,35.22,43.5,2.51,Medium,14,4400.0,0.44,132.8,0.415,3520.0,0.352,2026-05-31,"POLYGON ((73.849031 18.549575, 73.849978 18.549581, 73.849972 18.550485, 73.849024 18.550479, 73.849031 18.549575))"
PUNE_GRID_100M_1793,18.500336,73.850781,38.61,0.301,0.186,-0.4,Built-up,0.198,36.11,41.9,2.77,High,22,5410.0,0.541,126.1,0.394,2680.0,0.268,2026-05-31,"POLYGON ((73.85031 18.499881, 73.851257 18.499887, 73.851251 18.500791, 73.850304 18.500785, 73.85031 18.499881))"
PUNE_GRID_100M_1794,18.50124,73.850775,39.43,0.185,0.211,-0.361,Built-up,0.195,37.03,47.0,2.58,High,26,5930.0,0.593,116.5,0.364,1930.0,0.193,2026-05-31,"POLYGON ((73.850304 18.500785, 73.851251 18.500791, 73.851245 18.501694, 73.850298 18.501689, 73.850304 18.500785))"
PUNE_GRID_100M_1795,18.502143,73.850769,39.22,0.252,0.235,-0.4,Built-up,0.208,37.03,43.4,2.52,High,22,5800.0,0.58,141.1,0.441,1110.0,0.111,2026-05-31,"POLYGON ((73.850298 18.501689, 73.851245 18.501694, 73.851239 18.502598, 73.850292 18.502592, 73.850298 18.501689))"
PUNE_GRID_100M_1796,18.503047,73.850763,38.6,0.238,0.175,-0.4,Built-up,0.223,36.38,44.5,2.5,High,28,5420.0,0.542,130.6,0.408,1970.0,0.197,2026-05-31,"POLYGON ((73.850292 18.502592, 73.851239 18.502598, 73.851233 18.503502, 73.850286 18.503496, 73.850292 18.502592))"
PUNE_GRID_100M_1797,18.503951,73.850757,39.1,0.225,0.257,-0.4,Built-up,0.192,36.71,42.7,2.53,High,20,5740.0,0.574,136.6,0.427,2340.0,0.234,2026-05-31,"POLYGON ((73.850286 18.503496, 73.851233 18.503502, 73.851227 18.504405, 73.85028 18.5044, 73.850286 18.503496))"
PUNE_GRID_100M_1798,18.504854,73.850751,38.87,0.232,0.243,-0.4,Built-up,0.195,36.75,44.6,2.63,High,21,5600.0,0.56,147.2,0.46,920.0,0.092,2026-05-31,"POLYGON ((73.85028 18.5044, 73.851227 18.504405, 73.851221 18.505309, 73.850274 18.505303, 73.85028 18.5044))"
PUNE_GRID_100M_1799,18.505758,73.850745,40.52,0.148,0.247,-0.384,Built-up,0.203,37.71,44.0,2.46,High,32,6640.0,0.664,169.0,0.528,1250.0,0.125,2026-05-31,"POLYGON ((73.850274 18.505303, 73.851221 18.505309, 73.851215 18.506213, 73.850268 18.506207, 73.850274 18.505303))"
PUNE_GRID_100M_1800,18.506662,73.850739,39.82,0.206,0.244,-0.4,Built-up,0.205,37.47,43.6,2.18,High,30,6210.0,0.621,153.0,0.478,1560.0,0.156,2026-05-31,"POLYGON ((73.850268 18.506207, 73.851215 18.506213, 73.851209 18.507116, 73.850262 18.50711, 73.850268 18.506207))"
PUNE_GRID_100M_1801,18.507565,73.850733,41.47,0.146,0.297,-0.4,Built-up,0.204,38.86,44.4,2.54,Extreme,35,7250.0,0.725,179.8,0.562,590.0,0.059,2026-05-31,"POLYGON ((73.850262 18.50711, 73.851209 18.507116, 73.851203 18.50802, 73.850256 18.508014, 73.850262 18.50711))"
PUNE_GRID_100M_1802,18.508469,73.850726,40.05,0.208,0.242,-0.4,Built-up,0.177,37.74,42.5,2.5,High,33,6370.0,0.637,151.7,0.474,1130.0,0.113,2026-05-31,"POLYGON ((73.850256 18.508014, 73.851203 18.50802, 73.851197 18.508923, 73.85025 18.508918, 73.850256 18.508014))"
PUNE_GRID_100M_1803,18.509372,73.85072,39.68,0.215,0.296,-0.397,Built-up,0.187,37.54,42.9,2.42,High,23,6140.0,0.614,170.2,0.532,440.0,0.044,2026-05-31,"POLYGON ((73.85025 18.508918, 73.851197 18.508923, 73.851191 18.509827, 73.850244 18.509821, 73.85025 18.508918))"
PUNE_GRID_100M_1804,18.510276,73.850714,39.17,0.261,0.203,-0.4,Built-up,0.187,37.24,44.0,2.57,High,19,5830.0,0.583,121.0,0.378,2210.0,0.221,2026-05-31,"POLYGON ((73.850244 18.509821, 73.851191 18.509827, 73.851185 18.510731, 73.850238 18.510725, 73.850244 18.509821))"
PUNE_GRID_100M_1805,18.51118,73.850708,39.08,0.269,0.219,-0.4,Built-up,0.2,36.94,44.4,2.34,High,31,5780.0,0.578,140.5,0.439,2410.0,0.241,2026-05-31,"POLYGON ((73.850238 18.510725, 73.851185 18.510731, 73.851179 18.511634, 73.850232 18.511629, 73.850238 18.510725))"
PUNE_GRID_100M_1806,18.512083,73.850702,39.39,0.179,0.239,-0.396,Built-up,0.194,37.03,43.8,2.53,High,32,5980.0,0.598,144.3,0.451,2040.0,0.204,2026-05-31,"POLYGON ((73.850232 18.511629, 73.851179 18.511634, 73.851173 18.512538, 73.850226 18.512532, 73.850232 18.511629))"
PUNE_GRID_100M_1807,18.512987,73.850696,41.0,0.2,0.265,-0.4,Built-up,0.192,37.97,40.3,2.57,Extreme,26,6990.0,0.699,178.2,0.557,200.0,0.02,2026-05-31,"POLYGON ((73.850226 18.512532, 73.851173 18.512538, 73.851167 18.513442, 73.85022 18.513436, 73.850226 18.512532))"
PUNE_GRID_100M_1808,18.513891,73.85069,41.31,0.107,0.283,-0.4,Built-up,0.177,38.3,42.4,2.38,Extreme,24,7190.0,0.719,161.6,0.505,330.0,0.033,2026-05-31,"POLYGON ((73.85022 18.513436, 73.851167 18.513442, 73.851161 18.514345, 73.850214 18.51434, 73.85022 18.513436))"
PUNE_GRID_100M_1809,18.514794,73.850684,39.75,0.232,0.203,-0.4,Built-up,0.181,37.17,42.6,2.1,High,27,6220.0,0.622,127.0,0.397,1380.0,0.138,2026-05-31,"POLYGON ((73.850214 18.51434, 73.851161 18.514345, 73.851155 18.515249, 73.850208 18.515243, 73.850214 18.51434))"
PUNE_GRID_100M_1810,18.515698,73.850678,41.84,0.16,0.306,-0.4,Built-up,0.154,39.01,40.7,2.2,Extreme,32,7530.0,0.753,182.7,0.571,200.0,0.02,2026-05-31,"POLYGON ((73.850208 18.515243, 73.851155 18.515249, 73.851149 18.516153, 73.850202 18.516147, 73.850208 18.515243))"
PUNE_GRID_100M_1811,18.516601,73.850672,40.83,0.094,0.202,-0.4,Built-up,0.202,38.19,42.4,2.46,High,26,6900.0,0.69,169.3,0.529,900.0,0.09,2026-05-31,"POLYGON ((73.850202 18.516147, 73.851149 18.516153, 73.851143 18.517056, 73.850196 18.51705, 73.850202 18.516147))"
PUNE_GRID_100M_1812,18.517505,73.850666,41.41,0.154,0.33,-0.4,Built-up,0.174,38.7,40.4,1.9,Extreme,33,7270.0,0.727,193.6,0.605,200.0,0.02,2026-05-31,"POLYGON ((73.850196 18.51705, 73.851143 18.517056, 73.851137 18.51796, 73.850189 18.517954, 73.850196 18.51705))"
PUNE_GRID_100M_1813,18.518409,73.85066,42.65,0.089,0.431,-0.4,Built-up,0.152,39.01,39.2,2.11,Extreme,43,8040.0,0.804,176.6,0.552,200.0,0.02,2026-05-31,"POLYGON ((73.850189 18.517954, 73.851137 18.51796, 73.851131 18.518863, 73.850183 18.518858, 73.850189 18.517954))"
PUNE_GRID_100M_1814,18.519312,73.850654,42.11,0.096,0.349,-0.4,Built-up,0.197,39.41,37.4,2.12,Extreme,27,7710.0,0.771,199.7,0.624,200.0,0.02,2026-05-31,"POLYGON ((73.850183 18.518858, 73.851131 18.518863, 73.851125 18.519767, 73.850177 18.519761, 73.850183 18.518858))"
PUNE_GRID_100M_1815,18.520216,73.850648,41.2,0.212,0.262,-0.4,Built-up,0.18,38.21,44.7,2.01,Extreme,26,7140.0,0.714,201.6,0.63,200.0,0.02,2026-05-31,"POLYGON ((73.850177 18.519761, 73.851125 18.519767, 73.851119 18.520671, 73.850171 18.520665, 73.850177 18.519761))"
PUNE_GRID_100M_1816,18.52112,73.850642,40.69,0.15,0.262,-0.4,Built-up,0.214,37.65,43.3,2.36,High,26,6820.0,0.682,158.7,0.496,750.0,0.075,2026-05-31,"POLYGON ((73.850171 18.520665, 73.851119 18.520671, 73.851113 18.521574, 73.850165 18.521569, 73.850171 18.520665))"
PUNE_GRID_100M_1817,18.522023,73.850636,39.65,0.18,0.22,-0.372,Built-up,0.225,37.12,43.1,2.26,High,21,6170.0,0.617,131.5,0.411,2060.0,0.206,2026-05-31,"POLYGON ((73.850165 18.521569, 73.851113 18.521574, 73.851107 18.522478, 73.850159 18.522472, 73.850165 18.521569))"
PUNE_GRID_100M_1818,18.522927,73.85063,40.74,0.177,0.253,-0.4,Built-up,0.165,38.76,41.4,2.06,High,24,6850.0,0.685,159.0,0.497,590.0,0.059,2026-05-31,"POLYGON ((73.850159 18.522472, 73.851107 18.522478, 73.851101 18.523382, 73.850153 18.523376, 73.850159 18.522472))"
PUNE_GRID_100M_1819,18.523831,73.850624,41.08,0.19,0.324,-0.4,Built-up,0.183,38.14,37.8,2.33,Extreme,33,7060.0,0.706,169.6,0.53,200.0,0.02,2026-05-31,"POLYGON ((73.850153 18.523376, 73.851101 18.523382, 73.851094 18.524285, 73.850147 18.524279, 73.850153 18.523376))"
PUNE_GRID_100M_1820,18.524734,73.850618,40.37,0.181,0.291,-0.4,Built-up,0.182,37.66,41.6,2.19,High,28,6610.0,0.661,165.8,0.518,1170.0,0.117,2026-05-31,"POLYGON ((73.850147 18.524279, 73.851094 18.524285, 73.851088 18.525189, 73.850141 18.525183, 73.850147 18.524279))"
PUNE_GRID_100M_1821,18.525638,73.850612,40.95,0.213,0.258,-0.4,Built-up,0.15,38.11,43.3,2.06,High,35,6970.0,0.697,159.7,0.499,1210.0,0.121,2026-05-31,"POLYGON ((73.850141 18.525183, 73.851088 18.525189, 73.851082 18.526093, 73.850135 18.526087, 73.850141 18.525183))"
PUNE_GRID_100M_1822,18.526541,73.850606,41.0,0.186,0.317,-0.4,Built-up,0.161,38.16,43.6,2.12,Extreme,35,7000.0,0.7,187.8,0.587,200.0,0.02,2026-05-31,"POLYGON ((73.850135 18.526087, 73.851082 18.526093, 73.851076 18.526996, 73.850129 18.52699, 73.850135 18.526087))"
PUNE_GRID_100M_1823,18.527445,73.8506,40.64,0.09,0.325,-0.4,Built-up,0.193,37.71,43.5,2.37,High,24,6770.0,0.677,148.2,0.463,650.0,0.065,2026-05-31,"POLYGON ((73.850129 18.52699, 73.851076 18.526996, 73.85107 18.5279, 73.850123 18.527894, 73.850129 18.52699))"
PUNE_GRID_100M_1824,18.528349,73.850594,40.18,0.173,0.315,-0.4,Built-up,0.214,37.67,43.1,2.49,High,21,6470.0,0.647,133.1,0.416,1490.0,0.149,2026-05-31,"POLYGON ((73.850123 18.527894, 73.85107 18.5279, 73.851064 18.528803, 73.850117 18.528798, 73.850123 18.527894))"
PUNE_GRID_100M_1825,18.529252,73.850588,40.7,0.153,0.367,-0.4,Built-up,0.187,38.31,44.4,2.23,High,21,6790.0,0.679,177.3,0.554,1200.0,0.12,2026-05-31,"POLYGON ((73.850117 18.528798, 73.851064 18.528803, 73.851058 18.529707, 73.850111 18.529701, 73.850117 18.528798))"
PUNE_GRID_100M_1826,18.530156,73.850582,40.78,0.192,0.258,-0.4,Built-up,0.198,38.14,41.9,2.45,High,25,6840.0,0.684,135.0,0.422,690.0,0.069,2026-05-31,"POLYGON ((73.850111 18.529701, 73.851058 18.529707, 73.851052 18.530611, 73.850105 18.530605, 73.850111 18.529701))"
PUNE_GRID_100M_1827,18.53106,73.850576,39.41,0.116,0.308,-0.4,Built-up,0.184,36.75,45.1,2.69,High,29,5980.0,0.598,140.8,0.44,1170.0,0.117,2026-05-31,"POLYGON ((73.850105 18.530605, 73.851052 18.530611, 73.851046 18.531514, 73.850099 18.531509, 73.850105 18.530605))"
PUNE_GRID_100M_1828,18.531963,73.85057,41.27,0.258,0.297,-0.4,Built-up,0.212,38.29,41.4,2.14,Extreme,36,7130.0,0.713,210.9,0.659,200.0,0.02,2026-05-31,"POLYGON ((73.850099 18.531509, 73.851046 18.531514, 73.85104 18.532418, 73.850093 18.532412, 73.850099 18.531509))"
PUNE_GRID_100M_1829,18.532867,73.850563,39.92,0.224,0.229,-0.4,Built-up,0.231,37.28,41.7,2.49,High,21,6280.0,0.628,150.7,0.471,1630.0,0.163,2026-05-31,"POLYGON ((73.850093 18.532412, 73.85104 18.532418, 73.851034 18.533322, 73.850087 18.533316, 73.850093 18.532412))"
PUNE_GRID_100M_1830,18.53377,73.850557,39.87,0.211,0.254,-0.4,Built-up,0.185,37.42,41.6,2.61,High,23,6240.0,0.624,135.4,0.423,1490.0,0.149,2026-05-31,"POLYGON ((73.850087 18.533316, 73.851034 18.533322, 73.851028 18.534225, 73.850081 18.534219, 73.850087 18.533316))"
PUNE_GRID_100M_1831,18.534674,73.850551,40.27,0.238,0.245,-0.4,Built-up,0.166,38.09,41.2,2.45,High,24,6490.0,0.649,154.9,0.484,830.0,0.083,2026-05-31,"POLYGON ((73.850081 18.534219, 73.851028 18.534225, 73.851022 18.535129, 73.850075 18.535123, 73.850081 18.534219))"
PUNE_GRID_100M_1832,18.535578,73.850545,39.74,0.303,0.25,-0.4,Built-up,0.164,37.27,44.2,2.74,High,21,6150.0,0.615,146.9,0.459,1870.0,0.187,2026-05-31,"POLYGON ((73.850075 18.535123, 73.851022 18.535129, 73.851016 18.536032, 73.850069 18.536027, 73.850075 18.535123))"
PUNE_GRID_100M_1833,18.536481,73.850539,40.16,0.229,0.218,-0.4,Built-up,0.221,37.59,41.8,2.96,High,23,6410.0,0.641,155.8,0.487,1340.0,0.134,2026-05-31,"POLYGON ((73.850069 18.536027, 73.851016 18.536032, 73.85101 18.536936, 73.850063 18.53693, 73.850069 18.536027))"
PUNE_GRID_100M_1834,18.537385,73.850533,39.48,0.256,0.219,-0.4,Built-up,0.2,37.67,41.9,2.61,High,20,5980.0,0.598,152.0,0.475,1290.0,0.129,2026-05-31,"POLYGON ((73.850063 18.53693, 73.85101 18.536936, 73.851004 18.53784, 73.850057 18.537834, 73.850063 18.53693))"
PUNE_GRID_100M_1835,18.538289,73.850527,38.6,0.254,0.226,-0.4,Built-up,0.202,36.78,45.2,2.52,High,28,5420.0,0.542,116.8,0.365,2500.0,0.25,2026-05-31,"POLYGON ((73.850057 18.537834, 73.851004 18.53784, 73.850998 18.538743, 73.850051 18.538738, 73.850057 18.537834))"
PUNE_GRID_100M_1836,18.539192,73.850521,39.23,0.221,0.214,-0.4,Built-up,0.175,37.13,44.1,2.79,High,20,5810.0,0.581,161.0,0.503,1140.0,0.114,2026-05-31,"POLYGON ((73.850051 18.538738, 73.850998 18.538743, 73.850992 18.539647, 73.850044 18.539641, 73.850051 18.538738))"
PUNE_GRID_100M_1837,18.540096,73.850515,37.87,0.256,0.158,-0.4,Built-up,0.2,36.6,46.1,2.79,High,16,4950.0,0.495,121.9,0.381,3180.0,0.318,2026-05-31,"POLYGON ((73.850044 18.539641, 73.850992 18.539647, 73.850986 18.540551, 73.850038 18.540545, 73.850044 18.539641))"
PUNE_GRID_100M_1838,18.541,73.850509,38.72,0.212,0.207,-0.4,Built-up,0.198,36.75,44.8,2.14,High,24,5470.0,0.547,140.5,0.439,2110.0,0.211,2026-05-31,"POLYGON ((73.850038 18.540545, 73.850986 18.540551, 73.85098 18.541454, 73.850032 18.541448, 73.850038 18.540545))"
PUNE_GRID_100M_1839,18.541903,73.850503,38.45,0.227,0.215,-0.4,Built-up,0.204,35.82,43.1,2.67,High,19,5300.0,0.53,119.0,0.372,2410.0,0.241,2026-05-31,"POLYGON ((73.850032 18.541448, 73.85098 18.541454, 73.850974 18.542358, 73.850026 18.542352, 73.850032 18.541448))"
PUNE_GRID_100M_1840,18.542807,73.850497,38.15,0.211,0.117,-0.38,Built-up,0.213,36.45,44.6,2.62,High,22,5110.0,0.511,139.2,0.435,2570.0,0.257,2026-05-31,"POLYGON ((73.850026 18.542352, 73.850974 18.542358, 73.850968 18.543261, 73.85002 18.543256, 73.850026 18.542352))"
PUNE_GRID_100M_1841,18.54371,73.850491,38.06,0.265,0.18,-0.4,Built-up,0.192,35.66,44.7,2.8,High,16,5040.0,0.504,117.8,0.368,2870.0,0.287,2026-05-31,"POLYGON ((73.85002 18.543256, 73.850968 18.543261, 73.850962 18.544165, 73.850014 18.544159, 73.85002 18.543256))"
PUNE_GRID_100M_1842,18.544614,73.850485,36.49,0.255,0.084,-0.356,Built-up,0.213,35.18,44.4,2.71,Medium,21,4060.0,0.406,101.1,0.316,4350.0,0.435,2026-05-31,"POLYGON ((73.850014 18.544159, 73.850962 18.544165, 73.850956 18.545069, 73.850008 18.545063, 73.850014 18.544159))"
PUNE_GRID_100M_1843,18.545518,73.850479,37.4,0.299,0.138,-0.4,Built-up,0.233,35.17,43.4,2.76,Medium,17,4620.0,0.462,98.9,0.309,3690.0,0.369,2026-05-31,"POLYGON ((73.850008 18.545063, 73.850956 18.545069, 73.85095 18.545972, 73.850002 18.545967, 73.850008 18.545063))"
PUNE_GRID_100M_1844,18.546421,73.850473,37.76,0.277,0.181,-0.4,Built-up,0.211,35.79,43.8,2.63,High,23,4840.0,0.484,103.4,0.323,3130.0,0.313,2026-05-31,"POLYGON ((73.850002 18.545967, 73.85095 18.545972, 73.850943 18.546876, 73.849996 18.54687, 73.850002 18.545967))"
PUNE_GRID_100M_1845,18.547325,73.850467,37.65,0.288,0.108,-0.395,Built-up,0.23,35.75,47.9,2.98,High,17,4760.0,0.476,123.2,0.385,3390.0,0.339,2026-05-31,"POLYGON ((73.849996 18.54687, 73.850943 18.546876, 73.850937 18.54778, 73.84999 18.547774, 73.849996 18.54687))"
PUNE_GRID_100M_1846,18.548229,73.850461,36.54,0.3,0.064,-0.4,Built-up,0.215,34.85,45.1,3.19,Medium,19,4060.0,0.406,91.8,0.287,4240.0,0.424,2026-05-31,"POLYGON ((73.84999 18.547774, 73.850937 18.54778, 73.850931 18.548683, 73.849984 18.548678, 73.84999 18.547774))"
PUNE_GRID_100M_1847,18.549132,73.850455,38.22,0.385,0.112,-0.4,Built-up,0.176,36.15,46.3,2.71,High,23,5100.0,0.51,111.4,0.348,2690.0,0.269,2026-05-31,"POLYGON ((73.849984 18.548678, 73.850931 18.548683, 73.850925 18.549587, 73.849978 18.549581, 73.849984 18.548678))"
PUNE_GRID_100M_1848,18.550036,73.850449,36.36,0.382,0.07,-0.392,Built-up,0.22,35.26,45.2,2.63,Medium,15,3930.0,0.393,86.1,0.269,4210.0,0.421,2026-05-31,"POLYGON ((73.849978 18.549581, 73.850925 18.549587, 73.850919 18.550491, 73.849972 18.550485, 73.849978 18.549581))"
PUNE_GRID_100M_1849,18.500342,73.851728,39.56,0.166,0.27,-0.377,Built-up,0.178,36.98,44.7,2.62,High,19,6000.0,0.6,153.0,0.478,1510.0,0.151,2026-05-31,"POLYGON ((73.851257 18.499887, 73.852204 18.499893, 73.852198 18.500797, 73.851251 18.500791, 73.851257 18.499887))"
PUNE_GRID_100M_1850,18.501245,73.851722,39.28,0.235,0.214,-0.4,Built-up,0.207,37.16,44.9,2.59,High,27,5840.0,0.584,132.2,0.413,2120.0,0.212,2026-05-31,"POLYGON ((73.851251 18.500791, 73.852198 18.500797, 73.852192 18.5017, 73.851245 18.501694, 73.851251 18.500791))"
PUNE_GRID_100M_1851,18.502149,73.851716,38.58,0.225,0.146,-0.324,Built-up,0.263,36.22,45.6,2.8,High,27,5410.0,0.541,128.3,0.401,2240.0,0.224,2026-05-31,"POLYGON ((73.851245 18.501694, 73.852192 18.5017, 73.852186 18.502604, 73.851239 18.502598, 73.851245 18.501694))"
PUNE_GRID_100M_1852,18.503053,73.85171,40.67,0.136,0.266,-0.4,Built-up,0.203,37.91,43.0,2.3,High,23,6720.0,0.672,161.6,0.505,610.0,0.061,2026-05-31,"POLYGON ((73.851239 18.502598, 73.852186 18.502604, 73.85218 18.503507, 73.851233 18.503502, 73.851239 18.502598))"
PUNE_GRID_100M_1853,18.503956,73.851704,38.45,0.201,0.136,-0.4,Built-up,0.257,36.51,46.3,2.41,High,21,5340.0,0.534,103.7,0.324,3480.0,0.348,2026-05-31,"POLYGON ((73.851233 18.503502, 73.85218 18.503507, 73.852174 18.504411, 73.851227 18.504405, 73.851233 18.503502))"
PUNE_GRID_100M_1854,18.50486,73.851698,40.3,0.207,0.23,-0.4,Built-up,0.207,37.41,43.3,2.06,High,21,6500.0,0.65,137.3,0.429,1590.0,0.159,2026-05-31,"POLYGON ((73.851227 18.504405, 73.852174 18.504411, 73.852168 18.505315, 73.851221 18.505309, 73.851227 18.504405))"
PUNE_GRID_100M_1855,18.505764,73.851692,40.52,0.155,0.285,-0.4,Built-up,0.179,37.47,45.2,2.74,High,33,6640.0,0.664,163.5,0.511,520.0,0.052,2026-05-31,"POLYGON ((73.851221 18.505309, 73.852168 18.505315, 73.852162 18.506218, 73.851215 18.506213, 73.851221 18.505309))"
PUNE_GRID_100M_1856,18.506667,73.851686,39.33,0.262,0.185,-0.4,Built-up,0.212,37.18,41.1,2.49,High,21,5910.0,0.591,132.5,0.414,2080.0,0.208,2026-05-31,"POLYGON ((73.851215 18.506213, 73.852162 18.506218, 73.852156 18.507122, 73.851209 18.507116, 73.851215 18.506213))"
PUNE_GRID_100M_1857,18.507571,73.85168,41.13,0.2,0.334,-0.4,Built-up,0.207,38.63,42.6,2.32,Extreme,33,7040.0,0.704,182.4,0.57,300.0,0.03,2026-05-31,"POLYGON ((73.851209 18.507116, 73.852156 18.507122, 73.85215 18.508026, 73.851203 18.50802, 73.851209 18.507116))"
PUNE_GRID_100M_1858,18.508475,73.851674,39.97,0.256,0.247,-0.4,Built-up,0.223,37.46,43.4,2.12,High,31,6320.0,0.632,164.2,0.513,1300.0,0.13,2026-05-31,"POLYGON ((73.851203 18.50802, 73.85215 18.508026, 73.852144 18.508929, 73.851197 18.508923, 73.851203 18.50802))"
PUNE_GRID_100M_1859,18.509378,73.851668,40.55,0.147,0.277,-0.4,Built-up,0.182,37.75,41.2,2.12,High,24,6690.0,0.669,169.9,0.531,770.0,0.077,2026-05-31,"POLYGON ((73.851197 18.508923, 73.852144 18.508929, 73.852138 18.509833, 73.851191 18.509827, 73.851197 18.508923))"
PUNE_GRID_100M_1860,18.510282,73.851662,40.67,0.196,0.272,-0.366,Built-up,0.195,38.02,43.3,2.42,High,25,6770.0,0.677,185.9,0.581,960.0,0.096,2026-05-31,"POLYGON ((73.851191 18.509827, 73.852138 18.509833, 73.852132 18.510737, 73.851185 18.510731, 73.851191 18.509827))"
PUNE_GRID_100M_1861,18.511185,73.851656,40.5,0.208,0.296,-0.4,Built-up,0.165,37.87,40.4,2.09,High,23,6670.0,0.667,159.0,0.497,980.0,0.098,2026-05-31,"POLYGON ((73.851185 18.510731, 73.852132 18.510737, 73.852126 18.51164, 73.851179 18.511634, 73.851185 18.510731))"
PUNE_GRID_100M_1862,18.512089,73.85165,41.4,0.132,0.336,-0.4,Built-up,0.192,38.55,40.9,2.31,Extreme,32,7240.0,0.724,182.1,0.569,200.0,0.02,2026-05-31,"POLYGON ((73.851179 18.511634, 73.852126 18.51164, 73.85212 18.512544, 73.851173 18.512538, 73.851179 18.511634))"
PUNE_GRID_100M_1863,18.512993,73.851644,41.52,0.116,0.328,-0.4,Built-up,0.204,37.81,38.8,2.68,Extreme,30,7320.0,0.732,168.3,0.526,520.0,0.052,2026-05-31,"POLYGON ((73.851173 18.512538, 73.85212 18.512544, 73.852114 18.513447, 73.851167 18.513442, 73.851173 18.512538))"
PUNE_GRID_100M_1864,18.513896,73.851637,39.62,0.278,0.25,-0.4,Built-up,0.196,36.91,45.6,2.18,High,25,6140.0,0.614,178.9,0.559,1280.0,0.128,2026-05-31,"POLYGON ((73.851167 18.513442, 73.852114 18.513447, 73.852108 18.514351, 73.851161 18.514345, 73.851167 18.513442))"
PUNE_GRID_100M_1865,18.5148,73.851631,42.18,0.133,0.342,-0.4,Built-up,0.168,38.77,40.9,2.03,Extreme,24,7750.0,0.775,211.5,0.661,200.0,0.02,2026-05-31,"POLYGON ((73.851161 18.514345, 73.852108 18.514351, 73.852102 18.515255, 73.851155 18.515249, 73.851161 18.514345))"
PUNE_GRID_100M_1866,18.515704,73.851625,39.93,0.228,0.263,-0.4,Built-up,0.198,37.5,46.3,2.28,High,28,6340.0,0.634,152.3,0.476,1360.0,0.136,2026-05-31,"POLYGON ((73.851155 18.515249, 73.852102 18.515255, 73.852096 18.516158, 73.851149 18.516153, 73.851155 18.515249))"
PUNE_GRID_100M_1867,18.516607,73.851619,42.18,0.091,0.338,-0.4,Built-up,0.185,39.08,42.5,1.95,Extreme,35,7760.0,0.776,191.0,0.597,200.0,0.02,2026-05-31,"POLYGON ((73.851149 18.516153, 73.852096 18.516158, 73.85209 18.517062, 73.851143 18.517056, 73.851149 18.516153))"
PUNE_GRID_100M_1868,18.517511,73.851613,42.35,0.069,0.356,-0.4,Built-up,0.177,39.34,41.8,2.52,Extreme,34,7860.0,0.786,206.1,0.644,200.0,0.02,2026-05-31,"POLYGON ((73.851143 18.517056, 73.85209 18.517062, 73.852084 18.517966, 73.851137 18.51796, 73.851143 18.517056))"
PUNE_GRID_100M_1869,18.518415,73.851607,40.64,0.155,0.271,-0.4,Built-up,0.194,38.03,41.6,2.44,High,26,6800.0,0.68,161.3,0.504,450.0,0.045,2026-05-31,"POLYGON ((73.851137 18.51796, 73.852084 18.517966, 73.852078 18.518869, 73.851131 18.518863, 73.851137 18.51796))"
PUNE_GRID_100M_1870,18.519318,73.851601,41.23,0.152,0.292,-0.4,Built-up,0.185,37.97,40.4,2.12,Extreme,33,7170.0,0.717,163.5,0.511,200.0,0.02,2026-05-31,"POLYGON ((73.851131 18.518863, 73.852078 18.518869, 73.852072 18.519773, 73.851125 18.519767, 73.851131 18.518863))"
PUNE_GRID_100M_1871,18.520222,73.851595,40.7,0.133,0.261,-0.4,Built-up,0.208,38.42,43.2,1.97,High,22,6830.0,0.683,175.0,0.547,200.0,0.02,2026-05-31,"POLYGON ((73.851125 18.519767, 73.852072 18.519773, 73.852066 18.520676, 73.851119 18.520671, 73.851125 18.519767))"
PUNE_GRID_100M_1872,18.521125,73.851589,41.4,0.151,0.327,-0.4,Built-up,0.192,38.86,41.8,2.07,Extreme,33,7270.0,0.727,175.4,0.548,200.0,0.02,2026-05-31,"POLYGON ((73.851119 18.520671, 73.852066 18.520676, 73.85206 18.52158, 73.851113 18.521574, 73.851119 18.520671))"
PUNE_GRID_100M_1873,18.522029,73.851583,41.29,0.087,0.347,-0.4,Built-up,0.163,38.03,40.0,2.1,Extreme,23,7200.0,0.72,175.0,0.547,200.0,0.02,2026-05-31,"POLYGON ((73.851113 18.521574, 73.85206 18.52158, 73.852054 18.522484, 73.851107 18.522478, 73.851113 18.521574))"
PUNE_GRID_100M_1874,18.522933,73.851577,42.1,0.082,0.38,-0.4,Built-up,0.156,39.07,39.0,2.25,Extreme,39,7700.0,0.77,174.1,0.544,200.0,0.02,2026-05-31,"POLYGON ((73.851107 18.522478, 73.852054 18.522484, 73.852048 18.523387, 73.851101 18.523382, 73.851107 18.522478))"
PUNE_GRID_100M_1875,18.523836,73.851571,42.44,0.141,0.322,-0.4,Built-up,0.178,39.03,39.6,2.39,Extreme,29,7910.0,0.791,168.0,0.525,200.0,0.02,2026-05-31,"POLYGON ((73.851101 18.523382, 73.852048 18.523387, 73.852042 18.524291, 73.851094 18.524285, 73.851101 18.523382))"
PUNE_GRID_100M_1876,18.52474,73.851565,42.41,0.14,0.397,-0.4,Built-up,0.18,39.23,43.8,1.99,Extreme,25,7890.0,0.789,192.3,0.601,200.0,0.02,2026-05-31,"POLYGON ((73.851094 18.524285, 73.852042 18.524291, 73.852036 18.525195, 73.851088 18.525189, 73.851094 18.524285))"
PUNE_GRID_100M_1877,18.525644,73.851559,40.73,0.159,0.273,-0.4,Built-up,0.193,38.33,45.7,2.42,High,33,6840.0,0.684,175.7,0.549,200.0,0.02,2026-05-31,"POLYGON ((73.851088 18.525189, 73.852036 18.525195, 73.85203 18.526098, 73.851082 18.526093, 73.851088 18.525189))"
PUNE_GRID_100M_1878,18.526547,73.851553,40.89,0.128,0.308,-0.362,Built-up,0.175,38.76,42.6,2.36,High,21,6930.0,0.693,163.5,0.511,1170.0,0.117,2026-05-31,"POLYGON ((73.851082 18.526093, 73.85203 18.526098, 73.852024 18.527002, 73.851076 18.526996, 73.851082 18.526093))"
PUNE_GRID_100M_1879,18.527451,73.851547,39.58,0.174,0.204,-0.4,Built-up,0.207,37.43,43.6,2.16,High,25,6110.0,0.611,165.1,0.516,1780.0,0.178,2026-05-31,"POLYGON ((73.851076 18.526996, 73.852024 18.527002, 73.852018 18.527906, 73.85107 18.5279, 73.851076 18.526996))"
PUNE_GRID_100M_1880,18.528354,73.851541,40.15,0.18,0.261,-0.4,Built-up,0.188,37.69,42.4,2.07,High,20,6460.0,0.646,145.9,0.456,1350.0,0.135,2026-05-31,"POLYGON ((73.85107 18.5279, 73.852018 18.527906, 73.852012 18.528809, 73.851064 18.528803, 73.85107 18.5279))"
PUNE_GRID_100M_1881,18.529258,73.851535,41.43,0.176,0.324,-0.4,Built-up,0.195,38.4,40.5,2.33,Extreme,26,7250.0,0.725,160.6,0.502,1010.0,0.101,2026-05-31,"POLYGON ((73.851064 18.528803, 73.852012 18.528809, 73.852006 18.529713, 73.851058 18.529707, 73.851064 18.528803))"
PUNE_GRID_100M_1882,18.530162,73.851529,41.8,0.174,0.286,-0.4,Built-up,0.194,38.81,43.6,2.12,Extreme,33,7480.0,0.748,178.6,0.558,200.0,0.02,2026-05-31,"POLYGON ((73.851058 18.529707, 73.852006 18.529713, 73.852 18.530616, 73.851052 18.530611, 73.851058 18.529707))"
PUNE_GRID_100M_1883,18.531065,73.851523,39.38,0.202,0.24,-0.4,Built-up,0.192,37.47,46.3,2.56,High,28,5960.0,0.596,142.1,0.444,2460.0,0.246,2026-05-31,"POLYGON ((73.851052 18.530611, 73.852 18.530616, 73.851994 18.53152, 73.851046 18.531514, 73.851052 18.530611))"
PUNE_GRID_100M_1884,18.531969,73.851517,39.74,0.163,0.279,-0.4,Built-up,0.193,37.3,41.9,2.16,High,27,6180.0,0.618,158.1,0.494,950.0,0.095,2026-05-31,"POLYGON ((73.851046 18.531514, 73.851994 18.53152, 73.851987 18.532424, 73.85104 18.532418, 73.851046 18.531514))"
PUNE_GRID_100M_1885,18.532873,73.851511,40.05,0.209,0.247,-0.4,Built-up,0.215,37.27,42.8,2.51,High,33,6370.0,0.637,143.0,0.447,1380.0,0.138,2026-05-31,"POLYGON ((73.85104 18.532418, 73.851987 18.532424, 73.851981 18.533327, 73.851034 18.533322, 73.85104 18.532418))"
PUNE_GRID_100M_1886,18.533776,73.851505,40.14,0.162,0.297,-0.4,Built-up,0.178,37.11,42.2,2.41,High,32,6420.0,0.642,171.5,0.536,460.0,0.046,2026-05-31,"POLYGON ((73.851034 18.533322, 73.851981 18.533327, 73.851975 18.534231, 73.851028 18.534225, 73.851034 18.533322))"
PUNE_GRID_100M_1887,18.53468,73.851499,39.12,0.21,0.205,-0.4,Built-up,0.209,37.04,43.1,2.34,High,29,5770.0,0.577,163.5,0.511,1700.0,0.17,2026-05-31,"POLYGON ((73.851028 18.534225, 73.851975 18.534231, 73.851969 18.535135, 73.851022 18.535129, 73.851028 18.534225))"
PUNE_GRID_100M_1888,18.535584,73.851493,39.95,0.255,0.273,-0.4,Built-up,0.19,37.54,44.8,2.46,High,26,6290.0,0.629,150.4,0.47,1450.0,0.145,2026-05-31,"POLYGON ((73.851022 18.535129, 73.851969 18.535135, 73.851963 18.536038, 73.851016 18.536032, 73.851022 18.535129))"
PUNE_GRID_100M_1889,18.536487,73.851487,39.08,0.265,0.142,-0.4,Built-up,0.221,36.66,41.8,2.72,High,19,5730.0,0.573,153.6,0.48,1770.0,0.177,2026-05-31,"POLYGON ((73.851016 18.536032, 73.851963 18.536038, 73.851957 18.536942, 73.85101 18.536936, 73.851016 18.536032))"
PUNE_GRID_100M_1890,18.537391,73.851481,39.29,0.231,0.291,-0.4,Built-up,0.178,37.31,44.3,2.29,High,29,5860.0,0.586,127.0,0.397,2230.0,0.223,2026-05-31,"POLYGON ((73.85101 18.536936, 73.851957 18.536942, 73.851951 18.537845, 73.851004 18.53784, 73.85101 18.536936))"
PUNE_GRID_100M_1891,18.538294,73.851475,39.58,0.164,0.276,-0.4,Built-up,0.192,37.08,44.4,2.48,High,30,6040.0,0.604,158.7,0.496,1510.0,0.151,2026-05-31,"POLYGON ((73.851004 18.53784, 73.851951 18.537845, 73.851945 18.538749, 73.850998 18.538743, 73.851004 18.53784))"
PUNE_GRID_100M_1892,18.539198,73.851469,38.99,0.244,0.196,-0.4,Built-up,0.221,36.75,43.6,2.44,High,20,5660.0,0.566,149.1,0.466,1730.0,0.173,2026-05-31,"POLYGON ((73.850998 18.538743, 73.851945 18.538749, 73.851939 18.539653, 73.850992 18.539647, 73.850998 18.538743))"
PUNE_GRID_100M_1893,18.540102,73.851462,38.48,0.296,0.122,-0.384,Built-up,0.204,36.43,45.6,2.6,High,25,5340.0,0.534,139.2,0.435,2130.0,0.213,2026-05-31,"POLYGON ((73.850992 18.539647, 73.851939 18.539653, 73.851933 18.540556, 73.850986 18.540551, 73.850992 18.539647))"
PUNE_GRID_100M_1894,18.541005,73.851456,38.59,0.234,0.195,-0.4,Built-up,0.185,36.41,44.3,2.5,High,27,5390.0,0.539,129.3,0.404,2720.0,0.272,2026-05-31,"POLYGON ((73.850986 18.540551, 73.851933 18.540556, 73.851927 18.54146, 73.85098 18.541454, 73.850986 18.540551))"
PUNE_GRID_100M_1895,18.541909,73.85145,38.44,0.309,0.136,-0.373,Built-up,0.196,36.48,46.1,2.31,High,26,5300.0,0.53,89.3,0.279,2600.0,0.26,2026-05-31,"POLYGON ((73.85098 18.541454, 73.851927 18.54146, 73.851921 18.542364, 73.850974 18.542358, 73.85098 18.541454))"
PUNE_GRID_100M_1896,18.542813,73.851444,38.06,0.32,0.176,-0.4,Built-up,0.191,36.49,42.3,2.48,High,16,5050.0,0.505,113.0,0.353,3260.0,0.326,2026-05-31,"POLYGON ((73.850974 18.542358, 73.851921 18.542364, 73.851915 18.543267, 73.850968 18.543261, 73.850974 18.542358))"
PUNE_GRID_100M_1897,18.543716,73.851438,37.99,0.337,0.172,-0.388,Built-up,0.218,35.75,44.1,3.04,High,16,5000.0,0.5,112.0,0.35,3440.0,0.344,2026-05-31,"POLYGON ((73.850968 18.543261, 73.851915 18.543267, 73.851909 18.544171, 73.850962 18.544165, 73.850968 18.543261))"
PUNE_GRID_100M_1898,18.54462,73.851432,39.32,0.236,0.191,-0.4,Built-up,0.185,37.17,43.4,2.79,High,25,5820.0,0.582,127.0,0.397,1320.0,0.132,2026-05-31,"POLYGON ((73.850962 18.544165, 73.851909 18.544171, 73.851903 18.545075, 73.850956 18.545069, 73.850962 18.544165))"
PUNE_GRID_100M_1899,18.545523,73.851426,38.33,0.282,0.208,-0.4,Built-up,0.198,36.38,40.3,2.81,High,19,5200.0,0.52,126.4,0.395,3070.0,0.307,2026-05-31,"POLYGON ((73.850956 18.545069, 73.851903 18.545075, 73.851897 18.545978, 73.85095 18.545972, 73.850956 18.545069))"
PUNE_GRID_100M_1900,18.546427,73.85142,37.48,0.345,0.161,-0.4,Built-up,0.22,35.78,43.4,2.74,Medium,18,4670.0,0.467,106.6,0.333,4160.0,0.416,2026-05-31,"POLYGON ((73.85095 18.545972, 73.851897 18.545978, 73.851891 18.546882, 73.850943 18.546876, 73.85095 18.545972))"
PUNE_GRID_100M_1901,18.547331,73.851414,38.12,0.284,0.195,-0.336,Built-up,0.211,36.45,43.3,2.81,High,18,5060.0,0.506,111.0,0.347,3000.0,0.3,2026-05-31,"POLYGON ((73.850943 18.546876, 73.851891 18.546882, 73.851885 18.547785, 73.850937 18.54778, 73.850943 18.546876))"
PUNE_GRID_100M_1902,18.548234,73.851408,37.13,0.28,0.121,-0.374,Built-up,0.212,35.51,46.7,2.76,Medium,16,4430.0,0.443,92.8,0.29,3940.0,0.394,2026-05-31,"POLYGON ((73.850937 18.54778, 73.851885 18.547785, 73.851879 18.548689, 73.850931 18.548683, 73.850937 18.54778))"
PUNE_GRID_100M_1903,18.549138,73.851402,38.18,0.246,0.126,-0.4,Built-up,0.22,36.37,43.4,2.98,High,18,5080.0,0.508,112.6,0.352,3280.0,0.328,2026-05-31,"POLYGON ((73.850931 18.548683, 73.851879 18.548689, 73.851873 18.549593, 73.850925 18.549587, 73.850931 18.548683))"
PUNE_GRID_100M_1904,18.550042,73.851396,37.38,0.301,0.161,-0.4,Built-up,0.213,35.88,43.9,2.92,Medium,21,4570.0,0.457,124.2,0.388,3160.0,0.316,2026-05-31,"POLYGON ((73.850925 18.549587, 73.851873 18.549593, 73.851867 18.550496, 73.850919 18.550491, 73.850925 18.549587))"
PUNE_GRID_100M_1905,18.500348,73.852675,38.73,0.193,0.185,-0.386,Built-up,0.203,36.46,45.2,2.38,High,29,5490.0,0.549,123.2,0.385,2430.0,0.243,2026-05-31,"POLYGON ((73.852204 18.499893, 73.853152 18.499899, 73.853146 18.500802, 73.852198 18.500797, 73.852204 18.499893))"
PUNE_GRID_100M_1906,18.501251,73.852669,39.34,0.217,0.179,-0.4,Built-up,0.205,37.13,41.1,2.64,High,24,5880.0,0.588,134.4,0.42,1330.0,0.133,2026-05-31,"POLYGON ((73.852198 18.500797, 73.853146 18.500802, 73.85314 18.501706, 73.852192 18.5017, 73.852198 18.500797))"
PUNE_GRID_100M_1907,18.502155,73.852663,37.88,0.318,0.195,-0.374,Built-up,0.238,35.94,41.6,2.07,High,16,4970.0,0.497,113.3,0.354,3020.0,0.302,2026-05-31,"POLYGON ((73.852192 18.5017, 73.85314 18.501706, 73.853134 18.50261, 73.852186 18.502604, 73.852192 18.5017))"
PUNE_GRID_100M_1908,18.503058,73.852657,38.39,0.169,0.241,-0.4,Built-up,0.209,36.33,43.7,2.62,High,20,5300.0,0.53,131.5,0.411,2670.0,0.267,2026-05-31,"POLYGON ((73.852186 18.502604, 73.853134 18.50261, 73.853128 18.503513, 73.85218 18.503507, 73.852186 18.502604))"
PUNE_GRID_100M_1909,18.503962,73.852651,38.5,0.314,0.181,-0.4,Built-up,0.245,36.35,42.0,2.23,High,18,5370.0,0.537,134.7,0.421,2570.0,0.257,2026-05-31,"POLYGON ((73.85218 18.503507, 73.853128 18.503513, 73.853122 18.504417, 73.852174 18.504411, 73.85218 18.503507))"
PUNE_GRID_100M_1910,18.504866,73.852645,39.72,0.255,0.302,-0.4,Built-up,0.178,37.45,41.1,2.46,High,19,6140.0,0.614,108.5,0.339,2270.0,0.227,2026-05-31,"POLYGON ((73.852174 18.504411, 73.853122 18.504417, 73.853115 18.50532, 73.852168 18.505315, 73.852174 18.504411))"
PUNE_GRID_100M_1911,18.505769,73.852639,41.15,0.141,0.304,-0.4,Built-up,0.184,38.33,42.9,2.22,Extreme,34,7040.0,0.704,182.1,0.569,200.0,0.02,2026-05-31,"POLYGON ((73.852168 18.505315, 73.853115 18.50532, 73.853109 18.506224, 73.852162 18.506218, 73.852168 18.505315))"
PUNE_GRID_100M_1912,18.506673,73.852633,41.71,0.162,0.316,-0.4,Built-up,0.163,38.82,42.9,2.43,Extreme,26,7400.0,0.74,195.8,0.612,200.0,0.02,2026-05-31,"POLYGON ((73.852162 18.506218, 73.853109 18.506224, 73.853103 18.507128, 73.852156 18.507122, 73.852162 18.506218))"
PUNE_GRID_100M_1913,18.507577,73.852627,40.59,0.179,0.258,-0.4,Built-up,0.181,37.91,43.7,2.52,High,24,6700.0,0.67,147.2,0.46,1680.0,0.168,2026-05-31,"POLYGON ((73.852156 18.507122, 73.853103 18.507128, 73.853097 18.508031, 73.85215 18.508026, 73.852156 18.507122))"
PUNE_GRID_100M_1914,18.50848,73.852621,40.63,0.227,0.327,-0.4,Built-up,0.21,37.46,44.2,2.68,High,21,6740.0,0.674,149.4,0.467,800.0,0.08,2026-05-31,"POLYGON ((73.85215 18.508026, 73.853097 18.508031, 73.853091 18.508935, 73.852144 18.508929, 73.85215 18.508026))"
PUNE_GRID_100M_1915,18.509384,73.852615,38.94,0.276,0.179,-0.338,Built-up,0.2,36.77,45.7,2.04,High,17,5690.0,0.569,130.9,0.409,2160.0,0.216,2026-05-31,"POLYGON ((73.852144 18.508929, 73.853091 18.508935, 73.853085 18.509839, 73.852138 18.509833, 73.852144 18.508929))"
PUNE_GRID_100M_1916,18.510288,73.852609,40.1,0.14,0.277,-0.4,Built-up,0.219,37.59,39.7,2.52,High,23,6420.0,0.642,144.3,0.451,1200.0,0.12,2026-05-31,"POLYGON ((73.852138 18.509833, 73.853085 18.509839, 73.853079 18.510742, 73.852132 18.510737, 73.852138 18.509833))"
PUNE_GRID_100M_1917,18.511191,73.852603,40.06,0.221,0.236,-0.4,Built-up,0.179,37.61,43.6,2.33,High,29,6400.0,0.64,156.5,0.489,800.0,0.08,2026-05-31,"POLYGON ((73.852132 18.510737, 73.853079 18.510742, 73.853073 18.511646, 73.852126 18.51164, 73.852132 18.510737))"
PUNE_GRID_100M_1918,18.512095,73.852597,40.34,0.18,0.251,-0.4,Built-up,0.179,37.56,41.9,2.19,High,22,6580.0,0.658,133.1,0.416,1820.0,0.182,2026-05-31,"POLYGON ((73.852126 18.51164, 73.853073 18.511646, 73.853067 18.51255, 73.85212 18.512544, 73.852126 18.51164))"
PUNE_GRID_100M_1919,18.512998,73.852591,40.84,0.174,0.319,-0.4,Built-up,0.177,37.73,41.2,2.41,High,35,6900.0,0.69,151.4,0.473,470.0,0.047,2026-05-31,"POLYGON ((73.85212 18.512544, 73.853067 18.51255, 73.853061 18.513453, 73.852114 18.513447, 73.85212 18.512544))"
PUNE_GRID_100M_1920,18.513902,73.852585,40.74,0.145,0.272,-0.4,Built-up,0.19,38.21,43.2,2.18,High,23,6840.0,0.684,184.0,0.575,200.0,0.02,2026-05-31,"POLYGON ((73.852114 18.513447, 73.853061 18.513453, 73.853055 18.514357, 73.852108 18.514351, 73.852114 18.513447))"
PUNE_GRID_100M_1921,18.514806,73.852579,39.67,0.281,0.223,-0.4,Built-up,0.214,37.19,40.7,2.35,High,20,6180.0,0.618,136.3,0.426,1360.0,0.136,2026-05-31,"POLYGON ((73.852108 18.514351, 73.853055 18.514357, 73.853049 18.51526, 73.852102 18.515255, 73.852108 18.514351))"
PUNE_GRID_100M_1922,18.515709,73.852573,41.97,0.173,0.373,-0.4,Built-up,0.18,38.93,38.8,1.99,Extreme,32,7620.0,0.762,198.7,0.621,200.0,0.02,2026-05-31,"POLYGON ((73.852102 18.515255, 73.853049 18.51526, 73.853043 18.516164, 73.852096 18.516158, 73.852102 18.515255))"
PUNE_GRID_100M_1923,18.516613,73.852567,40.63,0.148,0.326,-0.4,Built-up,0.175,37.86,43.4,2.04,High,25,6790.0,0.679,167.4,0.523,380.0,0.038,2026-05-31,"POLYGON ((73.852096 18.516158, 73.853043 18.516164, 73.853037 18.517068, 73.85209 18.517062, 73.852096 18.516158))"
PUNE_GRID_100M_1924,18.517517,73.852561,41.78,0.084,0.349,-0.4,Built-up,0.175,38.74,42.3,2.34,Extreme,31,7510.0,0.751,157.1,0.491,200.0,0.02,2026-05-31,"POLYGON ((73.85209 18.517062, 73.853037 18.517068, 73.853031 18.517971, 73.852084 18.517966, 73.85209 18.517062))"
PUNE_GRID_100M_1925,18.51842,73.852555,43.33,0.068,0.38,-0.4,Built-up,0.167,39.7,40.5,2.43,Extreme,35,8490.0,0.849,211.8,0.662,200.0,0.02,2026-05-31,"POLYGON ((73.852084 18.517966, 73.853031 18.517971, 73.853025 18.518875, 73.852078 18.518869, 73.852084 18.517966))"
PUNE_GRID_100M_1926,18.519324,73.852549,40.99,0.183,0.279,-0.4,Built-up,0.176,37.9,40.9,2.12,High,31,7030.0,0.703,167.4,0.523,200.0,0.02,2026-05-31,"POLYGON ((73.852078 18.518869, 73.853025 18.518875, 73.853019 18.519779, 73.852072 18.519773, 73.852078 18.518869))"
PUNE_GRID_100M_1927,18.520228,73.852543,39.73,0.219,0.24,-0.4,Built-up,0.183,37.45,44.3,1.57,High,21,6240.0,0.624,144.0,0.45,1770.0,0.177,2026-05-31,"POLYGON ((73.852072 18.519773, 73.853019 18.519779, 73.853013 18.520682, 73.852066 18.520676, 73.852072 18.519773))"
PUNE_GRID_100M_1928,18.521131,73.852536,41.51,0.197,0.328,-0.4,Built-up,0.196,38.38,42.8,2.09,Extreme,23,7350.0,0.735,179.5,0.561,530.0,0.053,2026-05-31,"POLYGON ((73.852066 18.520676, 73.853013 18.520682, 73.853007 18.521586, 73.85206 18.52158, 73.852066 18.520676))"
PUNE_GRID_100M_1929,18.522035,73.85253,42.57,0.142,0.336,-0.4,Built-up,0.152,39.35,41.1,2.14,Extreme,25,8010.0,0.801,198.4,0.62,200.0,0.02,2026-05-31,"POLYGON ((73.85206 18.52158, 73.853007 18.521586, 73.853001 18.522489, 73.852054 18.522484, 73.85206 18.52158))"
PUNE_GRID_100M_1930,18.522938,73.852524,43.19,0.127,0.415,-0.4,Built-up,0.19,39.86,38.7,2.1,Extreme,41,8390.0,0.839,210.6,0.658,200.0,0.02,2026-05-31,"POLYGON ((73.852054 18.522484, 73.853001 18.522489, 73.852995 18.523393, 73.852048 18.523387, 73.852054 18.522484))"
PUNE_GRID_100M_1931,18.523842,73.852518,40.54,0.194,0.277,-0.4,Built-up,0.185,37.7,41.9,2.23,High,22,6740.0,0.674,177.0,0.553,660.0,0.066,2026-05-31,"POLYGON ((73.852048 18.523387, 73.852995 18.523393, 73.852989 18.524297, 73.852042 18.524291, 73.852048 18.523387))"
PUNE_GRID_100M_1932,18.524746,73.852512,41.81,0.081,0.28,-0.4,Built-up,0.178,38.41,42.8,2.09,Extreme,26,7520.0,0.752,185.6,0.58,200.0,0.02,2026-05-31,"POLYGON ((73.852042 18.524291, 73.852989 18.524297, 73.852983 18.5252, 73.852036 18.525195, 73.852042 18.524291))"
PUNE_GRID_100M_1933,18.525649,73.852506,40.92,0.16,0.264,-0.4,Built-up,0.204,38.87,44.3,2.37,High,32,6960.0,0.696,149.4,0.467,590.0,0.059,2026-05-31,"POLYGON ((73.852036 18.525195, 73.852983 18.5252, 73.852977 18.526104, 73.85203 18.526098, 73.852036 18.525195))"
PUNE_GRID_100M_1934,18.526553,73.8525,41.07,0.205,0.283,-0.4,Built-up,0.211,38.09,41.7,1.99,Extreme,37,7050.0,0.705,163.2,0.51,200.0,0.02,2026-05-31,"POLYGON ((73.85203 18.526098, 73.852977 18.526104, 73.852971 18.527008, 73.852024 18.527002, 73.85203 18.526098))"
PUNE_GRID_100M_1935,18.527457,73.852494,43.14,0.088,0.389,-0.4,Built-up,0.187,39.89,40.1,2.49,Extreme,38,8340.0,0.834,224.0,0.7,200.0,0.02,2026-05-31,"POLYGON ((73.852024 18.527002, 73.852971 18.527008, 73.852965 18.527911, 73.852018 18.527906, 73.852024 18.527002))"
PUNE_GRID_100M_1936,18.52836,73.852488,39.68,0.231,0.292,-0.4,Built-up,0.195,37.86,43.0,2.58,High,20,6170.0,0.617,157.4,0.492,2380.0,0.238,2026-05-31,"POLYGON ((73.852018 18.527906, 73.852965 18.527911, 73.852959 18.528815, 73.852012 18.528809, 73.852018 18.527906))"
PUNE_GRID_100M_1937,18.529264,73.852482,40.94,0.154,0.299,-0.4,Built-up,0.202,38.39,42.7,2.11,High,25,6950.0,0.695,197.1,0.616,400.0,0.04,2026-05-31,"POLYGON ((73.852012 18.528809, 73.852959 18.528815, 73.852953 18.529719, 73.852006 18.529713, 73.852012 18.528809))"
PUNE_GRID_100M_1938,18.530167,73.852476,40.96,0.125,0.268,-0.4,Built-up,0.166,38.08,41.4,2.14,High,24,6960.0,0.696,185.0,0.578,200.0,0.02,2026-05-31,"POLYGON ((73.852006 18.529713, 73.852953 18.529719, 73.852947 18.530622, 73.852 18.530616, 73.852006 18.529713))"
PUNE_GRID_100M_1939,18.531071,73.85247,41.3,0.15,0.315,-0.4,Built-up,0.175,38.39,37.6,2.43,Extreme,33,7170.0,0.717,175.0,0.547,200.0,0.02,2026-05-31,"POLYGON ((73.852 18.530616, 73.852947 18.530622, 73.852941 18.531526, 73.851994 18.53152, 73.852 18.530616))"
PUNE_GRID_100M_1940,18.531975,73.852464,40.36,0.2,0.256,-0.4,Built-up,0.18,37.5,44.5,2.13,High,23,6570.0,0.657,161.6,0.505,960.0,0.096,2026-05-31,"POLYGON ((73.851994 18.53152, 73.852941 18.531526, 73.852935 18.532429, 73.851987 18.532424, 73.851994 18.53152))"
PUNE_GRID_100M_1941,18.532878,73.852458,40.37,0.161,0.276,-0.4,Built-up,0.209,38.02,45.4,2.3,High,35,6570.0,0.657,157.1,0.491,990.0,0.099,2026-05-31,"POLYGON ((73.851987 18.532424, 73.852935 18.532429, 73.852929 18.533333, 73.851981 18.533327, 73.851987 18.532424))"
PUNE_GRID_100M_1942,18.533782,73.852452,39.66,0.202,0.252,-0.4,Built-up,0.189,37.43,42.4,2.64,High,26,6120.0,0.612,124.5,0.389,1420.0,0.142,2026-05-31,"POLYGON ((73.851981 18.533327, 73.852929 18.533333, 73.852923 18.534237, 73.851975 18.534231, 73.851981 18.533327))"
PUNE_GRID_100M_1943,18.534686,73.852446,40.03,0.161,0.288,-0.4,Built-up,0.201,37.37,41.4,2.59,High,23,6350.0,0.635,152.6,0.477,1320.0,0.132,2026-05-31,"POLYGON ((73.851975 18.534231, 73.852923 18.534237, 73.852917 18.53514, 73.851969 18.535135, 73.851975 18.534231))"
PUNE_GRID_100M_1944,18.535589,73.85244,39.39,0.266,0.222,-0.4,Built-up,0.208,36.76,43.3,2.87,High,29,5940.0,0.594,158.1,0.494,1080.0,0.108,2026-05-31,"POLYGON ((73.851969 18.535135, 73.852917 18.53514, 73.852911 18.536044, 73.851963 18.536038, 73.851969 18.535135))"
PUNE_GRID_100M_1945,18.536493,73.852434,40.0,0.188,0.299,-0.4,Built-up,0.173,37.1,42.7,2.53,High,21,6310.0,0.631,143.7,0.449,970.0,0.097,2026-05-31,"POLYGON ((73.851963 18.536038, 73.852911 18.536044, 73.852905 18.536948, 73.851957 18.536942, 73.851963 18.536038))"
PUNE_GRID_100M_1946,18.537397,73.852428,39.05,0.291,0.234,-0.4,Built-up,0.189,37.13,45.3,2.4,High,26,5710.0,0.571,142.4,0.445,2210.0,0.221,2026-05-31,"POLYGON ((73.851957 18.536942, 73.852905 18.536948, 73.852899 18.537851, 73.851951 18.537845, 73.851957 18.536942))"
PUNE_GRID_100M_1947,18.5383,73.852422,39.49,0.279,0.206,-0.4,Built-up,0.222,37.18,43.5,2.56,High,22,5980.0,0.598,154.6,0.483,1160.0,0.116,2026-05-31,"POLYGON ((73.851951 18.537845, 73.852899 18.537851, 73.852893 18.538755, 73.851945 18.538749, 73.851951 18.537845))"
PUNE_GRID_100M_1948,18.539204,73.852416,39.01,0.231,0.272,-0.393,Built-up,0.179,36.87,42.6,2.55,High,23,5670.0,0.567,124.5,0.389,2380.0,0.238,2026-05-31,"POLYGON ((73.851945 18.538749, 73.852893 18.538755, 73.852887 18.539658, 73.851939 18.539653, 73.851945 18.538749))"
PUNE_GRID_100M_1949,18.540107,73.85241,39.77,0.168,0.249,-0.4,Built-up,0.197,37.09,41.2,2.58,High,23,6140.0,0.614,141.4,0.442,990.0,0.099,2026-05-31,"POLYGON ((73.851939 18.539653, 73.852887 18.539658, 73.852881 18.540562, 73.851933 18.540556, 73.851939 18.539653))"
PUNE_GRID_100M_1950,18.541011,73.852404,38.67,0.163,0.165,-0.4,Built-up,0.199,36.13,45.4,2.63,High,27,5450.0,0.545,117.8,0.368,3150.0,0.315,2026-05-31,"POLYGON ((73.851933 18.540556, 73.852881 18.540562, 73.852874 18.541466, 73.851927 18.54146, 73.851933 18.540556))"
PUNE_GRID_100M_1951,18.541915,73.852398,37.13,0.242,0.17,-0.38,Built-up,0.205,35.78,46.2,2.47,Medium,24,4480.0,0.448,97.0,0.303,3300.0,0.33,2026-05-31,"POLYGON ((73.851927 18.54146, 73.852874 18.541466, 73.852868 18.542369, 73.851921 18.542364, 73.851927 18.54146))"
PUNE_GRID_100M_1952,18.542818,73.852392,39.4,0.166,0.285,-0.4,Built-up,0.188,37.09,45.1,2.74,High,19,5890.0,0.589,124.8,0.39,1850.0,0.185,2026-05-31,"POLYGON ((73.851921 18.542364, 73.852868 18.542369, 73.852862 18.543273, 73.851915 18.543267, 73.851921 18.542364))"
PUNE_GRID_100M_1953,18.543722,73.852386,37.51,0.342,0.137,-0.399,Built-up,0.204,36.03,43.5,2.43,High,21,4700.0,0.47,101.1,0.316,3480.0,0.348,2026-05-31,"POLYGON ((73.851915 18.543267, 73.852862 18.543273, 73.852856 18.544177, 73.851909 18.544171, 73.851915 18.543267))"
PUNE_GRID_100M_1954,18.544626,73.85238,37.55,0.29,0.125,-0.32,Built-up,0.203,35.67,47.7,2.59,High,16,4720.0,0.472,131.5,0.411,2820.0,0.282,2026-05-31,"POLYGON ((73.851909 18.544171, 73.852856 18.544177, 73.85285 18.54508, 73.851903 18.545075, 73.851909 18.544171))"
PUNE_GRID_100M_1955,18.545529,73.852374,37.43,0.306,0.129,-0.391,Built-up,0.221,35.63,42.4,2.74,Medium,14,4640.0,0.464,99.5,0.311,3480.0,0.348,2026-05-31,"POLYGON ((73.851903 18.545075, 73.85285 18.54508, 73.852844 18.545984, 73.851897 18.545978, 73.851903 18.545075))"
PUNE_GRID_100M_1956,18.546433,73.852368,38.85,0.151,0.22,-0.4,Built-up,0.188,36.91,45.0,2.34,High,26,5520.0,0.552,134.1,0.419,2450.0,0.245,2026-05-31,"POLYGON ((73.851897 18.545978, 73.852844 18.545984, 73.852838 18.546888, 73.851891 18.546882, 73.851897 18.545978))"
PUNE_GRID_100M_1957,18.547336,73.852362,35.88,0.296,0.103,-0.373,Built-up,0.209,34.84,43.4,2.97,Medium,16,3660.0,0.366,81.3,0.254,4960.0,0.496,2026-05-31,"POLYGON ((73.851891 18.546882, 73.852838 18.546888, 73.852832 18.547791, 73.851885 18.547785, 73.851891 18.546882))"
PUNE_GRID_100M_1958,18.54824,73.852356,39.94,0.238,0.264,-0.4,Built-up,0.178,37.7,41.9,2.43,High,22,6190.0,0.619,163.5,0.511,1590.0,0.159,2026-05-31,"POLYGON ((73.851885 18.547785, 73.852832 18.547791, 73.852826 18.548695, 73.851879 18.548689, 73.851885 18.547785))"
PUNE_GRID_100M_1959,18.549144,73.852349,38.11,0.278,0.168,-0.4,Built-up,0.209,36.09,46.9,3.01,High,15,5040.0,0.504,137.6,0.43,2600.0,0.26,2026-05-31,"POLYGON ((73.851879 18.548689, 73.852826 18.548695, 73.85282 18.549598, 73.851873 18.549593, 73.851879 18.548689))"
PUNE_GRID_100M_1960,18.550047,73.852343,37.28,0.289,0.173,-0.391,Built-up,0.223,35.78,46.4,2.64,Medium,14,4520.0,0.452,119.7,0.374,3300.0,0.33,2026-05-31,"POLYGON ((73.851873 18.549593, 73.85282 18.549598, 73.852814 18.550502, 73.851867 18.550496, 73.851873 18.549593))"
PUNE_GRID_100M_1961,18.500353,73.853622,38.81,0.264,0.187,-0.4,Built-up,0.229,37.0,43.1,2.53,High,22,5540.0,0.554,137.0,0.428,3120.0,0.312,2026-05-31,"POLYGON ((73.853152 18.499899, 73.854099 18.499904, 73.854093 18.500808, 73.853146 18.500802, 73.853152 18.499899))"
PUNE_GRID_100M_1962,18.501257,73.853616,39.24,0.292,0.247,-0.399,Built-up,0.185,36.94,42.8,2.69,High,19,5820.0,0.582,136.6,0.427,2280.0,0.228,2026-05-31,"POLYGON ((73.853146 18.500802, 73.854093 18.500808, 73.854087 18.501712, 73.85314 18.501706, 73.853146 18.500802))"
PUNE_GRID_100M_1963,18.502161,73.85361,39.59,0.206,0.223,-0.4,Built-up,0.232,37.06,43.5,2.99,High,30,6040.0,0.604,129.6,0.405,1380.0,0.138,2026-05-31,"POLYGON ((73.85314 18.501706, 73.854087 18.501712, 73.854081 18.502615, 73.853134 18.50261, 73.85314 18.501706))"
PUNE_GRID_100M_1964,18.503064,73.853604,39.85,0.208,0.256,-0.4,Built-up,0.179,37.8,43.9,2.55,High,19,6210.0,0.621,173.8,0.543,1200.0,0.12,2026-05-31,"POLYGON ((73.853134 18.50261, 73.854081 18.502615, 73.854075 18.503519, 73.853128 18.503513, 73.853134 18.50261))"
PUNE_GRID_100M_1965,18.503968,73.853598,39.93,0.21,0.243,-0.4,Built-up,0.213,37.25,44.9,2.11,High,19,6270.0,0.627,140.8,0.44,1280.0,0.128,2026-05-31,"POLYGON ((73.853128 18.503513, 73.854075 18.503519, 73.854069 18.504423, 73.853122 18.504417, 73.853128 18.503513))"
PUNE_GRID_100M_1966,18.504872,73.853592,39.72,0.305,0.236,-0.4,Built-up,0.187,37.49,42.5,2.67,High,30,6140.0,0.614,155.8,0.487,1340.0,0.134,2026-05-31,"POLYGON ((73.853122 18.504417, 73.854069 18.504423, 73.854063 18.505326, 73.853115 18.50532, 73.853122 18.504417))"
PUNE_GRID_100M_1967,18.505775,73.853586,39.65,0.128,0.223,-0.4,Built-up,0.187,37.24,40.9,2.4,High,27,6110.0,0.611,160.3,0.501,900.0,0.09,2026-05-31,"POLYGON ((73.853115 18.50532, 73.854063 18.505326, 73.854057 18.50623, 73.853109 18.506224, 73.853115 18.50532))"
PUNE_GRID_100M_1968,18.506679,73.85358,39.85,0.233,0.284,-0.4,Built-up,0.178,36.84,43.4,2.44,High,32,6240.0,0.624,142.7,0.446,1260.0,0.126,2026-05-31,"POLYGON ((73.853109 18.506224, 73.854057 18.50623, 73.854051 18.507133, 73.853103 18.507128, 73.853109 18.506224))"
PUNE_GRID_100M_1969,18.507582,73.853574,39.97,0.196,0.227,-0.4,Built-up,0.198,37.82,42.3,2.51,High,28,6320.0,0.632,165.1,0.516,1860.0,0.186,2026-05-31,"POLYGON ((73.853103 18.507128, 73.854051 18.507133, 73.854045 18.508037, 73.853097 18.508031, 73.853103 18.507128))"
PUNE_GRID_100M_1970,18.508486,73.853568,41.19,0.181,0.281,-0.4,Built-up,0.198,37.51,40.1,1.92,Extreme,24,7090.0,0.709,179.8,0.562,460.0,0.046,2026-05-31,"POLYGON ((73.853097 18.508031, 73.854045 18.508037, 73.854039 18.508941, 73.853091 18.508935, 73.853097 18.508031))"
PUNE_GRID_100M_1971,18.50939,73.853562,40.91,0.142,0.355,-0.4,Built-up,0.186,37.54,42.7,2.34,High,29,6920.0,0.692,188.2,0.588,200.0,0.02,2026-05-31,"POLYGON ((73.853091 18.508935, 73.854039 18.508941, 73.854033 18.509844, 73.853085 18.509839, 73.853091 18.508935))"
PUNE_GRID_100M_1972,18.510293,73.853556,38.24,0.26,0.2,-0.376,Built-up,0.19,36.43,44.1,2.24,High,27,5260.0,0.526,120.3,0.376,3100.0,0.31,2026-05-31,"POLYGON ((73.853085 18.509839, 73.854033 18.509844, 73.854027 18.510748, 73.853079 18.510742, 73.853085 18.509839))"
PUNE_GRID_100M_1973,18.511197,73.85355,41.27,0.184,0.236,-0.4,Built-up,0.183,38.55,42.4,2.54,Extreme,31,7160.0,0.716,155.5,0.486,820.0,0.082,2026-05-31,"POLYGON ((73.853079 18.510742, 73.854027 18.510748, 73.854021 18.511652, 73.853073 18.511646, 73.853079 18.510742))"
PUNE_GRID_100M_1974,18.512101,73.853544,41.06,0.287,0.281,-0.4,Built-up,0.176,38.05,40.8,2.41,Extreme,22,7030.0,0.703,162.2,0.507,310.0,0.031,2026-05-31,"POLYGON ((73.853073 18.511646, 73.854021 18.511652, 73.854015 18.512555, 73.853067 18.51255, 73.853073 18.511646))"
PUNE_GRID_100M_1975,18.513004,73.853538,41.04,0.196,0.242,-0.374,Built-up,0.195,38.27,42.9,1.92,Extreme,26,7030.0,0.703,171.5,0.536,650.0,0.065,2026-05-31,"POLYGON ((73.853067 18.51255, 73.854015 18.512555, 73.854009 18.513459, 73.853061 18.513453, 73.853067 18.51255))"
PUNE_GRID_100M_1976,18.513908,73.853532,40.89,0.135,0.262,-0.4,Built-up,0.19,37.36,40.3,2.47,High,29,6940.0,0.694,167.4,0.523,200.0,0.02,2026-05-31,"POLYGON ((73.853061 18.513453, 73.854009 18.513459, 73.854003 18.514363, 73.853055 18.514357, 73.853061 18.513453))"
PUNE_GRID_100M_1977,18.514811,73.853526,42.24,0.105,0.257,-0.4,Built-up,0.179,39.28,40.0,2.28,Extreme,38,7790.0,0.779,182.1,0.569,200.0,0.02,2026-05-31,"POLYGON ((73.853055 18.514357, 73.854003 18.514363, 73.853996 18.515266, 73.853049 18.51526, 73.853055 18.514357))"
PUNE_GRID_100M_1978,18.515715,73.85352,42.24,0.103,0.347,-0.38,Built-up,0.182,39.14,40.8,1.86,Extreme,24,7790.0,0.779,162.6,0.508,290.0,0.029,2026-05-31,"POLYGON ((73.853049 18.51526, 73.853996 18.515266, 73.85399 18.51617, 73.853043 18.516164, 73.853049 18.51526))"
PUNE_GRID_100M_1979,18.516619,73.853514,40.99,0.094,0.26,-0.382,Built-up,0.227,38.18,44.8,2.16,High,23,7020.0,0.702,174.4,0.545,240.0,0.024,2026-05-31,"POLYGON ((73.853043 18.516164, 73.85399 18.51617, 73.853984 18.517073, 73.853037 18.517068, 73.853043 18.516164))"
PUNE_GRID_100M_1980,18.517522,73.853508,42.05,0.115,0.344,-0.4,Built-up,0.171,38.94,42.5,2.34,Extreme,35,7690.0,0.769,209.9,0.656,200.0,0.02,2026-05-31,"POLYGON ((73.853037 18.517068, 73.853984 18.517073, 73.853978 18.517977, 73.853031 18.517971, 73.853037 18.517068))"
PUNE_GRID_100M_1981,18.518426,73.853502,41.05,0.193,0.248,-0.4,Built-up,0.189,38.38,43.8,1.87,Extreme,37,7060.0,0.706,175.4,0.548,270.0,0.027,2026-05-31,"POLYGON ((73.853031 18.517971, 73.853978 18.517977, 73.853972 18.518881, 73.853025 18.518875, 73.853031 18.517971))"
PUNE_GRID_100M_1982,18.51933,73.853496,40.79,0.121,0.288,-0.4,Built-up,0.197,38.04,44.5,2.38,High,36,6900.0,0.69,173.4,0.542,440.0,0.044,2026-05-31,"POLYGON ((73.853025 18.518875, 73.853972 18.518881, 73.853966 18.519784, 73.853019 18.519779, 73.853025 18.518875))"
PUNE_GRID_100M_1983,18.520233,73.85349,41.42,0.192,0.301,-0.4,Built-up,0.177,37.93,47.3,1.79,Extreme,37,7300.0,0.73,182.4,0.57,470.0,0.047,2026-05-31,"POLYGON ((73.853019 18.519779, 73.853966 18.519784, 73.85396 18.520688, 73.853013 18.520682, 73.853019 18.519779))"
PUNE_GRID_100M_1984,18.521137,73.853484,42.6,0.129,0.412,-0.4,Built-up,0.176,39.98,41.0,1.94,Extreme,30,8040.0,0.804,198.1,0.619,200.0,0.02,2026-05-31,"POLYGON ((73.853013 18.520682, 73.85396 18.520688, 73.853954 18.521592, 73.853007 18.521586, 73.853013 18.520682))"
PUNE_GRID_100M_1985,18.522041,73.853478,42.61,0.079,0.41,-0.4,Built-up,0.155,39.69,43.0,1.92,Extreme,25,8040.0,0.804,204.8,0.64,200.0,0.02,2026-05-31,"POLYGON ((73.853007 18.521586, 73.853954 18.521592, 73.853948 18.522495, 73.853001 18.522489, 73.853007 18.521586))"
PUNE_GRID_100M_1986,18.522944,73.853472,42.17,0.118,0.371,-0.4,Built-up,0.201,38.63,42.8,2.4,Extreme,31,7760.0,0.776,191.4,0.598,200.0,0.02,2026-05-31,"POLYGON ((73.853001 18.522489, 73.853948 18.522495, 73.853942 18.523399, 73.852995 18.523393, 73.853001 18.522489))"
PUNE_GRID_100M_1987,18.523848,73.853466,42.23,0.186,0.341,-0.4,Built-up,0.184,38.96,42.7,2.04,Extreme,26,7800.0,0.78,183.0,0.572,200.0,0.02,2026-05-31,"POLYGON ((73.852995 18.523393, 73.853942 18.523399, 73.853936 18.524302, 73.852989 18.524297, 73.852995 18.523393))"
PUNE_GRID_100M_1988,18.524751,73.85346,41.94,0.161,0.397,-0.4,Built-up,0.159,38.79,44.1,1.93,Extreme,31,7610.0,0.761,172.5,0.539,200.0,0.02,2026-05-31,"POLYGON ((73.852989 18.524297, 73.853936 18.524302, 73.85393 18.525206, 73.852983 18.5252, 73.852989 18.524297))"
PUNE_GRID_100M_1989,18.525655,73.853454,40.88,0.17,0.243,-0.4,Built-up,0.187,38.44,41.7,2.27,High,24,6940.0,0.694,163.5,0.511,990.0,0.099,2026-05-31,"POLYGON ((73.852983 18.5252, 73.85393 18.525206, 73.853924 18.52611, 73.852977 18.526104, 73.852983 18.5252))"
PUNE_GRID_100M_1990,18.526559,73.853448,41.59,0.135,0.279,-0.4,Built-up,0.182,37.97,41.0,2.34,Extreme,26,7380.0,0.738,181.1,0.566,200.0,0.02,2026-05-31,"POLYGON ((73.852977 18.526104, 73.853924 18.52611, 73.853918 18.527013, 73.852971 18.527008, 73.852977 18.526104))"
PUNE_GRID_100M_1991,18.527462,73.853442,41.74,0.142,0.326,-0.4,Built-up,0.202,38.57,42.1,2.37,Extreme,36,7470.0,0.747,175.4,0.548,200.0,0.02,2026-05-31,"POLYGON ((73.852971 18.527008, 73.853918 18.527013, 73.853912 18.527917, 73.852965 18.527911, 73.852971 18.527008))"
PUNE_GRID_100M_1992,18.528366,73.853436,41.55,0.125,0.387,-0.4,Built-up,0.151,38.06,41.5,2.2,Extreme,31,7340.0,0.734,180.2,0.563,200.0,0.02,2026-05-31,"POLYGON ((73.852965 18.527911, 73.853912 18.527917, 73.853906 18.528821, 73.852959 18.528815, 73.852965 18.527911))"
PUNE_GRID_100M_1993,18.52927,73.85343,41.75,0.055,0.323,-0.4,Built-up,0.172,38.64,42.1,2.33,Extreme,27,7460.0,0.746,184.6,0.577,200.0,0.02,2026-05-31,"POLYGON ((73.852959 18.528815, 73.853906 18.528821, 73.8539 18.529724, 73.852953 18.529719, 73.852959 18.528815))"
PUNE_GRID_100M_1994,18.530173,73.853424,41.21,0.239,0.299,-0.4,Built-up,0.178,38.21,44.4,2.18,Extreme,37,7120.0,0.712,181.4,0.567,200.0,0.02,2026-05-31,"POLYGON ((73.852953 18.529719, 73.8539 18.529724, 73.853894 18.530628, 73.852947 18.530622, 73.852953 18.529719))"
PUNE_GRID_100M_1995,18.531077,73.853417,40.77,0.179,0.241,-0.4,Built-up,0.196,38.06,41.7,2.67,High,29,6840.0,0.684,180.5,0.564,470.0,0.047,2026-05-31,"POLYGON ((73.852947 18.530622, 73.853894 18.530628, 73.853888 18.531532, 73.852941 18.531526, 73.852947 18.530622))"
PUNE_GRID_100M_1996,18.53198,73.853411,41.19,0.174,0.332,-0.4,Built-up,0.176,38.15,41.6,2.59,Extreme,27,7090.0,0.709,171.2,0.535,230.0,0.023,2026-05-31,"POLYGON ((73.852941 18.531526, 73.853888 18.531532, 73.853882 18.532435, 73.852935 18.532429, 73.852941 18.531526))"
PUNE_GRID_100M_1997,18.532884,73.853405,40.15,0.192,0.285,-0.39,Built-up,0.166,37.38,43.1,2.6,High,20,6440.0,0.644,137.9,0.431,1780.0,0.178,2026-05-31,"POLYGON ((73.852935 18.532429, 73.853882 18.532435, 73.853876 18.533339, 73.852929 18.533333, 73.852935 18.532429))"
PUNE_GRID_100M_1998,18.533788,73.853399,39.31,0.195,0.243,-0.4,Built-up,0.19,37.2,43.2,2.57,High,23,5900.0,0.59,137.3,0.429,1900.0,0.19,2026-05-31,"POLYGON ((73.852929 18.533333, 73.853876 18.533339, 73.85387 18.534242, 73.852923 18.534237, 73.852929 18.533333))"
PUNE_GRID_100M_1999,18.534691,73.853393,39.73,0.202,0.219,-0.4,Built-up,0.199,37.45,40.3,2.54,High,20,6160.0,0.616,148.5,0.464,1790.0,0.179,2026-05-31,"POLYGON ((73.852923 18.534237, 73.85387 18.534242, 73.853864 18.535146, 73.852917 18.53514, 73.852923 18.534237))"
PUNE_GRID_100M_2000,18.535595,73.853387,39.1,0.168,0.188,-0.4,Built-up,0.197,37.04,42.8,2.22,High,23,5760.0,0.576,114.9,0.359,2170.0,0.217,2026-05-31,"POLYGON ((73.852917 18.53514, 73.853864 18.535146, 73.853858 18.53605, 73.852911 18.536044, 73.852917 18.53514))"
PUNE_GRID_100M_2001,18.536499,73.853381,39.0,0.326,0.166,-0.4,Built-up,0.22,36.75,44.8,2.62,High,19,5690.0,0.569,154.2,0.482,2290.0,0.229,2026-05-31,"POLYGON ((73.852911 18.536044, 73.853858 18.53605, 73.853852 18.536953, 73.852905 18.536948, 73.852911 18.536044))"
PUNE_GRID_100M_2002,18.537402,73.853375,39.27,0.176,0.22,-0.4,Built-up,0.214,36.82,45.7,2.54,High,22,5850.0,0.585,142.1,0.444,1980.0,0.198,2026-05-31,"POLYGON ((73.852905 18.536948, 73.853852 18.536953, 73.853846 18.537857, 73.852899 18.537851, 73.852905 18.536948))"
PUNE_GRID_100M_2003,18.538306,73.853369,38.59,0.208,0.154,-0.4,Built-up,0.211,36.48,42.4,2.8,High,17,5420.0,0.542,135.0,0.422,2320.0,0.232,2026-05-31,"POLYGON ((73.852899 18.537851, 73.853846 18.537857, 73.85384 18.538761, 73.852893 18.538755, 73.852899 18.537851))"
PUNE_GRID_100M_2004,18.53921,73.853363,38.81,0.224,0.161,-0.4,Built-up,0.214,36.82,42.2,2.73,High,23,5550.0,0.555,150.7,0.471,2030.0,0.203,2026-05-31,"POLYGON ((73.852893 18.538755, 73.85384 18.538761, 73.853834 18.539664, 73.852887 18.539658, 73.852893 18.538755))"
PUNE_GRID_100M_2005,18.540113,73.853357,37.39,0.343,0.12,-0.4,Built-up,0.186,35.02,45.1,2.71,Medium,17,4650.0,0.465,103.7,0.324,3000.0,0.3,2026-05-31,"POLYGON ((73.852887 18.539658, 73.853834 18.539664, 73.853828 18.540568, 73.852881 18.540562, 73.852887 18.539658))"
PUNE_GRID_100M_2006,18.541017,73.853351,38.91,0.239,0.186,-0.4,Built-up,0.2,36.86,40.8,2.29,High,20,5600.0,0.56,141.8,0.443,2270.0,0.227,2026-05-31,"POLYGON ((73.852881 18.540562, 73.853828 18.540568, 73.853822 18.541472, 73.852874 18.541466, 73.852881 18.540562))"
PUNE_GRID_100M_2007,18.54192,73.853345,38.58,0.2,0.17,-0.4,Built-up,0.224,36.6,43.5,2.64,High,22,5390.0,0.539,128.0,0.4,2390.0,0.239,2026-05-31,"POLYGON ((73.852874 18.541466, 73.853822 18.541472, 73.853816 18.542375, 73.852868 18.542369, 73.852874 18.541466))"
PUNE_GRID_100M_2008,18.542824,73.853339,37.76,0.329,0.163,-0.337,Built-up,0.204,35.95,42.2,2.57,High,24,4870.0,0.487,114.6,0.358,2860.0,0.286,2026-05-31,"POLYGON ((73.852868 18.542369, 73.853816 18.542375, 73.85381 18.543279, 73.852862 18.543273, 73.852868 18.542369))"
PUNE_GRID_100M_2009,18.543728,73.853333,38.78,0.272,0.197,-0.384,Built-up,0.193,36.6,46.0,2.76,High,28,5500.0,0.55,122.2,0.382,2800.0,0.28,2026-05-31,"POLYGON ((73.852862 18.543273, 73.85381 18.543279, 73.853804 18.544182, 73.852856 18.544177, 73.852862 18.543273))"
PUNE_GRID_100M_2010,18.544631,73.853327,38.85,0.262,0.19,-0.339,Built-up,0.24,35.93,42.8,2.65,High,30,5530.0,0.553,153.9,0.481,1530.0,0.153,2026-05-31,"POLYGON ((73.852856 18.544177, 73.853804 18.544182, 73.853798 18.545086, 73.85285 18.54508, 73.852856 18.544177))"
PUNE_GRID_100M_2011,18.545535,73.853321,36.65,0.346,0.105,-0.365,Built-up,0.248,35.02,48.2,2.71,Medium,13,4150.0,0.415,94.7,0.296,3790.0,0.379,2026-05-31,"POLYGON ((73.85285 18.54508, 73.853798 18.545086, 73.853792 18.54599, 73.852844 18.545984, 73.85285 18.54508))"
PUNE_GRID_100M_2012,18.546439,73.853315,37.16,0.395,0.092,-0.4,Built-up,0.23,36.05,46.9,2.88,Medium,20,4470.0,0.447,116.2,0.363,3850.0,0.385,2026-05-31,"POLYGON ((73.852844 18.545984, 73.853792 18.54599, 73.853786 18.546893, 73.852838 18.546888, 73.852844 18.545984))"
PUNE_GRID_100M_2013,18.547342,73.853309,37.0,0.392,0.118,-0.331,Built-up,0.236,35.4,44.4,2.73,Medium,20,4360.0,0.436,80.6,0.252,4010.0,0.401,2026-05-31,"POLYGON ((73.852838 18.546888, 73.853786 18.546893, 73.85378 18.547797, 73.852832 18.547791, 73.852838 18.546888))"
PUNE_GRID_100M_2014,18.548246,73.853303,36.7,0.288,0.106,-0.394,Built-up,0.188,35.1,44.0,2.87,Medium,14,4160.0,0.416,114.9,0.359,3740.0,0.374,2026-05-31,"POLYGON ((73.852832 18.547791, 73.85378 18.547797, 73.853774 18.548701, 73.852826 18.548695, 73.852832 18.547791))"
PUNE_GRID_100M_2015,18.549149,73.853297,37.95,0.337,0.113,-0.384,Built-up,0.208,36.07,44.3,2.56,High,21,4940.0,0.494,132.2,0.413,2920.0,0.292,2026-05-31,"POLYGON ((73.852826 18.548695, 73.853774 18.548701, 73.853768 18.549604, 73.85282 18.549598, 73.852826 18.548695))"
PUNE_GRID_100M_2016,18.550053,73.853291,36.97,0.321,0.144,-0.4,Built-up,0.207,35.49,45.3,2.73,Medium,17,4320.0,0.432,105.0,0.328,3770.0,0.377,2026-05-31,"POLYGON ((73.85282 18.549598, 73.853768 18.549604, 73.853762 18.550508, 73.852814 18.550502, 73.85282 18.549598))"
PUNE_GRID_100M_2017,18.500359,73.854569,38.66,0.267,0.163,-0.4,Built-up,0.207,36.76,44.6,2.74,High,26,5450.0,0.545,128.0,0.4,1740.0,0.174,2026-05-31,"POLYGON ((73.854099 18.499904, 73.855046 18.49991, 73.85504 18.500814, 73.854093 18.500808, 73.854099 18.499904))"
PUNE_GRID_100M_2018,18.501263,73.854563,37.43,0.222,0.137,-0.325,Built-up,0.208,35.63,43.9,2.33,Medium,14,4690.0,0.469,117.8,0.368,3070.0,0.307,2026-05-31,"POLYGON ((73.854093 18.500808, 73.85504 18.500814, 73.855034 18.501717, 73.854087 18.501712, 73.854093 18.500808))"
PUNE_GRID_100M_2019,18.502166,73.854557,39.7,0.204,0.271,-0.4,Built-up,0.153,37.42,44.4,2.8,High,20,6110.0,0.611,176.0,0.55,1890.0,0.189,2026-05-31,"POLYGON ((73.854087 18.501712, 73.855034 18.501717, 73.855028 18.502621, 73.854081 18.502615, 73.854087 18.501712))"
PUNE_GRID_100M_2020,18.50307,73.854551,38.37,0.225,0.204,-0.4,Built-up,0.209,36.86,44.7,2.72,High,17,5280.0,0.528,104.0,0.325,2480.0,0.248,2026-05-31,"POLYGON ((73.854081 18.502615, 73.855028 18.502621, 73.855022 18.503525, 73.854075 18.503519, 73.854081 18.502615))"
PUNE_GRID_100M_2021,18.503974,73.854545,39.57,0.248,0.232,-0.4,Built-up,0.206,37.5,42.8,2.44,High,25,6040.0,0.604,154.9,0.484,1380.0,0.138,2026-05-31,"POLYGON ((73.854075 18.503519, 73.855022 18.503525, 73.855016 18.504428, 73.854069 18.504423, 73.854075 18.503519))"
PUNE_GRID_100M_2022,18.504877,73.854539,39.9,0.246,0.235,-0.4,Built-up,0.222,38.13,42.0,3.07,High,21,6260.0,0.626,138.6,0.433,1220.0,0.122,2026-05-31,"POLYGON ((73.854069 18.504423, 73.855016 18.504428, 73.85501 18.505332, 73.854063 18.505326, 73.854069 18.504423))"
PUNE_GRID_100M_2023,18.505781,73.854533,40.93,0.084,0.32,-0.4,Built-up,0.171,37.95,42.0,2.69,High,34,6910.0,0.691,165.4,0.517,500.0,0.05,2026-05-31,"POLYGON ((73.854063 18.505326, 73.85501 18.505332, 73.855004 18.506236, 73.854057 18.50623, 73.854063 18.505326))"
PUNE_GRID_100M_2024,18.506685,73.854527,38.95,0.236,0.223,-0.4,Built-up,0.187,37.27,42.6,2.23,High,31,5680.0,0.568,133.1,0.416,1840.0,0.184,2026-05-31,"POLYGON ((73.854057 18.50623, 73.855004 18.506236, 73.854998 18.507139, 73.854051 18.507133, 73.854057 18.50623))"
PUNE_GRID_100M_2025,18.507588,73.854521,37.75,0.324,0.13,-0.4,Built-up,0.176,35.69,44.9,2.54,High,26,4930.0,0.493,113.0,0.353,3210.0,0.321,2026-05-31,"POLYGON ((73.854051 18.507133, 73.854998 18.507139, 73.854992 18.508043, 73.854045 18.508037, 73.854051 18.507133))"
PUNE_GRID_100M_2026,18.508492,73.854515,40.47,0.176,0.247,-0.4,Built-up,0.191,37.94,42.8,2.38,High,25,6640.0,0.664,159.4,0.498,940.0,0.094,2026-05-31,"POLYGON ((73.854045 18.508037, 73.854992 18.508043, 73.854986 18.508946, 73.854039 18.508941, 73.854045 18.508037))"
PUNE_GRID_100M_2027,18.509395,73.854509,41.92,0.162,0.274,-0.4,Built-up,0.204,39.06,41.9,2.18,Extreme,30,7550.0,0.755,166.7,0.521,200.0,0.02,2026-05-31,"POLYGON ((73.854039 18.508941, 73.854986 18.508946, 73.85498 18.50985, 73.854033 18.509844, 73.854039 18.508941))"
PUNE_GRID_100M_2028,18.510299,73.854503,41.63,0.157,0.328,-0.4,Built-up,0.172,38.49,44.3,2.1,Extreme,29,7380.0,0.738,190.4,0.595,200.0,0.02,2026-05-31,"POLYGON ((73.854033 18.509844, 73.85498 18.50985, 73.854974 18.510754, 73.854027 18.510748, 73.854033 18.509844))"
PUNE_GRID_100M_2029,18.511203,73.854497,40.97,0.18,0.291,-0.4,Built-up,0.22,38.21,42.0,2.48,High,38,6970.0,0.697,144.3,0.451,540.0,0.054,2026-05-31,"POLYGON ((73.854027 18.510748, 73.854974 18.510754, 73.854968 18.511657, 73.854021 18.511652, 73.854027 18.510748))"
PUNE_GRID_100M_2030,18.512106,73.854491,40.56,0.17,0.309,-0.4,Built-up,0.181,38.17,44.1,2.14,High,28,6720.0,0.672,168.3,0.526,610.0,0.061,2026-05-31,"POLYGON ((73.854021 18.511652, 73.854968 18.511657, 73.854962 18.512561, 73.854015 18.512555, 73.854021 18.511652))"
PUNE_GRID_100M_2031,18.51301,73.854485,41.76,0.09,0.34,-0.4,Built-up,0.181,38.52,41.9,2.21,Extreme,26,7480.0,0.748,175.4,0.548,200.0,0.02,2026-05-31,"POLYGON ((73.854015 18.512555, 73.854962 18.512561, 73.854956 18.513465, 73.854009 18.513459, 73.854015 18.512555))"
PUNE_GRID_100M_2032,18.513914,73.854479,40.49,0.138,0.312,-0.4,Built-up,0.163,38.34,42.3,2.02,High,27,6690.0,0.669,145.6,0.455,630.0,0.063,2026-05-31,"POLYGON ((73.854009 18.513459, 73.854956 18.513465, 73.85495 18.514368, 73.854003 18.514363, 73.854009 18.513459))"
PUNE_GRID_100M_2033,18.514817,73.854473,41.8,0.165,0.31,-0.4,Built-up,0.189,38.34,41.4,2.03,Extreme,26,7520.0,0.752,183.0,0.572,200.0,0.02,2026-05-31,"POLYGON ((73.854003 18.514363, 73.85495 18.514368, 73.854944 18.515272, 73.853996 18.515266, 73.854003 18.514363))"
PUNE_GRID_100M_2034,18.515721,73.854467,41.97,0.132,0.373,-0.4,Built-up,0.143,39.46,41.3,2.13,Extreme,35,7630.0,0.763,163.2,0.51,310.0,0.031,2026-05-31,"POLYGON ((73.853996 18.515266, 73.854944 18.515272, 73.854938 18.516176, 73.85399 18.51617, 73.853996 18.515266))"
PUNE_GRID_100M_2035,18.516624,73.854461,42.56,0.105,0.349,-0.4,Built-up,0.188,39.59,41.4,2.21,Extreme,27,8000.0,0.8,192.6,0.602,200.0,0.02,2026-05-31,"POLYGON ((73.85399 18.51617, 73.854938 18.516176, 73.854932 18.517079, 73.853984 18.517073, 73.85399 18.51617))"
PUNE_GRID_100M_2036,18.517528,73.854455,44.0,0.043,0.453,-0.4,Built-up,0.169,40.27,38.4,1.59,Extreme,33,8800.0,0.88,193.0,0.603,200.0,0.02,2026-05-31,"POLYGON ((73.853984 18.517073, 73.854932 18.517079, 73.854926 18.517983, 73.853978 18.517977, 73.853984 18.517073))"
PUNE_GRID_100M_2037,18.518432,73.854449,42.28,0.108,0.309,-0.4,Built-up,0.205,38.98,39.0,2.09,Extreme,37,7840.0,0.784,193.9,0.606,200.0,0.02,2026-05-31,"POLYGON ((73.853978 18.517977, 73.854926 18.517983, 73.85492 18.518886, 73.853972 18.518881, 73.853978 18.517977))"
PUNE_GRID_100M_2038,18.519335,73.854443,41.64,0.184,0.331,-0.4,Built-up,0.165,38.5,42.7,1.93,Extreme,34,7450.0,0.745,167.0,0.522,1040.0,0.104,2026-05-31,"POLYGON ((73.853972 18.518881, 73.85492 18.518886, 73.854914 18.51979, 73.853966 18.519784, 73.853972 18.518881))"
PUNE_GRID_100M_2039,18.520239,73.854437,42.07,0.114,0.284,-0.4,Built-up,0.191,38.91,42.7,2.35,Extreme,28,7710.0,0.771,179.2,0.56,200.0,0.02,2026-05-31,"POLYGON ((73.853966 18.519784, 73.854914 18.51979, 73.854908 18.520694, 73.85396 18.520688, 73.853966 18.519784))"
PUNE_GRID_100M_2040,18.521143,73.854431,40.65,0.124,0.271,-0.4,Built-up,0.2,37.94,43.6,2.66,High,23,6830.0,0.683,167.7,0.524,1270.0,0.127,2026-05-31,"POLYGON ((73.85396 18.520688, 73.854908 18.520694, 73.854902 18.521597, 73.853954 18.521592, 73.85396 18.520688))"
PUNE_GRID_100M_2041,18.522046,73.854425,41.44,0.179,0.328,-0.4,Built-up,0.188,38.88,42.1,2.01,Extreme,30,7320.0,0.732,165.8,0.518,200.0,0.02,2026-05-31,"POLYGON ((73.853954 18.521592, 73.854902 18.521597, 73.854896 18.522501, 73.853948 18.522495, 73.853954 18.521592))"
PUNE_GRID_100M_2042,18.52295,73.854419,41.56,0.137,0.305,-0.4,Built-up,0.172,39.18,42.9,1.76,Extreme,34,7380.0,0.738,176.3,0.551,200.0,0.02,2026-05-31,"POLYGON ((73.853948 18.522495, 73.854896 18.522501, 73.85489 18.523405, 73.853942 18.523399, 73.853948 18.522495))"
PUNE_GRID_100M_2043,18.523854,73.854413,41.34,0.154,0.279,-0.4,Built-up,0.154,38.5,43.0,2.15,Extreme,24,7240.0,0.724,154.2,0.482,200.0,0.02,2026-05-31,"POLYGON ((73.853942 18.523399, 73.85489 18.523405, 73.854884 18.524308, 73.853936 18.524302, 73.853942 18.523399))"
PUNE_GRID_100M_2044,18.524757,73.854407,41.74,0.203,0.354,-0.4,Built-up,0.181,38.46,42.8,2.11,Extreme,27,7490.0,0.749,187.8,0.587,200.0,0.02,2026-05-31,"POLYGON ((73.853936 18.524302, 73.854884 18.524308, 73.854878 18.525212, 73.85393 18.525206, 73.853936 18.524302))"
PUNE_GRID_100M_2045,18.525661,73.854401,40.81,0.171,0.283,-0.4,Built-up,0.187,37.9,41.1,2.57,High,28,6900.0,0.69,188.2,0.588,230.0,0.023,2026-05-31,"POLYGON ((73.85393 18.525206, 73.854878 18.525212, 73.854872 18.526116, 73.853924 18.52611, 73.85393 18.525206))"
PUNE_GRID_100M_2046,18.526564,73.854395,42.21,0.134,0.335,-0.4,Built-up,0.171,38.99,39.6,2.53,Extreme,31,7770.0,0.777,222.1,0.694,200.0,0.02,2026-05-31,"POLYGON ((73.853924 18.52611, 73.854872 18.526116, 73.854866 18.527019, 73.853918 18.527013, 73.853924 18.52611))"
PUNE_GRID_100M_2047,18.527468,73.854389,41.16,0.112,0.303,-0.4,Built-up,0.197,38.0,41.5,2.4,Extreme,34,7110.0,0.711,171.8,0.537,200.0,0.02,2026-05-31,"POLYGON ((73.853918 18.527013, 73.854866 18.527019, 73.85486 18.527923, 73.853912 18.527917, 73.853918 18.527013))"
PUNE_GRID_100M_2048,18.528372,73.854383,41.0,0.156,0.374,-0.4,Built-up,0.172,37.85,42.2,2.13,Extreme,26,7000.0,0.7,178.2,0.557,790.0,0.079,2026-05-31,"POLYGON ((73.853912 18.527917, 73.85486 18.527923, 73.854853 18.528826, 73.853906 18.528821, 73.853912 18.527917))"
PUNE_GRID_100M_2049,18.529275,73.854377,40.59,0.204,0.311,-0.4,Built-up,0.164,38.54,42.2,2.41,High,29,6740.0,0.674,138.9,0.434,1450.0,0.145,2026-05-31,"POLYGON ((73.853906 18.528821, 73.854853 18.528826, 73.854847 18.52973, 73.8539 18.529724, 73.853906 18.528821))"
PUNE_GRID_100M_2050,18.530179,73.854371,40.81,0.109,0.321,-0.4,Built-up,0.153,38.16,39.5,2.35,High,21,6870.0,0.687,184.0,0.575,780.0,0.078,2026-05-31,"POLYGON ((73.8539 18.529724, 73.854847 18.52973, 73.854841 18.530634, 73.853894 18.530628, 73.8539 18.529724))"
PUNE_GRID_100M_2051,18.531083,73.854365,41.19,0.166,0.317,-0.4,Built-up,0.166,38.08,44.6,2.38,Extreme,28,7100.0,0.71,180.5,0.564,420.0,0.042,2026-05-31,"POLYGON ((73.853894 18.530628, 73.854841 18.530634, 73.854835 18.531537, 73.853888 18.531532, 73.853894 18.530628))"
PUNE_GRID_100M_2052,18.531986,73.854359,39.68,0.215,0.241,-0.4,Built-up,0.233,37.52,42.8,2.04,High,24,6150.0,0.615,141.4,0.442,1560.0,0.156,2026-05-31,"POLYGON ((73.853888 18.531532, 73.854835 18.531537, 73.854829 18.532441, 73.853882 18.532435, 73.853888 18.531532))"
PUNE_GRID_100M_2053,18.53289,73.854353,39.69,0.213,0.164,-0.363,Built-up,0.221,36.93,43.5,2.59,High,23,6150.0,0.615,163.5,0.511,1120.0,0.112,2026-05-31,"POLYGON ((73.853882 18.532435, 73.854829 18.532441, 73.854823 18.533345, 73.853876 18.533339, 73.853882 18.532435))"
PUNE_GRID_100M_2054,18.533794,73.854347,39.81,0.248,0.221,-0.393,Built-up,0.203,37.04,45.0,2.43,High,20,6220.0,0.622,145.9,0.456,1030.0,0.103,2026-05-31,"POLYGON ((73.853876 18.533339, 73.854823 18.533345, 73.854817 18.534248, 73.85387 18.534242, 73.853876 18.533339))"
PUNE_GRID_100M_2055,18.534697,73.854341,38.82,0.255,0.182,-0.4,Built-up,0.205,36.43,40.4,2.41,High,19,5590.0,0.559,128.3,0.401,2350.0,0.235,2026-05-31,"POLYGON ((73.85387 18.534242, 73.854817 18.534248, 73.854811 18.535152, 73.853864 18.535146, 73.85387 18.534242))"
PUNE_GRID_100M_2056,18.535601,73.854335,39.08,0.291,0.152,-0.4,Built-up,0.209,37.35,43.0,2.34,High,23,5740.0,0.574,144.0,0.45,1440.0,0.144,2026-05-31,"POLYGON ((73.853864 18.535146, 73.854811 18.535152, 73.854805 18.536055, 73.853858 18.53605, 73.853864 18.535146))"
PUNE_GRID_100M_2057,18.536504,73.854329,39.19,0.189,0.179,-0.4,Built-up,0.225,36.86,43.1,2.33,High,20,5810.0,0.581,125.8,0.393,1610.0,0.161,2026-05-31,"POLYGON ((73.853858 18.53605, 73.854805 18.536055, 73.854799 18.536959, 73.853852 18.536953, 73.853858 18.53605))"
PUNE_GRID_100M_2058,18.537408,73.854323,40.11,0.202,0.196,-0.38,Built-up,0.197,36.84,42.4,2.58,High,24,6380.0,0.638,166.1,0.519,1520.0,0.152,2026-05-31,"POLYGON ((73.853852 18.536953, 73.854799 18.536959, 73.854793 18.537863, 73.853846 18.537857, 73.853852 18.536953))"
PUNE_GRID_100M_2059,18.538312,73.854317,39.46,0.222,0.225,-0.4,Built-up,0.208,37.49,43.2,2.19,High,23,5960.0,0.596,129.6,0.405,2590.0,0.259,2026-05-31,"POLYGON ((73.853846 18.537857, 73.854793 18.537863, 73.854787 18.538766, 73.85384 18.538761, 73.853846 18.537857))"
PUNE_GRID_100M_2060,18.539215,73.854311,39.24,0.184,0.24,-0.4,Built-up,0.192,36.88,45.8,2.73,High,28,5820.0,0.582,126.1,0.394,2160.0,0.216,2026-05-31,"POLYGON ((73.85384 18.538761, 73.854787 18.538766, 73.854781 18.53967, 73.853834 18.539664, 73.85384 18.538761))"
PUNE_GRID_100M_2061,18.540119,73.854305,39.61,0.252,0.266,-0.4,Built-up,0.221,36.67,44.3,2.39,High,24,6040.0,0.604,133.4,0.417,2150.0,0.215,2026-05-31,"POLYGON ((73.853834 18.539664, 73.854781 18.53967, 73.854775 18.540574, 73.853828 18.540568, 73.853834 18.539664))"
PUNE_GRID_100M_2062,18.541023,73.854299,38.65,0.34,0.202,-0.373,Built-up,0.215,36.46,45.5,2.21,High,25,5440.0,0.544,140.2,0.438,2150.0,0.215,2026-05-31,"POLYGON ((73.853828 18.540568, 73.854775 18.540574, 73.854769 18.541477, 73.853822 18.541472, 73.853828 18.540568))"
PUNE_GRID_100M_2063,18.541926,73.854293,38.91,0.237,0.172,-0.4,Built-up,0.228,36.89,43.9,3.01,High,18,5600.0,0.56,126.4,0.395,1680.0,0.168,2026-05-31,"POLYGON ((73.853822 18.541472, 73.854769 18.541477, 73.854763 18.542381, 73.853816 18.542375, 73.853822 18.541472))"
PUNE_GRID_100M_2064,18.54283,73.854286,38.36,0.278,0.118,-0.4,Built-up,0.21,36.47,42.2,2.51,High,23,5240.0,0.524,108.5,0.339,2990.0,0.299,2026-05-31,"POLYGON ((73.853816 18.542375, 73.854763 18.542381, 73.854757 18.543285, 73.85381 18.543279, 73.853816 18.542375))"
PUNE_GRID_100M_2065,18.543733,73.85428,38.49,0.256,0.129,-0.4,Built-up,0.233,36.98,41.1,2.56,High,16,5320.0,0.532,120.0,0.375,2780.0,0.278,2026-05-31,"POLYGON ((73.85381 18.543279, 73.854757 18.543285, 73.854751 18.544188, 73.853804 18.544182, 73.85381 18.543279))"
PUNE_GRID_100M_2066,18.544637,73.854274,37.65,0.254,0.106,-0.4,Built-up,0.216,35.6,42.6,2.96,High,18,4790.0,0.479,114.6,0.358,3160.0,0.316,2026-05-31,"POLYGON ((73.853804 18.544182, 73.854751 18.544188, 73.854745 18.545092, 73.853798 18.545086, 73.853804 18.544182))"
PUNE_GRID_100M_2067,18.545541,73.854268,36.0,0.267,0.043,-0.394,Built-up,0.234,34.71,46.7,3.13,Medium,13,3750.0,0.375,74.9,0.234,4450.0,0.445,2026-05-31,"POLYGON ((73.853798 18.545086, 73.854745 18.545092, 73.854739 18.545995, 73.853792 18.54599, 73.853798 18.545086))"
PUNE_GRID_100M_2068,18.546444,73.854262,37.68,0.253,0.141,-0.4,Built-up,0.239,35.67,44.9,2.48,High,18,4790.0,0.479,100.2,0.313,3660.0,0.366,2026-05-31,"POLYGON ((73.853792 18.54599, 73.854739 18.545995, 73.854733 18.546899, 73.853786 18.546893, 73.853792 18.54599))"
PUNE_GRID_100M_2069,18.547348,73.854256,38.77,0.187,0.164,-0.4,Built-up,0.195,36.18,43.7,2.62,High,27,5460.0,0.546,158.1,0.494,1660.0,0.166,2026-05-31,"POLYGON ((73.853786 18.546893, 73.854733 18.546899, 73.854727 18.547803, 73.85378 18.547797, 73.853786 18.546893))"
PUNE_GRID_100M_2070,18.548252,73.85425,38.21,0.331,0.18,-0.348,Built-up,0.211,36.51,43.9,2.66,High,21,5110.0,0.511,111.7,0.349,2530.0,0.253,2026-05-31,"POLYGON ((73.85378 18.547797, 73.854727 18.547803, 73.854721 18.548706, 73.853774 18.548701, 73.85378 18.547797))"
PUNE_GRID_100M_2071,18.549155,73.854244,38.08,0.263,0.157,-0.4,Built-up,0.218,36.29,47.6,3.05,High,25,5020.0,0.502,116.5,0.364,2480.0,0.248,2026-05-31,"POLYGON ((73.853774 18.548701, 73.854721 18.548706, 73.854715 18.54961, 73.853768 18.549604, 73.853774 18.548701))"
PUNE_GRID_100M_2072,18.550059,73.854238,38.13,0.252,0.166,-0.349,Built-up,0.218,36.28,43.3,3.22,High,18,5050.0,0.505,116.5,0.364,2890.0,0.289,2026-05-31,"POLYGON ((73.853768 18.549604, 73.854715 18.54961, 73.854709 18.550514, 73.853762 18.550508, 73.853768 18.549604))"
PUNE_GRID_100M_2073,18.500365,73.855516,38.96,0.272,0.237,-0.386,Built-up,0.191,36.9,45.2,2.39,High,23,5640.0,0.564,129.9,0.406,1710.0,0.171,2026-05-31,"POLYGON ((73.855046 18.49991, 73.855993 18.499916, 73.855987 18.500819, 73.85504 18.500814, 73.855046 18.49991))"
PUNE_GRID_100M_2074,18.501268,73.85551,39.21,0.183,0.179,-0.377,Built-up,0.239,36.74,43.6,2.86,High,20,5800.0,0.58,147.2,0.46,1550.0,0.155,2026-05-31,"POLYGON ((73.85504 18.500814, 73.855987 18.500819, 73.855981 18.501723, 73.855034 18.501717, 73.85504 18.500814))"
PUNE_GRID_100M_2075,18.502172,73.855504,38.72,0.214,0.205,-0.4,Built-up,0.184,36.3,43.9,2.41,High,26,5500.0,0.55,144.0,0.45,1870.0,0.187,2026-05-31,"POLYGON ((73.855034 18.501717, 73.855981 18.501723, 73.855975 18.502627, 73.855028 18.502621, 73.855034 18.501717))"
PUNE_GRID_100M_2076,18.503076,73.855498,39.12,0.234,0.21,-0.4,Built-up,0.224,36.9,45.5,2.59,High,28,5760.0,0.576,134.4,0.42,1880.0,0.188,2026-05-31,"POLYGON ((73.855028 18.502621, 73.855975 18.502627, 73.855969 18.50353, 73.855022 18.503525, 73.855028 18.502621))"
PUNE_GRID_100M_2077,18.503979,73.855492,40.03,0.24,0.241,-0.4,Built-up,0.215,37.87,45.2,2.24,High,26,6330.0,0.633,136.0,0.425,800.0,0.08,2026-05-31,"POLYGON ((73.855022 18.503525, 73.855969 18.50353, 73.855963 18.504434, 73.855016 18.504428, 73.855022 18.503525))"
PUNE_GRID_100M_2078,18.504883,73.855486,40.66,0.197,0.306,-0.4,Built-up,0.213,38.44,42.1,2.44,High,21,6730.0,0.673,177.9,0.556,640.0,0.064,2026-05-31,"POLYGON ((73.855016 18.504428, 73.855963 18.504434, 73.855957 18.505338, 73.85501 18.505332, 73.855016 18.504428))"
PUNE_GRID_100M_2079,18.505787,73.85548,39.75,0.219,0.265,-0.4,Built-up,0.168,37.56,44.4,2.42,High,22,6170.0,0.617,146.9,0.459,1950.0,0.195,2026-05-31,"POLYGON ((73.85501 18.505332, 73.855957 18.505338, 73.855951 18.506241, 73.855004 18.506236, 73.85501 18.505332))"
PUNE_GRID_100M_2080,18.50669,73.855474,39.66,0.215,0.206,-0.4,Built-up,0.19,37.27,43.8,2.35,High,25,6120.0,0.612,169.0,0.528,1350.0,0.135,2026-05-31,"POLYGON ((73.855004 18.506236, 73.855951 18.506241, 73.855945 18.507145, 73.854998 18.507139, 73.855004 18.506236))"
PUNE_GRID_100M_2081,18.507594,73.855468,40.18,0.21,0.253,-0.4,Built-up,0.217,37.71,42.9,2.46,High,25,6460.0,0.646,126.4,0.395,1970.0,0.197,2026-05-31,"POLYGON ((73.854998 18.507139, 73.855945 18.507145, 73.855939 18.508049, 73.854992 18.508043, 73.854998 18.507139))"
PUNE_GRID_100M_2082,18.508498,73.855462,40.83,0.179,0.296,-0.4,Built-up,0.159,38.08,42.6,2.16,High,35,6860.0,0.686,167.0,0.522,1110.0,0.111,2026-05-31,"POLYGON ((73.854992 18.508043, 73.855939 18.508049, 73.855933 18.508952, 73.854986 18.508946, 73.854992 18.508043))"
PUNE_GRID_100M_2083,18.509401,73.855456,39.35,0.182,0.213,-0.4,Built-up,0.178,36.74,42.5,2.16,High,18,5950.0,0.595,167.4,0.523,1790.0,0.179,2026-05-31,"POLYGON ((73.854986 18.508946, 73.855933 18.508952, 73.855927 18.509856, 73.85498 18.50985, 73.854986 18.508946))"
PUNE_GRID_100M_2084,18.510305,73.85545,38.83,0.243,0.215,-0.38,Built-up,0.194,36.69,43.5,2.39,High,20,5630.0,0.563,130.6,0.408,2180.0,0.218,2026-05-31,"POLYGON ((73.85498 18.50985, 73.855927 18.509856, 73.855921 18.510759, 73.854974 18.510754, 73.85498 18.50985))"
PUNE_GRID_100M_2085,18.511208,73.855444,40.39,0.143,0.276,-0.4,Built-up,0.193,37.37,41.8,2.55,High,30,6610.0,0.661,155.8,0.487,940.0,0.094,2026-05-31,"POLYGON ((73.854974 18.510754, 73.855921 18.510759, 73.855915 18.511663, 73.854968 18.511657, 73.854974 18.510754))"
PUNE_GRID_100M_2086,18.512112,73.855438,40.01,0.203,0.305,-0.4,Built-up,0.209,37.47,44.3,2.25,High,24,6380.0,0.638,156.8,0.49,1460.0,0.146,2026-05-31,"POLYGON ((73.854968 18.511657, 73.855915 18.511663, 73.855909 18.512567, 73.854962 18.512561, 73.854968 18.511657))"
PUNE_GRID_100M_2087,18.513016,73.855432,40.74,0.155,0.237,-0.4,Built-up,0.195,38.51,42.3,2.33,High,35,6850.0,0.685,157.1,0.491,520.0,0.052,2026-05-31,"POLYGON ((73.854962 18.512561, 73.855909 18.512567, 73.855903 18.51347, 73.854956 18.513465, 73.854962 18.512561))"
PUNE_GRID_100M_2088,18.513919,73.855426,41.19,0.26,0.3,-0.38,Built-up,0.177,38.58,40.1,2.35,Extreme,22,7130.0,0.713,167.0,0.522,200.0,0.02,2026-05-31,"POLYGON ((73.854956 18.513465, 73.855903 18.51347, 73.855897 18.514374, 73.85495 18.514368, 73.854956 18.513465))"
PUNE_GRID_100M_2089,18.514823,73.85542,41.11,0.16,0.273,-0.393,Built-up,0.196,38.0,41.0,2.34,Extreme,34,7090.0,0.709,165.8,0.518,550.0,0.055,2026-05-31,"POLYGON ((73.85495 18.514368, 73.855897 18.514374, 73.855891 18.515278, 73.854944 18.515272, 73.85495 18.514368))"
PUNE_GRID_100M_2090,18.515727,73.855414,42.79,0.046,0.394,-0.4,Built-up,0.176,39.43,36.0,1.95,Extreme,30,8140.0,0.814,187.2,0.585,200.0,0.02,2026-05-31,"POLYGON ((73.854944 18.515272, 73.855891 18.515278, 73.855885 18.516181, 73.854938 18.516176, 73.854944 18.515272))"
PUNE_GRID_100M_2091,18.51663,73.855408,42.04,0.123,0.293,-0.4,Built-up,0.194,38.68,40.6,1.96,Extreme,35,7690.0,0.769,200.3,0.626,200.0,0.02,2026-05-31,"POLYGON ((73.854938 18.516176, 73.855885 18.516181, 73.855879 18.517085, 73.854932 18.517079, 73.854938 18.516176))"
PUNE_GRID_100M_2092,18.517534,73.855402,42.17,0.145,0.358,-0.375,Built-up,0.173,39.0,41.3,1.96,Extreme,27,7770.0,0.777,192.3,0.601,200.0,0.02,2026-05-31,"POLYGON ((73.854932 18.517079, 73.855879 18.517085, 73.855873 18.517989, 73.854926 18.517983, 73.854932 18.517079))"
PUNE_GRID_100M_2093,18.518437,73.855396,42.57,0.177,0.347,-0.375,Built-up,0.148,39.61,40.7,2.46,Extreme,27,8030.0,0.803,195.8,0.612,200.0,0.02,2026-05-31,"POLYGON ((73.854926 18.517983, 73.855873 18.517989, 73.855867 18.518892, 73.85492 18.518886, 73.854926 18.517983))"
PUNE_GRID_100M_2094,18.519341,73.85539,41.29,0.131,0.286,-0.4,Built-up,0.175,38.6,44.9,2.15,Extreme,26,7230.0,0.723,184.0,0.575,200.0,0.02,2026-05-31,"POLYGON ((73.85492 18.518886, 73.855867 18.518892, 73.855861 18.519796, 73.854914 18.51979, 73.85492 18.518886))"
PUNE_GRID_100M_2095,18.520245,73.855384,43.09,0.029,0.346,-0.4,Built-up,0.199,40.41,41.4,2.13,Extreme,31,8360.0,0.836,197.1,0.616,200.0,0.02,2026-05-31,"POLYGON ((73.854914 18.51979, 73.855861 18.519796, 73.855855 18.520699, 73.854908 18.520694, 73.854914 18.51979))"
PUNE_GRID_100M_2096,18.521148,73.855378,42.17,0.157,0.334,-0.4,Built-up,0.183,39.38,42.1,2.12,Extreme,25,7780.0,0.778,177.0,0.553,200.0,0.02,2026-05-31,"POLYGON ((73.854908 18.520694, 73.855855 18.520699, 73.855849 18.521603, 73.854902 18.521597, 73.854908 18.520694))"
PUNE_GRID_100M_2097,18.522052,73.855372,42.65,0.052,0.402,-0.4,Built-up,0.163,39.42,38.4,1.8,Extreme,42,8080.0,0.808,186.2,0.582,200.0,0.02,2026-05-31,"POLYGON ((73.854902 18.521597, 73.855849 18.521603, 73.855843 18.522507, 73.854896 18.522501, 73.854902 18.521597))"
PUNE_GRID_100M_2098,18.522956,73.855366,41.12,0.143,0.3,-0.4,Built-up,0.203,38.49,41.6,2.47,Extreme,31,7120.0,0.712,170.9,0.534,790.0,0.079,2026-05-31,"POLYGON ((73.854896 18.522501, 73.855843 18.522507, 73.855837 18.52341, 73.85489 18.523405, 73.854896 18.522501))"
PUNE_GRID_100M_2099,18.523859,73.85536,40.59,0.169,0.295,-0.4,Built-up,0.17,37.85,41.8,2.21,High,31,6780.0,0.678,149.1,0.466,200.0,0.02,2026-05-31,"POLYGON ((73.85489 18.523405, 73.855837 18.52341, 73.855831 18.524314, 73.854884 18.524308, 73.85489 18.523405))"
PUNE_GRID_100M_2100,18.524763,73.855354,42.33,0.116,0.405,-0.4,Built-up,0.164,38.79,40.0,2.28,Extreme,24,7860.0,0.786,182.1,0.569,280.0,0.028,2026-05-31,"POLYGON ((73.854884 18.524308, 73.855831 18.524314, 73.855825 18.525218, 73.854878 18.525212, 73.854884 18.524308))"
PUNE_GRID_100M_2101,18.525667,73.855348,41.82,0.164,0.34,-0.4,Built-up,0.181,39.17,40.3,1.81,Extreme,32,7540.0,0.754,174.4,0.545,200.0,0.02,2026-05-31,"POLYGON ((73.854878 18.525212, 73.855825 18.525218, 73.855819 18.526121, 73.854872 18.526116, 73.854878 18.525212))"
PUNE_GRID_100M_2102,18.52657,73.855342,40.64,0.15,0.262,-0.4,Built-up,0.186,38.25,39.8,2.35,High,24,6790.0,0.679,190.1,0.594,490.0,0.049,2026-05-31,"POLYGON ((73.854872 18.526116, 73.855819 18.526121, 73.855813 18.527025, 73.854866 18.527019, 73.854872 18.526116))"
PUNE_GRID_100M_2103,18.527474,73.855336,40.51,0.171,0.287,-0.4,Built-up,0.19,37.78,40.7,2.14,High,24,6700.0,0.67,125.4,0.392,370.0,0.037,2026-05-31,"POLYGON ((73.854866 18.527019, 73.855813 18.527025, 73.855807 18.527929, 73.85486 18.527923, 73.854866 18.527019))"
PUNE_GRID_100M_2104,18.528377,73.85533,41.94,0.132,0.321,-0.4,Built-up,0.179,38.94,42.8,1.98,Extreme,36,7590.0,0.759,179.8,0.562,200.0,0.02,2026-05-31,"POLYGON ((73.85486 18.527923, 73.855807 18.527929, 73.855801 18.528832, 73.854853 18.528826, 73.85486 18.527923))"
PUNE_GRID_100M_2105,18.529281,73.855324,39.93,0.208,0.232,-0.4,Built-up,0.177,37.82,42.8,2.08,High,29,6330.0,0.633,174.1,0.544,1130.0,0.113,2026-05-31,"POLYGON ((73.854853 18.528826, 73.855801 18.528832, 73.855795 18.529736, 73.854847 18.52973, 73.854853 18.528826))"
PUNE_GRID_100M_2106,18.530185,73.855318,42.04,0.133,0.296,-0.4,Built-up,0.189,39.18,40.6,2.04,Extreme,34,7640.0,0.764,185.0,0.578,200.0,0.02,2026-05-31,"POLYGON ((73.854847 18.52973, 73.855795 18.529736, 73.855789 18.530639, 73.854841 18.530634, 73.854847 18.52973))"
PUNE_GRID_100M_2107,18.531088,73.855312,39.84,0.223,0.271,-0.4,Built-up,0.171,36.95,43.1,2.07,High,26,6260.0,0.626,160.0,0.5,1010.0,0.101,2026-05-31,"POLYGON ((73.854841 18.530634, 73.855789 18.530639, 73.855783 18.531543, 73.854835 18.531537, 73.854841 18.530634))"
PUNE_GRID_100M_2108,18.531992,73.855306,40.91,0.202,0.279,-0.4,Built-up,0.192,38.21,44.0,2.36,High,32,6920.0,0.692,167.4,0.523,200.0,0.02,2026-05-31,"POLYGON ((73.854835 18.531537, 73.855783 18.531543, 73.855777 18.532447, 73.854829 18.532441, 73.854835 18.531537))"
PUNE_GRID_100M_2109,18.532896,73.8553,39.97,0.217,0.254,-0.4,Built-up,0.215,37.43,43.0,2.3,High,34,6330.0,0.633,143.4,0.448,1780.0,0.178,2026-05-31,"POLYGON ((73.854829 18.532441, 73.855777 18.532447, 73.855771 18.53335, 73.854823 18.533345, 73.854829 18.532441))"
PUNE_GRID_100M_2110,18.533799,73.855294,40.56,0.199,0.244,-0.4,Built-up,0.192,38.23,43.4,2.47,High,22,6680.0,0.668,131.5,0.411,1100.0,0.11,2026-05-31,"POLYGON ((73.854823 18.533345, 73.855771 18.53335, 73.855765 18.534254, 73.854817 18.534248, 73.854823 18.533345))"
PUNE_GRID_100M_2111,18.534703,73.855288,39.48,0.155,0.24,-0.4,Built-up,0.179,37.45,42.1,2.77,High,19,6000.0,0.6,146.6,0.458,2240.0,0.224,2026-05-31,"POLYGON ((73.854817 18.534248, 73.855765 18.534254, 73.855759 18.535158, 73.854811 18.535152, 73.854817 18.534248))"
PUNE_GRID_100M_2112,18.535607,73.855282,39.62,0.215,0.21,-0.4,Built-up,0.2,37.63,42.4,2.43,High,26,6090.0,0.609,136.3,0.426,1420.0,0.142,2026-05-31,"POLYGON ((73.854811 18.535152, 73.855759 18.535158, 73.855753 18.536061, 73.854805 18.536055, 73.854811 18.535152))"
PUNE_GRID_100M_2113,18.53651,73.855276,39.62,0.232,0.229,-0.4,Built-up,0.186,36.9,43.8,2.04,High,26,6080.0,0.608,135.7,0.424,1470.0,0.147,2026-05-31,"POLYGON ((73.854805 18.536055, 73.855753 18.536061, 73.855747 18.536965, 73.854799 18.536959, 73.854805 18.536055))"
PUNE_GRID_100M_2114,18.537414,73.85527,38.62,0.277,0.214,-0.4,Built-up,0.21,36.3,46.9,2.46,High,30,5450.0,0.545,124.5,0.389,2710.0,0.271,2026-05-31,"POLYGON ((73.854799 18.536959, 73.855747 18.536965, 73.855741 18.537868, 73.854793 18.537863, 73.854799 18.536959))"
PUNE_GRID_100M_2115,18.538317,73.855264,39.86,0.177,0.267,-0.4,Built-up,0.19,37.74,45.3,2.78,High,22,6210.0,0.621,171.5,0.536,530.0,0.053,2026-05-31,"POLYGON ((73.854793 18.537863, 73.855741 18.537868, 73.855735 18.538772, 73.854787 18.538766, 73.854793 18.537863))"
PUNE_GRID_100M_2116,18.539221,73.855258,38.69,0.219,0.19,-0.399,Built-up,0.231,36.41,44.9,2.55,High,18,5480.0,0.548,162.2,0.507,1510.0,0.151,2026-05-31,"POLYGON ((73.854787 18.538766, 73.855735 18.538772, 73.855729 18.539676, 73.854781 18.53967, 73.854787 18.538766))"
PUNE_GRID_100M_2117,18.540125,73.855252,38.76,0.22,0.141,-0.365,Built-up,0.232,36.18,44.2,2.9,High,27,5510.0,0.551,135.0,0.422,2660.0,0.266,2026-05-31,"POLYGON ((73.854781 18.53967, 73.855729 18.539676, 73.855723 18.540579, 73.854775 18.540574, 73.854781 18.53967))"
PUNE_GRID_100M_2118,18.541028,73.855246,37.98,0.292,0.249,-0.4,Built-up,0.193,36.25,46.7,2.71,High,24,5020.0,0.502,114.6,0.358,2440.0,0.244,2026-05-31,"POLYGON ((73.854775 18.540574, 73.855723 18.540579, 73.855717 18.541483, 73.854769 18.541477, 73.854775 18.540574))"
PUNE_GRID_100M_2119,18.541932,73.85524,36.57,0.361,0.148,-0.4,Built-up,0.224,34.93,46.9,2.28,Medium,14,4130.0,0.413,84.2,0.263,3350.0,0.335,2026-05-31,"POLYGON ((73.854769 18.541477, 73.855717 18.541483, 73.855711 18.542387, 73.854763 18.542381, 73.854769 18.541477))"
PUNE_GRID_100M_2120,18.542836,73.855234,38.3,0.243,0.195,-0.4,Built-up,0.199,36.85,40.9,2.7,High,19,5210.0,0.521,130.9,0.409,3310.0,0.331,2026-05-31,"POLYGON ((73.854763 18.542381, 73.855711 18.542387, 73.855705 18.54329, 73.854757 18.543285, 73.854763 18.542381))"
PUNE_GRID_100M_2121,18.543739,73.855228,40.22,0.229,0.237,-0.4,Built-up,0.198,37.74,41.2,2.76,High,34,6400.0,0.64,176.3,0.551,390.0,0.039,2026-05-31,"POLYGON ((73.854757 18.543285, 73.855705 18.54329, 73.855699 18.544194, 73.854751 18.544188, 73.854757 18.543285))"
PUNE_GRID_100M_2122,18.544643,73.855222,38.76,0.248,0.191,-0.4,Built-up,0.2,36.68,44.5,2.94,High,20,5480.0,0.548,128.3,0.401,2390.0,0.239,2026-05-31,"POLYGON ((73.854751 18.544188, 73.855699 18.544194, 73.855692 18.545098, 73.854745 18.545092, 73.854751 18.544188))"
PUNE_GRID_100M_2123,18.545546,73.855216,37.95,0.267,0.141,-0.4,Built-up,0.226,35.95,42.0,3.12,High,22,4970.0,0.497,89.0,0.278,3220.0,0.322,2026-05-31,"POLYGON ((73.854745 18.545092, 73.855692 18.545098, 73.855686 18.546001, 73.854739 18.545995, 73.854745 18.545092))"
PUNE_GRID_100M_2124,18.54645,73.85521,37.59,0.276,0.179,-0.379,Built-up,0.229,36.29,43.6,2.96,High,20,4740.0,0.474,122.2,0.382,1990.0,0.199,2026-05-31,"POLYGON ((73.854739 18.545995, 73.855686 18.546001, 73.85568 18.546905, 73.854733 18.546899, 73.854739 18.545995))"
PUNE_GRID_100M_2125,18.547354,73.855204,37.66,0.312,0.153,-0.4,Built-up,0.224,35.97,43.8,2.9,High,16,4770.0,0.477,127.0,0.397,2930.0,0.293,2026-05-31,"POLYGON ((73.854733 18.546899, 73.85568 18.546905, 73.855674 18.547808, 73.854727 18.547803, 73.854733 18.546899))"
PUNE_GRID_100M_2126,18.548257,73.855198,37.92,0.286,0.133,-0.314,Built-up,0.23,35.92,44.3,2.97,High,16,4930.0,0.493,97.9,0.306,3330.0,0.333,2026-05-31,"POLYGON ((73.854727 18.547803, 73.855674 18.547808, 73.855668 18.548712, 73.854721 18.548706, 73.854727 18.547803))"
PUNE_GRID_100M_2127,18.549161,73.855192,36.37,0.418,0.073,-0.355,Vegetation,0.241,34.72,45.5,2.83,Medium,16,3950.0,0.395,97.0,0.303,4280.0,0.428,2026-05-31,"POLYGON ((73.854721 18.548706, 73.855668 18.548712, 73.855662 18.549616, 73.854715 18.54961, 73.854721 18.548706))"
PUNE_GRID_100M_2128,18.550065,73.855186,38.04,0.235,0.195,-0.4,Built-up,0.213,36.11,44.1,2.6,High,15,4990.0,0.499,125.4,0.392,3200.0,0.32,2026-05-31,"POLYGON ((73.854715 18.54961, 73.855662 18.549616, 73.855656 18.550519, 73.854709 18.550514, 73.854715 18.54961))"
PUNE_GRID_100M_2129,18.500371,73.856464,39.47,0.239,0.274,-0.4,Built-up,0.174,36.84,44.7,2.61,High,25,5950.0,0.595,141.8,0.443,1570.0,0.157,2026-05-31,"POLYGON ((73.855993 18.499916, 73.85694 18.499922, 73.856934 18.500825, 73.855987 18.500819, 73.855993 18.499916))"
PUNE_GRID_100M_2130,18.501274,73.856458,39.63,0.192,0.279,-0.4,Built-up,0.215,37.55,42.9,2.65,High,21,6060.0,0.606,135.4,0.423,1960.0,0.196,2026-05-31,"POLYGON ((73.855987 18.500819, 73.856934 18.500825, 73.856928 18.501729, 73.855981 18.501723, 73.855987 18.500819))"
PUNE_GRID_100M_2131,18.502178,73.856452,39.57,0.18,0.253,-0.4,Built-up,0.222,36.66,42.8,2.31,High,24,6030.0,0.603,157.8,0.493,1220.0,0.122,2026-05-31,"POLYGON ((73.855981 18.501723, 73.856928 18.501729, 73.856922 18.502632, 73.855975 18.502627, 73.855981 18.501723))"
PUNE_GRID_100M_2132,18.503081,73.856446,39.4,0.221,0.215,-0.4,Built-up,0.198,37.04,41.5,2.78,High,19,5930.0,0.593,137.3,0.429,1220.0,0.122,2026-05-31,"POLYGON ((73.855975 18.502627, 73.856922 18.502632, 73.856916 18.503536, 73.855969 18.50353, 73.855975 18.502627))"
PUNE_GRID_100M_2133,18.503985,73.85644,40.08,0.203,0.156,-0.344,Built-up,0.206,37.74,44.5,2.69,High,20,6370.0,0.637,133.8,0.418,860.0,0.086,2026-05-31,"POLYGON ((73.855969 18.50353, 73.856916 18.503536, 73.85691 18.50444, 73.855963 18.504434, 73.855969 18.50353))"
PUNE_GRID_100M_2134,18.504889,73.856434,40.18,0.31,0.267,-0.4,Built-up,0.201,37.73,41.8,2.19,High,33,6430.0,0.643,128.0,0.4,790.0,0.079,2026-05-31,"POLYGON ((73.855963 18.504434, 73.85691 18.50444, 73.856904 18.505343, 73.855957 18.505338, 73.855963 18.504434))"
PUNE_GRID_100M_2135,18.505792,73.856428,39.59,0.207,0.231,-0.4,Built-up,0.207,37.0,41.7,2.71,High,19,6070.0,0.607,161.9,0.506,1820.0,0.182,2026-05-31,"POLYGON ((73.855957 18.505338, 73.856904 18.505343, 73.856898 18.506247, 73.855951 18.506241, 73.855957 18.505338))"
PUNE_GRID_100M_2136,18.506696,73.856422,39.57,0.17,0.235,-0.4,Built-up,0.195,37.4,43.7,2.35,High,20,6070.0,0.607,153.6,0.48,880.0,0.088,2026-05-31,"POLYGON ((73.855951 18.506241, 73.856898 18.506247, 73.856892 18.507151, 73.855945 18.507145, 73.855951 18.506241))"
PUNE_GRID_100M_2137,18.5076,73.856416,40.28,0.201,0.264,-0.4,Built-up,0.174,37.43,41.6,2.23,High,22,6510.0,0.651,157.4,0.492,1120.0,0.112,2026-05-31,"POLYGON ((73.855945 18.507145, 73.856892 18.507151, 73.856886 18.508054, 73.855939 18.508049, 73.855945 18.507145))"
PUNE_GRID_100M_2138,18.508503,73.85641,41.6,0.061,0.282,-0.379,Built-up,0.194,38.61,40.9,2.57,Extreme,35,7350.0,0.735,170.9,0.534,200.0,0.02,2026-05-31,"POLYGON ((73.855939 18.508049, 73.856886 18.508054, 73.85688 18.508958, 73.855933 18.508952, 73.855939 18.508049))"
PUNE_GRID_100M_2139,18.509407,73.856404,39.53,0.213,0.246,-0.399,Built-up,0.204,37.37,43.8,2.32,High,20,6060.0,0.606,138.6,0.433,1600.0,0.16,2026-05-31,"POLYGON ((73.855933 18.508952, 73.85688 18.508958, 73.856874 18.509862, 73.855927 18.509856, 73.855933 18.508952))"
PUNE_GRID_100M_2140,18.510311,73.856398,39.51,0.218,0.247,-0.4,Built-up,0.206,37.3,42.9,2.68,High,20,6060.0,0.606,131.5,0.411,2250.0,0.225,2026-05-31,"POLYGON ((73.855927 18.509856, 73.856874 18.509862, 73.856868 18.510765, 73.855921 18.510759, 73.855927 18.509856))"
PUNE_GRID_100M_2141,18.511214,73.856392,40.98,0.197,0.315,-0.4,Built-up,0.189,37.98,45.7,2.11,High,31,6980.0,0.698,161.9,0.506,330.0,0.033,2026-05-31,"POLYGON ((73.855921 18.510759, 73.856868 18.510765, 73.856862 18.511669, 73.855915 18.511663, 73.855921 18.510759))"
PUNE_GRID_100M_2142,18.512118,73.856386,41.05,0.202,0.326,-0.4,Built-up,0.177,38.59,42.0,1.9,Extreme,22,7030.0,0.703,141.4,0.442,890.0,0.089,2026-05-31,"POLYGON ((73.855915 18.511663, 73.856862 18.511669, 73.856856 18.512572, 73.855909 18.512567, 73.855915 18.511663))"
PUNE_GRID_100M_2143,18.513021,73.85638,41.31,0.134,0.327,-0.4,Built-up,0.196,38.44,42.9,2.17,Extreme,38,7200.0,0.72,163.5,0.511,280.0,0.028,2026-05-31,"POLYGON ((73.855909 18.512567, 73.856856 18.512572, 73.85685 18.513476, 73.855903 18.51347, 73.855909 18.512567))"
PUNE_GRID_100M_2144,18.513925,73.856374,41.53,0.14,0.307,-0.4,Built-up,0.186,38.79,38.9,2.35,Extreme,36,7340.0,0.734,172.2,0.538,200.0,0.02,2026-05-31,"POLYGON ((73.855903 18.51347, 73.85685 18.513476, 73.856844 18.51438, 73.855897 18.514374, 73.855903 18.51347))"
PUNE_GRID_100M_2145,18.514829,73.856368,41.32,0.123,0.307,-0.4,Built-up,0.178,38.88,40.7,1.98,Extreme,28,7220.0,0.722,181.1,0.566,1000.0,0.1,2026-05-31,"POLYGON ((73.855897 18.514374, 73.856844 18.51438, 73.856838 18.515283, 73.855891 18.515278, 73.855897 18.514374))"
PUNE_GRID_100M_2146,18.515732,73.856362,42.85,0.055,0.381,-0.4,Built-up,0.169,39.83,39.1,1.87,Extreme,31,8180.0,0.818,195.8,0.612,200.0,0.02,2026-05-31,"POLYGON ((73.855891 18.515278, 73.856838 18.515283, 73.856832 18.516187, 73.855885 18.516181, 73.855891 18.515278))"
PUNE_GRID_100M_2147,18.516636,73.856356,40.54,0.193,0.278,-0.4,Built-up,0.164,38.21,41.1,2.16,High,24,6750.0,0.675,172.2,0.538,1150.0,0.115,2026-05-31,"POLYGON ((73.855885 18.516181, 73.856832 18.516187, 73.856826 18.517091, 73.855879 18.517085, 73.855885 18.516181))"
PUNE_GRID_100M_2148,18.51754,73.85635,41.32,0.103,0.339,-0.4,Built-up,0.176,38.48,42.6,1.79,Extreme,39,7240.0,0.724,191.0,0.597,230.0,0.023,2026-05-31,"POLYGON ((73.855879 18.517085, 73.856826 18.517091, 73.85682 18.517994, 73.855873 18.517989, 73.855879 18.517085))"
PUNE_GRID_100M_2149,18.518443,73.856344,42.06,0.111,0.362,-0.4,Built-up,0.185,39.18,42.9,2.12,Extreme,24,7710.0,0.771,198.7,0.621,200.0,0.02,2026-05-31,"POLYGON ((73.855873 18.517989, 73.85682 18.517994, 73.856814 18.518898, 73.855867 18.518892, 73.855873 18.517989))"
PUNE_GRID_100M_2150,18.519347,73.856338,40.99,0.126,0.357,-0.4,Built-up,0.181,38.26,42.7,1.97,High,37,7040.0,0.704,175.0,0.547,970.0,0.097,2026-05-31,"POLYGON ((73.855867 18.518892, 73.856814 18.518898, 73.856808 18.519802, 73.855861 18.519796, 73.855867 18.518892))"
PUNE_GRID_100M_2151,18.52025,73.856332,42.29,0.142,0.419,-0.4,Built-up,0.187,38.74,40.8,2.11,Extreme,39,7860.0,0.786,188.8,0.59,200.0,0.02,2026-05-31,"POLYGON ((73.855861 18.519796, 73.856808 18.519802, 73.856802 18.520705, 73.855855 18.520699, 73.855861 18.519796))"
PUNE_GRID_100M_2152,18.521154,73.856325,43.68,0.143,0.418,-0.4,Built-up,0.161,40.17,39.1,1.75,Extreme,47,8730.0,0.873,197.1,0.616,200.0,0.02,2026-05-31,"POLYGON ((73.855855 18.520699, 73.856802 18.520705, 73.856796 18.521609, 73.855849 18.521603, 73.855855 18.520699))"
PUNE_GRID_100M_2153,18.522058,73.856319,42.21,0.071,0.234,-0.4,Built-up,0.205,39.12,42.9,2.31,Extreme,30,7810.0,0.781,196.8,0.615,200.0,0.02,2026-05-31,"POLYGON ((73.855849 18.521603, 73.856796 18.521609, 73.85679 18.522512, 73.855843 18.522507, 73.855849 18.521603))"
PUNE_GRID_100M_2154,18.522961,73.856313,42.22,0.048,0.387,-0.4,Built-up,0.182,39.23,44.3,2.04,Extreme,25,7800.0,0.78,208.6,0.652,200.0,0.02,2026-05-31,"POLYGON ((73.855843 18.522507, 73.85679 18.522512, 73.856784 18.523416, 73.855837 18.52341, 73.855843 18.522507))"
PUNE_GRID_100M_2155,18.523865,73.856307,40.86,0.165,0.272,-0.323,Built-up,0.226,38.06,42.5,2.26,High,25,6950.0,0.695,171.2,0.535,200.0,0.02,2026-05-31,"POLYGON ((73.855837 18.52341, 73.856784 18.523416, 73.856778 18.52432, 73.855831 18.524314, 73.855837 18.52341))"
PUNE_GRID_100M_2156,18.524769,73.856301,41.22,0.158,0.281,-0.387,Built-up,0.192,38.13,43.4,2.32,Extreme,24,7170.0,0.717,196.5,0.614,200.0,0.02,2026-05-31,"POLYGON ((73.855831 18.524314, 73.856778 18.52432, 73.856772 18.525223, 73.855825 18.525218, 73.855831 18.524314))"
PUNE_GRID_100M_2157,18.525672,73.856295,41.25,0.165,0.294,-0.4,Built-up,0.171,38.57,42.5,1.93,Extreme,39,7180.0,0.718,152.6,0.477,310.0,0.031,2026-05-31,"POLYGON ((73.855825 18.525218, 73.856772 18.525223, 73.856766 18.526127, 73.855819 18.526121, 73.855825 18.525218))"
PUNE_GRID_100M_2158,18.526576,73.856289,41.13,0.143,0.287,-0.4,Built-up,0.201,37.9,43.2,2.36,Extreme,27,7100.0,0.71,155.5,0.486,250.0,0.025,2026-05-31,"POLYGON ((73.855819 18.526121, 73.856766 18.526127, 73.85676 18.527031, 73.855813 18.527025, 73.855819 18.526121))"
PUNE_GRID_100M_2159,18.52748,73.856283,42.25,0.113,0.37,-0.4,Built-up,0.201,39.51,39.5,1.93,Extreme,31,7790.0,0.779,197.8,0.618,200.0,0.02,2026-05-31,"POLYGON ((73.855813 18.527025, 73.85676 18.527031, 73.856754 18.527934, 73.855807 18.527929, 73.855813 18.527025))"
PUNE_GRID_100M_2160,18.528383,73.856277,41.51,0.162,0.271,-0.4,Built-up,0.186,38.49,41.1,1.97,Extreme,29,7320.0,0.732,179.2,0.56,200.0,0.02,2026-05-31,"POLYGON ((73.855807 18.527929, 73.856754 18.527934, 73.856748 18.528838, 73.855801 18.528832, 73.855807 18.527929))"
PUNE_GRID_100M_2161,18.529287,73.856271,40.01,0.241,0.218,-0.4,Built-up,0.213,37.58,43.6,2.66,High,33,6380.0,0.638,169.9,0.531,590.0,0.059,2026-05-31,"POLYGON ((73.855801 18.528832, 73.856748 18.528838, 73.856742 18.529742, 73.855795 18.529736, 73.855801 18.528832))"
PUNE_GRID_100M_2162,18.53019,73.856265,40.93,0.089,0.302,-0.4,Built-up,0.204,38.32,44.1,2.52,High,25,6950.0,0.695,166.7,0.521,1610.0,0.161,2026-05-31,"POLYGON ((73.855795 18.529736, 73.856742 18.529742, 73.856736 18.530645, 73.855789 18.530639, 73.855795 18.529736))"
PUNE_GRID_100M_2163,18.531094,73.856259,40.97,0.151,0.312,-0.4,Built-up,0.199,38.36,41.0,2.74,High,27,6960.0,0.696,155.8,0.487,380.0,0.038,2026-05-31,"POLYGON ((73.855789 18.530639, 73.856736 18.530645, 73.85673 18.531549, 73.855783 18.531543, 73.855789 18.530639))"
PUNE_GRID_100M_2164,18.531998,73.856253,41.32,0.162,0.329,-0.4,Built-up,0.183,38.0,38.9,2.27,Extreme,25,7180.0,0.718,169.6,0.53,200.0,0.02,2026-05-31,"POLYGON ((73.855783 18.531543, 73.85673 18.531549, 73.856724 18.532452, 73.855777 18.532447, 73.855783 18.531543))"
PUNE_GRID_100M_2165,18.532901,73.856247,41.51,0.11,0.294,-0.4,Built-up,0.177,38.8,41.0,2.4,Extreme,29,7290.0,0.729,155.2,0.485,200.0,0.02,2026-05-31,"POLYGON ((73.855777 18.532447, 73.856724 18.532452, 73.856718 18.533356, 73.855771 18.53335, 73.855777 18.532447))"
PUNE_GRID_100M_2166,18.533805,73.856241,39.27,0.295,0.188,-0.4,Built-up,0.205,37.08,45.1,2.51,High,29,5880.0,0.588,126.7,0.396,1430.0,0.143,2026-05-31,"POLYGON ((73.855771 18.53335, 73.856718 18.533356, 73.856712 18.53426, 73.855765 18.534254, 73.855771 18.53335))"
PUNE_GRID_100M_2167,18.534709,73.856235,39.27,0.2,0.202,-0.4,Built-up,0.211,36.8,41.2,2.43,High,21,5880.0,0.588,153.6,0.48,2010.0,0.201,2026-05-31,"POLYGON ((73.855765 18.534254, 73.856712 18.53426, 73.856706 18.535163, 73.855759 18.535158, 73.855765 18.534254))"
PUNE_GRID_100M_2168,18.535612,73.856229,38.75,0.242,0.201,-0.4,Built-up,0.217,36.4,42.2,2.31,High,27,5540.0,0.554,144.0,0.45,2240.0,0.224,2026-05-31,"POLYGON ((73.855759 18.535158, 73.856706 18.535163, 73.8567 18.536067, 73.855753 18.536061, 73.855759 18.535158))"
PUNE_GRID_100M_2169,18.536516,73.856223,39.41,0.243,0.268,-0.4,Built-up,0.197,36.99,43.7,2.3,High,19,5950.0,0.595,147.5,0.461,1830.0,0.183,2026-05-31,"POLYGON ((73.855753 18.536061, 73.8567 18.536067, 73.856694 18.536971, 73.855747 18.536965, 73.855753 18.536061))"
PUNE_GRID_100M_2170,18.53742,73.856217,39.81,0.183,0.18,-0.365,Built-up,0.202,36.98,43.0,2.55,High,23,6190.0,0.619,126.4,0.395,1480.0,0.148,2026-05-31,"POLYGON ((73.855747 18.536965, 73.856694 18.536971, 73.856688 18.537874, 73.855741 18.537868, 73.855747 18.536965))"
PUNE_GRID_100M_2171,18.538323,73.856211,40.06,0.124,0.246,-0.4,Built-up,0.204,38.06,43.8,2.32,High,31,6340.0,0.634,147.5,0.461,1170.0,0.117,2026-05-31,"POLYGON ((73.855741 18.537868, 73.856688 18.537874, 73.856682 18.538778, 73.855735 18.538772, 73.855741 18.537868))"
PUNE_GRID_100M_2172,18.539227,73.856205,39.05,0.216,0.167,-0.4,Built-up,0.223,37.28,41.9,2.35,High,18,5700.0,0.57,121.3,0.379,2010.0,0.201,2026-05-31,"POLYGON ((73.855735 18.538772, 73.856682 18.538778, 73.856676 18.539681, 73.855729 18.539676, 73.855735 18.538772))"
PUNE_GRID_100M_2173,18.54013,73.856199,38.69,0.287,0.141,-0.342,Built-up,0.22,36.72,43.6,2.67,High,21,5470.0,0.547,146.2,0.457,2130.0,0.213,2026-05-31,"POLYGON ((73.855729 18.539676, 73.856676 18.539681, 73.85667 18.540585, 73.855723 18.540579, 73.855729 18.539676))"
PUNE_GRID_100M_2174,18.541034,73.856193,38.91,0.225,0.23,-0.4,Built-up,0.186,36.67,45.7,2.6,High,29,5600.0,0.56,127.0,0.397,2540.0,0.254,2026-05-31,"POLYGON ((73.855723 18.540579, 73.85667 18.540585, 73.856664 18.541489, 73.855717 18.541483, 73.855723 18.540579))"
PUNE_GRID_100M_2175,18.541938,73.856187,37.95,0.238,0.174,-0.4,Built-up,0.206,36.01,42.9,2.83,High,18,5000.0,0.5,106.2,0.332,3140.0,0.314,2026-05-31,"POLYGON ((73.855717 18.541483, 73.856664 18.541489, 73.856658 18.542392, 73.855711 18.542387, 73.855717 18.541483))"
PUNE_GRID_100M_2176,18.542841,73.856181,40.13,0.232,0.269,-0.4,Built-up,0.206,37.82,45.1,2.59,High,29,6350.0,0.635,152.6,0.477,1420.0,0.142,2026-05-31,"POLYGON ((73.855711 18.542387, 73.856658 18.542392, 73.856652 18.543296, 73.855705 18.54329, 73.855711 18.542387))"
PUNE_GRID_100M_2177,18.543745,73.856175,37.01,0.291,0.143,-0.345,Built-up,0.194,35.93,43.8,2.58,Medium,15,4390.0,0.439,97.3,0.304,3900.0,0.39,2026-05-31,"POLYGON ((73.855705 18.54329, 73.856652 18.543296, 73.856646 18.5442, 73.855699 18.544194, 73.855705 18.54329))"
PUNE_GRID_100M_2178,18.544649,73.856169,38.28,0.24,0.158,-0.4,Built-up,0.18,36.12,45.7,2.81,High,17,5180.0,0.518,143.4,0.448,2830.0,0.283,2026-05-31,"POLYGON ((73.855699 18.544194, 73.856646 18.5442, 73.85664 18.545103, 73.855692 18.545098, 73.855699 18.544194))"
PUNE_GRID_100M_2179,18.545552,73.856163,39.59,0.22,0.219,-0.373,Built-up,0.223,36.88,42.8,2.59,High,18,5990.0,0.599,134.4,0.42,1870.0,0.187,2026-05-31,"POLYGON ((73.855692 18.545098, 73.85664 18.545103, 73.856634 18.546007, 73.855686 18.546001, 73.855692 18.545098))"
PUNE_GRID_100M_2180,18.546456,73.856157,37.81,0.307,0.217,-0.4,Built-up,0.209,36.43,43.0,2.65,High,19,4880.0,0.488,99.2,0.31,3330.0,0.333,2026-05-31,"POLYGON ((73.855686 18.546001, 73.856634 18.546007, 73.856628 18.546911, 73.85568 18.546905, 73.855686 18.546001))"
PUNE_GRID_100M_2181,18.547359,73.856151,37.49,0.383,0.13,-0.4,Built-up,0.226,35.21,44.3,2.69,Medium,19,4670.0,0.467,84.5,0.264,4010.0,0.401,2026-05-31,"POLYGON ((73.85568 18.546905, 73.856628 18.546911, 73.856622 18.547814, 73.855674 18.547808, 73.85568 18.546905))"
PUNE_GRID_100M_2182,18.548263,73.856145,37.2,0.331,0.146,-0.374,Built-up,0.198,35.24,46.1,2.79,Medium,15,4480.0,0.448,107.2,0.335,3250.0,0.325,2026-05-31,"POLYGON ((73.855674 18.547808, 73.856622 18.547814, 73.856616 18.548718, 73.855668 18.548712, 73.855674 18.547808))"
PUNE_GRID_100M_2183,18.549167,73.856139,37.18,0.345,0.123,-0.4,Built-up,0.229,35.45,45.2,3.22,Medium,22,4460.0,0.446,99.8,0.312,3260.0,0.326,2026-05-31,"POLYGON ((73.855668 18.548712, 73.856616 18.548718, 73.85661 18.549621, 73.855662 18.549616, 73.855668 18.548712))"
PUNE_GRID_100M_2184,18.55007,73.856133,38.26,0.241,0.116,-0.365,Built-up,0.223,35.81,46.1,2.61,High,19,5130.0,0.513,105.0,0.328,2410.0,0.241,2026-05-31,"POLYGON ((73.855662 18.549616, 73.85661 18.549621, 73.856604 18.550525, 73.855656 18.550519, 73.855662 18.549616))"
PUNE_GRID_100M_2185,18.500376,73.857411,37.12,0.26,0.059,-0.4,Built-up,0.206,35.82,47.5,2.86,Medium,17,4490.0,0.449,122.9,0.384,3430.0,0.343,2026-05-31,"POLYGON ((73.85694 18.499922, 73.857887 18.499927, 73.857881 18.500831, 73.856934 18.500825, 73.85694 18.499922))"
PUNE_GRID_100M_2186,18.50128,73.857405,40.28,0.193,0.245,-0.4,Built-up,0.217,37.95,41.0,2.72,High,33,6470.0,0.647,163.8,0.512,250.0,0.025,2026-05-31,"POLYGON ((73.856934 18.500825, 73.857881 18.500831, 73.857875 18.501735, 73.856928 18.501729, 73.856934 18.500825))"
PUNE_GRID_100M_2187,18.502184,73.857399,38.08,0.271,0.195,-0.4,Built-up,0.207,35.98,42.7,2.86,High,21,5100.0,0.51,121.9,0.381,2940.0,0.294,2026-05-31,"POLYGON ((73.856928 18.501729, 73.857875 18.501735, 73.857869 18.502638, 73.856922 18.502632, 73.856928 18.501729))"
PUNE_GRID_100M_2188,18.503087,73.857393,39.17,0.186,0.236,-0.4,Built-up,0.192,37.3,41.7,3.15,High,19,5790.0,0.579,156.5,0.489,1700.0,0.17,2026-05-31,"POLYGON ((73.856922 18.502632, 73.857869 18.502638, 73.857863 18.503542, 73.856916 18.503536, 73.856922 18.502632))"
PUNE_GRID_100M_2189,18.503991,73.857387,39.2,0.221,0.241,-0.4,Built-up,0.191,37.37,42.3,2.78,High,19,5810.0,0.581,147.8,0.462,2260.0,0.226,2026-05-31,"POLYGON ((73.856916 18.503536, 73.857863 18.503542, 73.857857 18.504445, 73.85691 18.50444, 73.856916 18.503536))"
PUNE_GRID_100M_2190,18.504894,73.857381,40.18,0.21,0.228,-0.4,Built-up,0.169,37.59,44.5,2.65,High,33,6430.0,0.643,143.7,0.449,950.0,0.095,2026-05-31,"POLYGON ((73.85691 18.50444, 73.857857 18.504445, 73.857851 18.505349, 73.856904 18.505343, 73.85691 18.50444))"
PUNE_GRID_100M_2191,18.505798,73.857375,38.59,0.264,0.235,-0.4,Built-up,0.207,36.38,45.0,2.18,High,28,5450.0,0.545,117.4,0.367,2370.0,0.237,2026-05-31,"POLYGON ((73.856904 18.505343, 73.857851 18.505349, 73.857845 18.506253, 73.856898 18.506247, 73.856904 18.505343))"
PUNE_GRID_100M_2192,18.506702,73.857369,40.4,0.206,0.239,-0.4,Built-up,0.201,38.46,41.9,2.17,High,30,6590.0,0.659,168.6,0.527,1280.0,0.128,2026-05-31,"POLYGON ((73.856898 18.506247, 73.857845 18.506253, 73.857839 18.507156, 73.856892 18.507151, 73.856898 18.506247))"
PUNE_GRID_100M_2193,18.507605,73.857363,41.81,0.148,0.338,-0.4,Built-up,0.176,38.98,41.5,2.46,Extreme,24,7470.0,0.747,184.3,0.576,360.0,0.036,2026-05-31,"POLYGON ((73.856892 18.507151, 73.857839 18.507156, 73.857833 18.50806, 73.856886 18.508054, 73.856892 18.507151))"
PUNE_GRID_100M_2194,18.508509,73.857357,39.27,0.205,0.217,-0.368,Built-up,0.22,37.07,45.7,2.02,High,29,5890.0,0.589,143.7,0.449,1490.0,0.149,2026-05-31,"POLYGON ((73.856886 18.508054, 73.857833 18.50806, 73.857827 18.508964, 73.85688 18.508958, 73.856886 18.508054))"
PUNE_GRID_100M_2195,18.509413,73.857351,40.67,0.156,0.275,-0.4,Built-up,0.17,38.38,45.3,2.45,High,24,6770.0,0.677,151.7,0.474,880.0,0.088,2026-05-31,"POLYGON ((73.85688 18.508958, 73.857827 18.508964, 73.857821 18.509867, 73.856874 18.509862, 73.85688 18.508958))"
PUNE_GRID_100M_2196,18.510316,73.857345,40.15,0.147,0.297,-0.4,Built-up,0.178,37.7,43.3,1.88,High,33,6460.0,0.646,162.9,0.509,1130.0,0.113,2026-05-31,"POLYGON ((73.856874 18.509862, 73.857821 18.509867, 73.857815 18.510771, 73.856868 18.510765, 73.856874 18.509862))"
PUNE_GRID_100M_2197,18.51122,73.857339,41.18,0.23,0.282,-0.4,Built-up,0.176,38.17,38.1,2.51,Extreme,26,7110.0,0.711,161.0,0.503,530.0,0.053,2026-05-31,"POLYGON ((73.856868 18.510765, 73.857815 18.510771, 73.857809 18.511675, 73.856862 18.511669, 73.856868 18.510765))"
PUNE_GRID_100M_2198,18.512124,73.857333,41.02,0.165,0.255,-0.39,Built-up,0.19,38.24,42.6,2.18,Extreme,30,7010.0,0.701,167.0,0.522,320.0,0.032,2026-05-31,"POLYGON ((73.856862 18.511669, 73.857809 18.511675, 73.857803 18.512578, 73.856856 18.512572, 73.856862 18.511669))"
PUNE_GRID_100M_2199,18.513027,73.857327,40.65,0.168,0.28,-0.368,Built-up,0.191,38.27,43.9,2.25,High,23,6790.0,0.679,181.4,0.567,1020.0,0.102,2026-05-31,"POLYGON ((73.856856 18.512572, 73.857803 18.512578, 73.857797 18.513482, 73.85685 18.513476, 73.856856 18.512572))"
PUNE_GRID_100M_2200,18.513931,73.857321,41.72,0.103,0.315,-0.4,Built-up,0.19,38.11,42.0,2.05,Extreme,35,7460.0,0.746,170.6,0.533,200.0,0.02,2026-05-31,"POLYGON ((73.85685 18.513476, 73.857797 18.513482, 73.857791 18.514385, 73.856844 18.51438, 73.85685 18.513476))"
PUNE_GRID_100M_2201,18.514834,73.857315,42.94,0.215,0.484,-0.4,Built-up,0.148,39.47,41.7,1.79,Extreme,30,8230.0,0.823,177.3,0.554,200.0,0.02,2026-05-31,"POLYGON ((73.856844 18.51438, 73.857791 18.514385, 73.857785 18.515289, 73.856838 18.515283, 73.856844 18.51438))"
PUNE_GRID_100M_2202,18.515738,73.857309,41.5,0.105,0.338,-0.4,Built-up,0.166,38.96,42.3,2.39,Extreme,34,7340.0,0.734,162.6,0.508,320.0,0.032,2026-05-31,"POLYGON ((73.856838 18.515283, 73.857785 18.515289, 73.857779 18.516193, 73.856832 18.516187, 73.856838 18.515283))"
PUNE_GRID_100M_2203,18.516642,73.857303,42.39,0.099,0.345,-0.4,Built-up,0.203,39.02,39.2,2.38,Extreme,28,7900.0,0.79,202.2,0.632,200.0,0.02,2026-05-31,"POLYGON ((73.856832 18.516187, 73.857779 18.516193, 73.857773 18.517096, 73.856826 18.517091, 73.856832 18.516187))"
PUNE_GRID_100M_2204,18.517545,73.857297,40.94,0.184,0.261,-0.4,Built-up,0.229,38.62,40.9,2.02,High,23,7000.0,0.7,171.2,0.535,940.0,0.094,2026-05-31,"POLYGON ((73.856826 18.517091, 73.857773 18.517096, 73.857767 18.518, 73.85682 18.517994, 73.856826 18.517091))"
PUNE_GRID_100M_2205,18.518449,73.857291,41.37,0.176,0.255,-0.358,Built-up,0.196,38.88,41.4,2.19,Extreme,36,7280.0,0.728,173.1,0.541,580.0,0.058,2026-05-31,"POLYGON ((73.85682 18.517994, 73.857767 18.518, 73.857761 18.518904, 73.856814 18.518898, 73.85682 18.517994))"
PUNE_GRID_100M_2206,18.519353,73.857285,42.66,0.145,0.339,-0.4,Built-up,0.168,39.34,42.5,1.96,Extreme,26,8090.0,0.809,187.5,0.586,200.0,0.02,2026-05-31,"POLYGON ((73.856814 18.518898, 73.857761 18.518904, 73.857755 18.519807, 73.856808 18.519802, 73.856814 18.518898))"
PUNE_GRID_100M_2207,18.520256,73.857279,43.58,0.147,0.415,-0.4,Built-up,0.187,39.84,39.0,2.08,Extreme,32,8670.0,0.867,214.4,0.67,200.0,0.02,2026-05-31,"POLYGON ((73.856808 18.519802, 73.857755 18.519807, 73.857749 18.520711, 73.856802 18.520705, 73.856808 18.519802))"
PUNE_GRID_100M_2208,18.52116,73.857273,42.61,0.129,0.41,-0.4,Built-up,0.144,39.24,41.6,2.18,Extreme,40,8060.0,0.806,182.7,0.571,200.0,0.02,2026-05-31,"POLYGON ((73.856802 18.520705, 73.857749 18.520711, 73.857743 18.521615, 73.856796 18.521609, 73.856802 18.520705))"
PUNE_GRID_100M_2209,18.522063,73.857267,41.93,0.09,0.371,-0.392,Built-up,0.168,39.65,41.9,2.16,Extreme,31,7630.0,0.763,186.9,0.584,200.0,0.02,2026-05-31,"POLYGON ((73.856796 18.521609, 73.857743 18.521615, 73.857737 18.522518, 73.85679 18.522512, 73.856796 18.521609))"
PUNE_GRID_100M_2210,18.522967,73.857261,42.03,0.119,0.348,-0.4,Built-up,0.167,39.48,43.8,2.35,Extreme,37,7680.0,0.768,175.0,0.547,400.0,0.04,2026-05-31,"POLYGON ((73.85679 18.522512, 73.857737 18.522518, 73.857731 18.523422, 73.856784 18.523416, 73.85679 18.522512))"
PUNE_GRID_100M_2211,18.523871,73.857255,40.87,0.182,0.279,-0.4,Built-up,0.172,38.15,42.2,2.21,High,24,6950.0,0.695,155.2,0.485,1080.0,0.108,2026-05-31,"POLYGON ((73.856784 18.523416, 73.857731 18.523422, 73.857725 18.524325, 73.856778 18.52432, 73.856784 18.523416))"
PUNE_GRID_100M_2212,18.524774,73.857249,42.19,0.206,0.357,-0.4,Built-up,0.172,38.85,38.6,2.14,Extreme,27,7770.0,0.777,178.2,0.557,200.0,0.02,2026-05-31,"POLYGON ((73.856778 18.52432, 73.857725 18.524325, 73.857719 18.525229, 73.856772 18.525223, 73.856778 18.52432))"
PUNE_GRID_100M_2213,18.525678,73.857243,42.25,0.065,0.336,-0.4,Built-up,0.167,39.11,42.2,2.01,Extreme,40,7800.0,0.78,182.4,0.57,200.0,0.02,2026-05-31,"POLYGON ((73.856772 18.525223, 73.857719 18.525229, 73.857713 18.526133, 73.856766 18.526127, 73.856772 18.525223))"
PUNE_GRID_100M_2214,18.526582,73.857237,41.02,0.212,0.347,-0.4,Built-up,0.178,38.29,45.4,2.09,Extreme,28,7030.0,0.703,168.0,0.525,200.0,0.02,2026-05-31,"POLYGON ((73.856766 18.526127, 73.857713 18.526133, 73.857707 18.527036, 73.85676 18.527031, 73.856766 18.526127))"
PUNE_GRID_100M_2215,18.527485,73.857231,40.85,0.177,0.283,-0.4,Built-up,0.189,37.72,43.4,2.38,High,23,6910.0,0.691,169.0,0.528,630.0,0.063,2026-05-31,"POLYGON ((73.85676 18.527031, 73.857707 18.527036, 73.857701 18.52794, 73.856754 18.527934, 73.85676 18.527031))"
PUNE_GRID_100M_2216,18.528389,73.857225,41.27,0.189,0.305,-0.4,Built-up,0.176,38.41,40.8,1.94,Extreme,23,7170.0,0.717,124.8,0.39,210.0,0.021,2026-05-31,"POLYGON ((73.856754 18.527934, 73.857701 18.52794, 73.857695 18.528844, 73.856748 18.528838, 73.856754 18.527934))"
PUNE_GRID_100M_2217,18.529293,73.857219,40.55,0.177,0.208,-0.4,Built-up,0.197,38.28,40.9,2.49,High,26,6710.0,0.671,150.7,0.471,560.0,0.056,2026-05-31,"POLYGON ((73.856748 18.528838, 73.857695 18.528844, 73.857689 18.529747, 73.856742 18.529742, 73.856748 18.528838))"
PUNE_GRID_100M_2218,18.530196,73.857213,40.68,0.143,0.275,-0.363,Built-up,0.187,37.44,41.0,2.24,High,21,6790.0,0.679,158.1,0.494,250.0,0.025,2026-05-31,"POLYGON ((73.856742 18.529742, 73.857689 18.529747, 73.857683 18.530651, 73.856736 18.530645, 73.856742 18.529742))"
PUNE_GRID_100M_2219,18.5311,73.857207,42.25,0.151,0.376,-0.4,Built-up,0.184,39.32,44.2,2.16,Extreme,30,7760.0,0.776,205.4,0.642,200.0,0.02,2026-05-31,"POLYGON ((73.856736 18.530645, 73.857683 18.530651, 73.857677 18.531554, 73.85673 18.531549, 73.856736 18.530645))"
PUNE_GRID_100M_2220,18.532003,73.857201,40.21,0.219,0.227,-0.395,Built-up,0.197,38.06,42.3,2.13,High,27,6480.0,0.648,141.8,0.443,1180.0,0.118,2026-05-31,"POLYGON ((73.85673 18.531549, 73.857677 18.531554, 73.857671 18.532458, 73.856724 18.532452, 73.85673 18.531549))"
PUNE_GRID_100M_2221,18.532907,73.857195,39.96,0.24,0.226,-0.382,Built-up,0.212,37.3,42.0,2.51,High,21,6320.0,0.632,153.9,0.481,1350.0,0.135,2026-05-31,"POLYGON ((73.856724 18.532452, 73.857671 18.532458, 73.857665 18.533362, 73.856718 18.533356, 73.856724 18.532452))"
PUNE_GRID_100M_2222,18.533811,73.857189,39.57,0.215,0.254,-0.36,Built-up,0.203,37.71,43.1,2.4,High,24,6070.0,0.607,164.8,0.515,1140.0,0.114,2026-05-31,"POLYGON ((73.856718 18.533356, 73.857665 18.533362, 73.857659 18.534265, 73.856712 18.53426, 73.856718 18.533356))"
PUNE_GRID_100M_2223,18.534714,73.857183,40.52,0.158,0.229,-0.4,Built-up,0.207,37.66,42.1,2.75,High,27,6650.0,0.665,142.7,0.446,1440.0,0.144,2026-05-31,"POLYGON ((73.856712 18.53426, 73.857659 18.534265, 73.857653 18.535169, 73.856706 18.535163, 73.856712 18.53426))"
PUNE_GRID_100M_2224,18.535618,73.857177,39.61,0.151,0.264,-0.4,Built-up,0.213,37.36,45.7,2.2,High,24,6080.0,0.608,151.0,0.472,1420.0,0.142,2026-05-31,"POLYGON ((73.856706 18.535163, 73.857653 18.535169, 73.857647 18.536073, 73.8567 18.536067, 73.856706 18.535163))"
PUNE_GRID_100M_2225,18.536522,73.857171,39.08,0.265,0.193,-0.4,Built-up,0.188,36.76,42.2,2.37,High,19,5740.0,0.574,127.4,0.398,1750.0,0.175,2026-05-31,"POLYGON ((73.8567 18.536067, 73.857647 18.536073, 73.857641 18.536976, 73.856694 18.536971, 73.8567 18.536067))"
PUNE_GRID_100M_2226,18.537425,73.857165,40.49,0.2,0.26,-0.4,Built-up,0.186,37.75,44.4,2.49,High,22,6620.0,0.662,152.3,0.476,1040.0,0.104,2026-05-31,"POLYGON ((73.856694 18.536971, 73.857641 18.536976, 73.857635 18.53788, 73.856688 18.537874, 73.856694 18.536971))"
PUNE_GRID_100M_2227,18.538329,73.857159,40.41,0.147,0.235,-0.4,Built-up,0.224,37.6,42.9,2.39,High,27,6560.0,0.656,147.2,0.46,1850.0,0.185,2026-05-31,"POLYGON ((73.856688 18.537874, 73.857635 18.53788, 73.857629 18.538784, 73.856682 18.538778, 73.856688 18.537874))"
PUNE_GRID_100M_2228,18.539233,73.857153,38.63,0.226,0.2,-0.4,Built-up,0.2,36.75,45.9,2.57,High,24,5440.0,0.544,121.3,0.379,2560.0,0.256,2026-05-31,"POLYGON ((73.856682 18.538778, 73.857629 18.538784, 73.857623 18.539687, 73.856676 18.539681, 73.856682 18.538778))"
PUNE_GRID_100M_2229,18.540136,73.857147,37.45,0.271,0.209,-0.4,Built-up,0.16,35.97,47.4,2.66,Medium,18,4700.0,0.47,147.5,0.461,2770.0,0.277,2026-05-31,"POLYGON ((73.856676 18.539681, 73.857623 18.539687, 73.857617 18.540591, 73.85667 18.540585, 73.856676 18.539681))"
PUNE_GRID_100M_2230,18.54104,73.857141,39.59,0.155,0.255,-0.4,Built-up,0.191,37.19,43.5,2.72,High,23,6030.0,0.603,155.5,0.486,900.0,0.09,2026-05-31,"POLYGON ((73.85667 18.540585, 73.857617 18.540591, 73.857611 18.541494, 73.856664 18.541489, 73.85667 18.540585))"
PUNE_GRID_100M_2231,18.541943,73.857135,38.07,0.235,0.137,-0.4,Built-up,0.217,35.74,44.1,2.95,High,23,5070.0,0.507,135.7,0.424,2570.0,0.257,2026-05-31,"POLYGON ((73.856664 18.541489, 73.857611 18.541494, 73.857605 18.542398, 73.856658 18.542392, 73.856664 18.541489))"
PUNE_GRID_100M_2232,18.542847,73.857129,39.09,0.186,0.243,-0.4,Built-up,0.157,36.98,43.8,2.41,High,19,5700.0,0.57,143.0,0.447,2050.0,0.205,2026-05-31,"POLYGON ((73.856658 18.542392, 73.857605 18.542398, 73.857599 18.543302, 73.856652 18.543296, 73.856658 18.542392))"
PUNE_GRID_100M_2233,18.543751,73.857123,36.72,0.298,0.093,-0.4,Built-up,0.243,35.33,45.5,2.77,Medium,16,4210.0,0.421,80.3,0.251,3880.0,0.388,2026-05-31,"POLYGON ((73.856652 18.543296, 73.857599 18.543302, 73.857593 18.544205, 73.856646 18.5442, 73.856652 18.543296))"
PUNE_GRID_100M_2234,18.544654,73.857117,38.85,0.211,0.239,-0.4,Built-up,0.186,36.63,41.4,2.6,High,24,5540.0,0.554,137.9,0.431,1500.0,0.15,2026-05-31,"POLYGON ((73.856646 18.5442, 73.857593 18.544205, 73.857587 18.545109, 73.85664 18.545103, 73.856646 18.5442))"
PUNE_GRID_100M_2235,18.545558,73.857111,37.0,0.24,0.139,-0.4,Built-up,0.22,35.96,47.7,2.84,Medium,22,4380.0,0.438,118.7,0.371,3170.0,0.317,2026-05-31,"POLYGON ((73.85664 18.545103, 73.857587 18.545109, 73.857581 18.546013, 73.856634 18.546007, 73.85664 18.545103))"
PUNE_GRID_100M_2236,18.546462,73.857105,38.39,0.337,0.089,-0.4,Built-up,0.221,35.9,44.7,2.87,High,24,5240.0,0.524,114.9,0.359,3260.0,0.326,2026-05-31,"POLYGON ((73.856634 18.546007, 73.857581 18.546013, 73.857575 18.546916, 73.856628 18.546911, 73.856634 18.546007))"
PUNE_GRID_100M_2237,18.547365,73.857099,37.66,0.332,0.115,-0.4,Built-up,0.2,35.2,43.1,2.61,High,15,4770.0,0.477,126.7,0.396,3620.0,0.362,2026-05-31,"POLYGON ((73.856628 18.546911, 73.857575 18.546916, 73.857569 18.54782, 73.856622 18.547814, 73.856628 18.546911))"
PUNE_GRID_100M_2238,18.548269,73.857093,36.72,0.284,0.131,-0.4,Built-up,0.2,34.98,42.5,2.66,Medium,18,4180.0,0.418,109.4,0.342,3440.0,0.344,2026-05-31,"POLYGON ((73.856622 18.547814, 73.857569 18.54782, 73.857563 18.548724, 73.856616 18.548718, 73.856622 18.547814))"
PUNE_GRID_100M_2239,18.549172,73.857087,36.99,0.316,0.119,-0.4,Built-up,0.205,35.61,41.9,2.97,Medium,21,4340.0,0.434,128.0,0.4,3730.0,0.373,2026-05-31,"POLYGON ((73.856616 18.548718, 73.857563 18.548724, 73.857557 18.549627, 73.85661 18.549621, 73.856616 18.548718))"
PUNE_GRID_100M_2240,18.550076,73.857081,37.71,0.297,0.116,-0.4,Built-up,0.235,35.58,46.0,2.9,High,19,4780.0,0.478,109.4,0.342,2720.0,0.272,2026-05-31,"POLYGON ((73.85661 18.549621, 73.857557 18.549627, 73.857551 18.550531, 73.856604 18.550525, 73.85661 18.549621))"
PUNE_GRID_100M_2241,18.500382,73.858358,38.97,0.284,0.185,-0.4,Built-up,0.204,36.48,42.9,2.56,High,25,5640.0,0.564,121.3,0.379,2780.0,0.278,2026-05-31,"POLYGON ((73.857887 18.499927, 73.858834 18.499933, 73.858828 18.500837, 73.857881 18.500831, 73.857887 18.499927))"
PUNE_GRID_100M_2242,18.501286,73.858352,39.51,0.184,0.171,-0.4,Built-up,0.201,37.44,42.7,2.71,High,32,5990.0,0.599,139.2,0.435,1800.0,0.18,2026-05-31,"POLYGON ((73.857881 18.500831, 73.858828 18.500837, 73.858822 18.50174, 73.857875 18.501735, 73.857881 18.500831))"
PUNE_GRID_100M_2243,18.502189,73.858346,40.79,0.216,0.283,-0.4,Built-up,0.175,38.19,43.1,2.69,High,30,6790.0,0.679,181.4,0.567,890.0,0.089,2026-05-31,"POLYGON ((73.857875 18.501735, 73.858822 18.50174, 73.858816 18.502644, 73.857869 18.502638, 73.857875 18.501735))"
PUNE_GRID_100M_2244,18.503093,73.85834,38.12,0.244,0.232,-0.4,Built-up,0.216,36.3,43.7,2.42,High,20,5130.0,0.513,99.8,0.312,2250.0,0.225,2026-05-31,"POLYGON ((73.857869 18.502638, 73.858816 18.502644, 73.85881 18.503548, 73.857863 18.503542, 73.857869 18.502638))"
PUNE_GRID_100M_2245,18.503997,73.858334,40.83,0.118,0.311,-0.4,Built-up,0.206,38.32,43.2,2.32,High,26,6830.0,0.683,137.6,0.43,1150.0,0.115,2026-05-31,"POLYGON ((73.857863 18.503542, 73.85881 18.503548, 73.858804 18.504451, 73.857857 18.504445, 73.857863 18.503542))"
PUNE_GRID_100M_2246,18.5049,73.858328,39.78,0.237,0.306,-0.4,Built-up,0.203,37.22,43.3,2.22,High,26,6180.0,0.618,149.4,0.467,1420.0,0.142,2026-05-31,"POLYGON ((73.857857 18.504445, 73.858804 18.504451, 73.858798 18.505355, 73.857851 18.505349, 73.857857 18.504445))"
PUNE_GRID_100M_2247,18.505804,73.858322,39.14,0.282,0.238,-0.4,Built-up,0.205,36.78,43.6,2.45,High,23,5790.0,0.579,133.4,0.417,2300.0,0.23,2026-05-31,"POLYGON ((73.857851 18.505349, 73.858798 18.505355, 73.858792 18.506258, 73.857845 18.506253, 73.857851 18.505349))"
PUNE_GRID_100M_2248,18.506707,73.858316,38.95,0.34,0.234,-0.4,Built-up,0.202,37.01,41.5,2.13,High,18,5680.0,0.568,136.3,0.426,2410.0,0.241,2026-05-31,"POLYGON ((73.857845 18.506253, 73.858792 18.506258, 73.858787 18.507162, 73.857839 18.507156, 73.857845 18.506253))"
PUNE_GRID_100M_2249,18.507611,73.85831,40.03,0.151,0.311,-0.4,Built-up,0.166,37.12,41.7,2.41,High,27,6360.0,0.636,164.8,0.515,1120.0,0.112,2026-05-31,"POLYGON ((73.857839 18.507156, 73.858787 18.507162, 73.858781 18.508066, 73.857833 18.50806, 73.857839 18.507156))"
PUNE_GRID_100M_2250,18.508515,73.858304,41.08,0.19,0.31,-0.4,Built-up,0.181,37.61,43.0,2.6,Extreme,32,7020.0,0.702,161.3,0.504,230.0,0.023,2026-05-31,"POLYGON ((73.857833 18.50806, 73.858781 18.508066, 73.858775 18.508969, 73.857827 18.508964, 73.857833 18.50806))"
PUNE_GRID_100M_2251,18.509418,73.858298,40.4,0.17,0.262,-0.4,Built-up,0.183,37.65,41.7,2.26,High,30,6600.0,0.66,134.4,0.42,1450.0,0.145,2026-05-31,"POLYGON ((73.857827 18.508964, 73.858775 18.508969, 73.858769 18.509873, 73.857821 18.509867, 73.857827 18.508964))"
PUNE_GRID_100M_2252,18.510322,73.858292,41.87,0.166,0.365,-0.4,Built-up,0.147,39.09,43.3,2.2,Extreme,30,7530.0,0.753,207.0,0.647,200.0,0.02,2026-05-31,"POLYGON ((73.857821 18.509867, 73.858769 18.509873, 73.858763 18.510777, 73.857815 18.510771, 73.857821 18.509867))"
PUNE_GRID_100M_2253,18.511226,73.858286,39.66,0.153,0.278,-0.4,Built-up,0.206,37.34,46.8,2.68,High,21,6160.0,0.616,135.0,0.422,1220.0,0.122,2026-05-31,"POLYGON ((73.857815 18.510771, 73.858763 18.510777, 73.858757 18.51168, 73.857809 18.511675, 73.857815 18.510771))"
PUNE_GRID_100M_2254,18.512129,73.85828,40.97,0.116,0.279,-0.4,Built-up,0.179,38.44,43.2,2.55,High,33,6980.0,0.698,153.9,0.481,210.0,0.021,2026-05-31,"POLYGON ((73.857809 18.511675, 73.858757 18.51168, 73.858751 18.512584, 73.857803 18.512578, 73.857809 18.511675))"
PUNE_GRID_100M_2255,18.513033,73.858274,40.14,0.164,0.235,-0.4,Built-up,0.216,36.99,45.1,2.07,High,23,6470.0,0.647,169.3,0.529,350.0,0.035,2026-05-31,"POLYGON ((73.857803 18.512578, 73.858751 18.512584, 73.858745 18.513488, 73.857797 18.513482, 73.857803 18.512578))"
PUNE_GRID_100M_2256,18.513936,73.858268,41.59,0.148,0.326,-0.4,Built-up,0.195,38.71,42.8,2.23,Extreme,40,7380.0,0.738,172.2,0.538,200.0,0.02,2026-05-31,"POLYGON ((73.857797 18.513482, 73.858745 18.513488, 73.858739 18.514391, 73.857791 18.514385, 73.857797 18.513482))"
PUNE_GRID_100M_2257,18.51484,73.858262,42.17,0.098,0.373,-0.4,Built-up,0.181,39.22,40.5,2.24,Extreme,32,7750.0,0.775,185.3,0.579,200.0,0.02,2026-05-31,"POLYGON ((73.857791 18.514385, 73.858739 18.514391, 73.858733 18.515295, 73.857785 18.515289, 73.857791 18.514385))"
PUNE_GRID_100M_2258,18.515744,73.858256,41.28,0.182,0.332,-0.4,Built-up,0.189,37.99,42.3,2.19,Extreme,24,7200.0,0.72,178.9,0.559,200.0,0.02,2026-05-31,"POLYGON ((73.857785 18.515289, 73.858733 18.515295, 73.858727 18.516198, 73.857779 18.516193, 73.857785 18.515289))"
PUNE_GRID_100M_2259,18.516647,73.85825,39.69,0.252,0.193,-0.4,Built-up,0.196,37.54,46.3,2.48,High,27,6210.0,0.621,162.9,0.509,1050.0,0.105,2026-05-31,"POLYGON ((73.857779 18.516193, 73.858727 18.516198, 73.858721 18.517102, 73.857773 18.517096, 73.857779 18.516193))"
PUNE_GRID_100M_2260,18.517551,73.858244,42.08,0.151,0.401,-0.4,Built-up,0.196,38.92,40.6,2.11,Extreme,29,7710.0,0.771,180.8,0.565,200.0,0.02,2026-05-31,"POLYGON ((73.857773 18.517096, 73.858721 18.517102, 73.858715 18.518006, 73.857767 18.518, 73.857773 18.517096))"
PUNE_GRID_100M_2261,18.518455,73.858238,42.4,0.181,0.339,-0.4,Built-up,0.18,40.1,39.5,2.12,Extreme,37,7920.0,0.792,209.6,0.655,200.0,0.02,2026-05-31,"POLYGON ((73.857767 18.518, 73.858715 18.518006, 73.858709 18.518909, 73.857761 18.518904, 73.857767 18.518))"
PUNE_GRID_100M_2262,18.519358,73.858232,42.49,0.129,0.354,-0.4,Built-up,0.181,38.59,39.3,2.19,Extreme,28,7980.0,0.798,164.2,0.513,200.0,0.02,2026-05-31,"POLYGON ((73.857761 18.518904, 73.858709 18.518909, 73.858703 18.519813, 73.857755 18.519807, 73.857761 18.518904))"
PUNE_GRID_100M_2263,18.520262,73.858226,43.21,0.039,0.367,-0.4,Built-up,0.164,40.16,40.1,2.28,Extreme,45,8430.0,0.843,212.2,0.663,200.0,0.02,2026-05-31,"POLYGON ((73.857755 18.519807, 73.858703 18.519813, 73.858697 18.520717, 73.857749 18.520711, 73.857755 18.519807))"
PUNE_GRID_100M_2264,18.521166,73.85822,41.34,0.208,0.391,-0.4,Built-up,0.156,38.32,40.4,2.24,Extreme,24,7260.0,0.726,163.5,0.511,520.0,0.052,2026-05-31,"POLYGON ((73.857749 18.520711, 73.858697 18.520717, 73.858691 18.52162, 73.857743 18.521615, 73.857749 18.520711))"
PUNE_GRID_100M_2265,18.522069,73.858214,42.64,0.083,0.376,-0.4,Built-up,0.179,38.86,43.4,2.18,Extreme,38,8070.0,0.807,211.2,0.66,200.0,0.02,2026-05-31,"POLYGON ((73.857743 18.521615, 73.858691 18.52162, 73.858685 18.522524, 73.857737 18.522518, 73.857743 18.521615))"
PUNE_GRID_100M_2266,18.522973,73.858208,42.92,0.134,0.356,-0.4,Built-up,0.179,39.39,41.0,1.78,Extreme,27,8240.0,0.824,199.7,0.624,200.0,0.02,2026-05-31,"POLYGON ((73.857737 18.522518, 73.858685 18.522524, 73.858679 18.523428, 73.857731 18.523422, 73.857737 18.522518))"
PUNE_GRID_100M_2267,18.523876,73.858202,40.4,0.249,0.294,-0.299,Built-up,0.175,37.86,44.1,2.02,High,29,6660.0,0.666,151.4,0.473,270.0,0.027,2026-05-31,"POLYGON ((73.857731 18.523422, 73.858679 18.523428, 73.858673 18.524331, 73.857725 18.524325, 73.857731 18.523422))"
PUNE_GRID_100M_2268,18.52478,73.858196,41.92,0.151,0.359,-0.4,Built-up,0.154,39.16,41.0,2.3,Extreme,27,7600.0,0.76,191.0,0.597,200.0,0.02,2026-05-31,"POLYGON ((73.857725 18.524325, 73.858673 18.524331, 73.858667 18.525235, 73.857719 18.525229, 73.857725 18.524325))"
PUNE_GRID_100M_2269,18.525684,73.85819,41.11,0.101,0.294,-0.4,Built-up,0.168,38.79,40.4,2.21,Extreme,31,7090.0,0.709,181.4,0.567,690.0,0.069,2026-05-31,"POLYGON ((73.857719 18.525229, 73.858667 18.525235, 73.858661 18.526138, 73.857713 18.526133, 73.857719 18.525229))"
PUNE_GRID_100M_2270,18.526587,73.858184,41.29,0.118,0.333,-0.4,Built-up,0.198,38.83,40.0,2.36,Extreme,23,7200.0,0.72,181.1,0.566,200.0,0.02,2026-05-31,"POLYGON ((73.857713 18.526133, 73.858661 18.526138, 73.858655 18.527042, 73.857707 18.527036, 73.857713 18.526133))"
PUNE_GRID_100M_2271,18.527491,73.858178,41.47,0.201,0.291,-0.4,Built-up,0.178,38.24,40.5,2.59,Extreme,36,7300.0,0.73,161.9,0.506,200.0,0.02,2026-05-31,"POLYGON ((73.857707 18.527036, 73.858655 18.527042, 73.858649 18.527946, 73.857701 18.52794, 73.857707 18.527036))"
PUNE_GRID_100M_2272,18.528395,73.858172,40.65,0.17,0.264,-0.4,Built-up,0.187,38.29,43.0,2.01,High,33,6780.0,0.678,156.5,0.489,1100.0,0.11,2026-05-31,"POLYGON ((73.857701 18.52794, 73.858649 18.527946, 73.858643 18.528849, 73.857695 18.528844, 73.857701 18.52794))"
PUNE_GRID_100M_2273,18.529298,73.858166,40.34,0.191,0.205,-0.4,Built-up,0.225,37.86,43.5,2.5,High,26,6580.0,0.658,157.8,0.493,1370.0,0.137,2026-05-31,"POLYGON ((73.857695 18.528844, 73.858643 18.528849, 73.858637 18.529753, 73.857689 18.529747, 73.857695 18.528844))"
PUNE_GRID_100M_2274,18.530202,73.85816,40.74,0.204,0.244,-0.4,Built-up,0.179,37.82,43.3,2.23,High,35,6830.0,0.683,163.5,0.511,600.0,0.06,2026-05-31,"POLYGON ((73.857689 18.529747, 73.858637 18.529753, 73.858631 18.530657, 73.857683 18.530651, 73.857689 18.529747))"
PUNE_GRID_100M_2275,18.531106,73.858154,39.69,0.239,0.29,-0.4,Built-up,0.177,37.22,41.0,2.51,High,29,6160.0,0.616,157.4,0.492,1640.0,0.164,2026-05-31,"POLYGON ((73.857683 18.530651, 73.858631 18.530657, 73.858625 18.53156, 73.857677 18.531554, 73.857683 18.530651))"
PUNE_GRID_100M_2276,18.532009,73.858148,39.53,0.228,0.278,-0.394,Built-up,0.178,36.96,43.4,2.34,High,19,6050.0,0.605,119.4,0.373,1400.0,0.14,2026-05-31,"POLYGON ((73.857677 18.531554, 73.858625 18.53156, 73.858619 18.532464, 73.857671 18.532458, 73.857677 18.531554))"
PUNE_GRID_100M_2277,18.532913,73.858142,40.78,0.164,0.287,-0.396,Built-up,0.213,38.06,40.8,2.8,High,21,6830.0,0.683,168.3,0.526,1140.0,0.114,2026-05-31,"POLYGON ((73.857671 18.532458, 73.858619 18.532464, 73.858613 18.533367, 73.857665 18.533362, 73.857671 18.532458))"
PUNE_GRID_100M_2278,18.533816,73.858136,39.15,0.217,0.262,-0.4,Built-up,0.223,36.69,44.3,2.43,High,24,5810.0,0.581,135.7,0.424,2780.0,0.278,2026-05-31,"POLYGON ((73.857665 18.533362, 73.858613 18.533367, 73.858607 18.534271, 73.857659 18.534265, 73.857665 18.533362))"
PUNE_GRID_100M_2279,18.53472,73.85813,40.44,0.219,0.265,-0.4,Built-up,0.204,37.5,43.4,2.3,High,21,6610.0,0.661,147.8,0.462,1210.0,0.121,2026-05-31,"POLYGON ((73.857659 18.534265, 73.858607 18.534271, 73.858601 18.535175, 73.857653 18.535169, 73.857659 18.534265))"
PUNE_GRID_100M_2280,18.535624,73.858124,40.12,0.218,0.248,-0.4,Built-up,0.207,37.73,41.1,2.54,High,24,6400.0,0.64,144.0,0.45,420.0,0.042,2026-05-31,"POLYGON ((73.857653 18.535169, 73.858601 18.535175, 73.858595 18.536078, 73.857647 18.536073, 73.857653 18.535169))"
PUNE_GRID_100M_2281,18.536527,73.858118,38.21,0.252,0.171,-0.341,Built-up,0.201,36.44,45.9,2.55,High,23,5190.0,0.519,121.9,0.381,2440.0,0.244,2026-05-31,"POLYGON ((73.857647 18.536073, 73.858595 18.536078, 73.858589 18.536982, 73.857641 18.536976, 73.857647 18.536073))"
PUNE_GRID_100M_2282,18.537431,73.858112,38.88,0.282,0.196,-0.36,Built-up,0.234,36.66,47.4,2.74,High,20,5610.0,0.561,88.6,0.277,2800.0,0.28,2026-05-31,"POLYGON ((73.857641 18.536976, 73.858589 18.536982, 73.858583 18.537886, 73.857635 18.53788, 73.857641 18.536976))"
PUNE_GRID_100M_2283,18.538335,73.858106,40.22,0.187,0.253,-0.4,Built-up,0.198,38.06,44.1,2.63,High,23,6440.0,0.644,145.6,0.455,1030.0,0.103,2026-05-31,"POLYGON ((73.857635 18.53788, 73.858583 18.537886, 73.858577 18.538789, 73.857629 18.538784, 73.857635 18.53788))"
PUNE_GRID_100M_2284,18.539238,73.8581,38.31,0.225,0.208,-0.362,Built-up,0.215,36.24,44.1,3.06,High,16,5240.0,0.524,114.6,0.358,3190.0,0.319,2026-05-31,"POLYGON ((73.857629 18.538784, 73.858577 18.538789, 73.858571 18.539693, 73.857623 18.539687, 73.857629 18.538784))"
PUNE_GRID_100M_2285,18.540142,73.858094,38.57,0.22,0.19,-0.4,Built-up,0.204,36.41,43.7,2.57,High,24,5390.0,0.539,136.3,0.426,2570.0,0.257,2026-05-31,"POLYGON ((73.857623 18.539687, 73.858571 18.539693, 73.858565 18.540597, 73.857617 18.540591, 73.857623 18.539687))"
PUNE_GRID_100M_2286,18.541046,73.858088,39.14,0.191,0.233,-0.4,Built-up,0.194,37.1,43.4,2.6,High,20,5750.0,0.575,127.7,0.399,1770.0,0.177,2026-05-31,"POLYGON ((73.857617 18.540591, 73.858565 18.540597, 73.858559 18.5415, 73.857611 18.541494, 73.857617 18.540591))"
PUNE_GRID_100M_2287,18.541949,73.858082,39.24,0.216,0.247,-0.4,Built-up,0.22,36.93,42.5,2.53,High,30,5800.0,0.58,136.3,0.426,1930.0,0.193,2026-05-31,"POLYGON ((73.857611 18.541494, 73.858559 18.5415, 73.858553 18.542404, 73.857605 18.542398, 73.857611 18.541494))"
PUNE_GRID_100M_2288,18.542853,73.858076,38.25,0.311,0.183,-0.4,Built-up,0.215,36.3,44.8,2.69,High,26,5170.0,0.517,143.7,0.449,2130.0,0.213,2026-05-31,"POLYGON ((73.857605 18.542398, 73.858553 18.542404, 73.858547 18.543307, 73.857599 18.543302, 73.857605 18.542398))"
PUNE_GRID_100M_2289,18.543756,73.85807,37.81,0.244,0.122,-0.332,Built-up,0.24,35.21,43.0,2.75,High,27,4890.0,0.489,130.2,0.407,2820.0,0.282,2026-05-31,"POLYGON ((73.857599 18.543302, 73.858547 18.543307, 73.858541 18.544211, 73.857593 18.544205, 73.857599 18.543302))"
PUNE_GRID_100M_2290,18.54466,73.858064,39.26,0.233,0.176,-0.4,Built-up,0.212,36.99,40.8,2.79,High,18,5800.0,0.58,150.7,0.471,1570.0,0.157,2026-05-31,"POLYGON ((73.857593 18.544205, 73.858541 18.544211, 73.858535 18.545115, 73.857587 18.545109, 73.857593 18.544205))"
PUNE_GRID_100M_2291,18.545564,73.858058,39.36,0.196,0.226,-0.4,Built-up,0.187,36.5,43.8,2.77,High,20,5850.0,0.585,134.1,0.419,2360.0,0.236,2026-05-31,"POLYGON ((73.857587 18.545109, 73.858535 18.545115, 73.858529 18.546018, 73.857581 18.546013, 73.857587 18.545109))"
PUNE_GRID_100M_2292,18.546467,73.858052,38.58,0.239,0.181,-0.4,Built-up,0.199,36.14,44.2,2.66,High,18,5360.0,0.536,135.7,0.424,3210.0,0.321,2026-05-31,"POLYGON ((73.857581 18.546013, 73.858529 18.546018, 73.858523 18.546922, 73.857575 18.546916, 73.857581 18.546013))"
PUNE_GRID_100M_2293,18.547371,73.858046,37.71,0.22,0.15,-0.4,Built-up,0.215,35.5,44.0,2.63,High,19,4800.0,0.48,112.3,0.351,2570.0,0.257,2026-05-31,"POLYGON ((73.857575 18.546916, 73.858523 18.546922, 73.858517 18.547826, 73.857569 18.54782, 73.857575 18.546916))"
PUNE_GRID_100M_2294,18.548275,73.85804,36.83,0.302,0.107,-0.36,Built-up,0.211,34.97,43.6,2.76,Medium,19,4250.0,0.425,99.5,0.311,3050.0,0.305,2026-05-31,"POLYGON ((73.857569 18.54782, 73.858517 18.547826, 73.858511 18.548729, 73.857563 18.548724, 73.857569 18.54782))"
PUNE_GRID_100M_2295,18.549178,73.858034,36.65,0.31,0.177,-0.4,Built-up,0.192,34.99,46.1,3.09,Medium,20,4130.0,0.413,104.3,0.326,3790.0,0.379,2026-05-31,"POLYGON ((73.857563 18.548724, 73.858511 18.548729, 73.858505 18.549633, 73.857557 18.549627, 73.857563 18.548724))"
PUNE_GRID_100M_2296,18.550082,73.858028,37.57,0.307,0.101,-0.304,Built-up,0.24,35.65,43.5,3.16,High,21,4700.0,0.47,105.3,0.329,2710.0,0.271,2026-05-31,"POLYGON ((73.857557 18.549627, 73.858505 18.549633, 73.858499 18.550537, 73.857551 18.550531, 73.857557 18.549627))"
PUNE_GRID_100M_2297,18.500388,73.859305,39.2,0.237,0.154,-0.4,Built-up,0.204,37.14,43.4,2.59,High,24,5790.0,0.579,158.1,0.494,1750.0,0.175,2026-05-31,"POLYGON ((73.858834 18.499933, 73.859782 18.499939, 73.859776 18.500842, 73.858828 18.500837, 73.858834 18.499933))"
PUNE_GRID_100M_2298,18.501291,73.859299,40.15,0.147,0.267,-0.394,Built-up,0.194,37.67,45.5,2.39,High,22,6390.0,0.639,151.4,0.473,1490.0,0.149,2026-05-31,"POLYGON ((73.858828 18.500837, 73.859776 18.500842, 73.85977 18.501746, 73.858822 18.50174, 73.858828 18.500837))"
PUNE_GRID_100M_2299,18.502195,73.859293,39.71,0.254,0.226,-0.4,Built-up,0.204,36.73,44.2,2.54,High,23,6120.0,0.612,154.9,0.484,2030.0,0.203,2026-05-31,"POLYGON ((73.858822 18.50174, 73.85977 18.501746, 73.859764 18.50265, 73.858816 18.502644, 73.858822 18.50174))"
PUNE_GRID_100M_2300,18.503099,73.859287,38.15,0.273,0.176,-0.4,Built-up,0.199,36.23,42.4,2.94,High,26,5150.0,0.515,142.1,0.444,2600.0,0.26,2026-05-31,"POLYGON ((73.858816 18.502644, 73.859764 18.50265, 73.859758 18.503553, 73.85881 18.503548, 73.858816 18.502644))"
PUNE_GRID_100M_2301,18.504002,73.859281,40.35,0.196,0.283,-0.4,Built-up,0.211,37.84,40.8,2.7,High,35,6530.0,0.653,169.9,0.531,800.0,0.08,2026-05-31,"POLYGON ((73.85881 18.503548, 73.859758 18.503553, 73.859752 18.504457, 73.858804 18.504451, 73.85881 18.503548))"
PUNE_GRID_100M_2302,18.504906,73.859275,38.87,0.239,0.238,-0.4,Built-up,0.18,36.61,44.1,2.58,High,28,5620.0,0.562,116.8,0.365,1490.0,0.149,2026-05-31,"POLYGON ((73.858804 18.504451, 73.859752 18.504457, 73.859746 18.505361, 73.858798 18.505355, 73.858804 18.504451))"
PUNE_GRID_100M_2303,18.505809,73.859269,39.53,0.196,0.184,-0.4,Built-up,0.211,37.15,41.3,2.64,High,25,6030.0,0.603,150.4,0.47,1570.0,0.157,2026-05-31,"POLYGON ((73.858798 18.505355, 73.859746 18.505361, 73.85974 18.506264, 73.858792 18.506258, 73.858798 18.505355))"
PUNE_GRID_100M_2304,18.506713,73.859263,40.19,0.202,0.242,-0.4,Built-up,0.2,37.69,39.8,2.73,High,20,6450.0,0.645,165.8,0.518,1020.0,0.102,2026-05-31,"POLYGON ((73.858792 18.506258, 73.85974 18.506264, 73.859734 18.507168, 73.858787 18.507162, 73.858792 18.506258))"
PUNE_GRID_100M_2305,18.507617,73.859257,41.75,0.158,0.342,-0.4,Built-up,0.178,38.95,42.4,2.16,Extreme,27,7430.0,0.743,189.8,0.593,200.0,0.02,2026-05-31,"POLYGON ((73.858787 18.507162, 73.859734 18.507168, 73.859728 18.508071, 73.858781 18.508066, 73.858787 18.507162))"
PUNE_GRID_100M_2306,18.50852,73.859251,42.8,0.032,0.399,-0.4,Built-up,0.149,38.99,41.2,2.29,Extreme,27,8100.0,0.81,180.2,0.563,200.0,0.02,2026-05-31,"POLYGON ((73.858781 18.508066, 73.859728 18.508071, 73.859722 18.508975, 73.858775 18.508969, 73.858781 18.508066))"
PUNE_GRID_100M_2307,18.509424,73.859245,40.96,0.145,0.359,-0.4,Built-up,0.188,38.1,42.9,2.23,High,28,6950.0,0.695,158.4,0.495,390.0,0.039,2026-05-31,"POLYGON ((73.858775 18.508969, 73.859722 18.508975, 73.859716 18.509879, 73.858769 18.509873, 73.858775 18.508969))"
PUNE_GRID_100M_2308,18.510328,73.859239,40.48,0.173,0.3,-0.4,Built-up,0.197,38.29,43.0,2.43,High,28,6660.0,0.666,172.5,0.539,200.0,0.02,2026-05-31,"POLYGON ((73.858769 18.509873, 73.859716 18.509879, 73.85971 18.510782, 73.858763 18.510777, 73.858769 18.509873))"
PUNE_GRID_100M_2309,18.511231,73.859233,41.22,0.168,0.303,-0.4,Built-up,0.175,38.78,41.9,2.32,Extreme,36,7130.0,0.713,161.3,0.504,200.0,0.02,2026-05-31,"POLYGON ((73.858763 18.510777, 73.85971 18.510782, 73.859704 18.511686, 73.858757 18.51168, 73.858763 18.510777))"
PUNE_GRID_100M_2310,18.512135,73.859227,41.65,0.19,0.298,-0.4,Built-up,0.197,38.91,40.7,2.41,Extreme,24,7410.0,0.741,174.1,0.544,200.0,0.02,2026-05-31,"POLYGON ((73.858757 18.51168, 73.859704 18.511686, 73.859698 18.51259, 73.858751 18.512584, 73.858757 18.51168))"
PUNE_GRID_100M_2311,18.513039,73.859221,40.84,0.14,0.271,-0.4,Built-up,0.197,38.25,43.1,2.13,High,23,6910.0,0.691,185.9,0.581,200.0,0.02,2026-05-31,"POLYGON ((73.858751 18.512584, 73.859698 18.51259, 73.859692 18.513493, 73.858745 18.513488, 73.858751 18.512584))"
PUNE_GRID_100M_2312,18.513942,73.859215,42.69,0.086,0.353,-0.4,Built-up,0.157,39.88,43.1,2.48,Extreme,39,8070.0,0.807,193.0,0.603,200.0,0.02,2026-05-31,"POLYGON ((73.858745 18.513488, 73.859692 18.513493, 73.859686 18.514397, 73.858739 18.514391, 73.858745 18.513488))"
PUNE_GRID_100M_2313,18.514846,73.859209,41.59,0.124,0.341,-0.4,Built-up,0.166,39.19,41.0,2.17,Extreme,29,7380.0,0.738,167.7,0.524,200.0,0.02,2026-05-31,"POLYGON ((73.858739 18.514391, 73.859686 18.514397, 73.85968 18.515301, 73.858733 18.515295, 73.858739 18.514391))"
PUNE_GRID_100M_2314,18.515749,73.859203,41.95,0.1,0.345,-0.4,Built-up,0.195,38.83,39.9,2.3,Extreme,30,7620.0,0.762,171.5,0.536,200.0,0.02,2026-05-31,"POLYGON ((73.858733 18.515295, 73.85968 18.515301, 73.859674 18.516204, 73.858727 18.516198, 73.858733 18.515295))"
PUNE_GRID_100M_2315,18.516653,73.859197,42.22,0.108,0.31,-0.4,Built-up,0.189,38.76,39.5,2.37,Extreme,29,7790.0,0.779,191.4,0.598,200.0,0.02,2026-05-31,"POLYGON ((73.858727 18.516198, 73.859674 18.516204, 73.859668 18.517108, 73.858721 18.517102, 73.858727 18.516198))"
PUNE_GRID_100M_2316,18.517557,73.859191,42.16,0.155,0.334,-0.4,Built-up,0.171,38.93,40.0,2.34,Extreme,24,7760.0,0.776,169.3,0.529,200.0,0.02,2026-05-31,"POLYGON ((73.858721 18.517102, 73.859668 18.517108, 73.859662 18.518011, 73.858715 18.518006, 73.858721 18.517102))"
PUNE_GRID_100M_2317,18.51846,73.859185,42.6,0.067,0.393,-0.4,Built-up,0.156,40.25,41.2,2.17,Extreme,30,8040.0,0.804,189.8,0.593,200.0,0.02,2026-05-31,"POLYGON ((73.858715 18.518006, 73.859662 18.518011, 73.859656 18.518915, 73.858709 18.518909, 73.858715 18.518006))"
PUNE_GRID_100M_2318,18.519364,73.859179,41.52,0.164,0.329,-0.4,Built-up,0.173,38.09,38.6,2.24,Extreme,28,7370.0,0.737,181.1,0.566,200.0,0.02,2026-05-31,"POLYGON ((73.858709 18.518909, 73.859656 18.518915, 73.85965 18.519819, 73.858703 18.519813, 73.858709 18.518909))"
PUNE_GRID_100M_2319,18.520268,73.859173,41.61,0.076,0.34,-0.4,Built-up,0.172,38.49,42.4,2.42,Extreme,39,7420.0,0.742,194.6,0.608,200.0,0.02,2026-05-31,"POLYGON ((73.858703 18.519813, 73.85965 18.519819, 73.859644 18.520722, 73.858697 18.520717, 73.858703 18.519813))"
PUNE_GRID_100M_2320,18.521171,73.859167,41.15,0.137,0.313,-0.4,Built-up,0.171,37.88,43.0,2.18,Extreme,37,7140.0,0.714,179.8,0.562,200.0,0.02,2026-05-31,"POLYGON ((73.858697 18.520717, 73.859644 18.520722, 73.859638 18.521626, 73.858691 18.52162, 73.858697 18.520717))"
PUNE_GRID_100M_2321,18.522075,73.859161,42.32,0.106,0.403,-0.4,Built-up,0.141,39.16,38.4,1.94,Extreme,38,7860.0,0.786,179.5,0.561,200.0,0.02,2026-05-31,"POLYGON ((73.858691 18.52162, 73.859638 18.521626, 73.859632 18.52253, 73.858685 18.522524, 73.858691 18.52162))"
PUNE_GRID_100M_2322,18.522979,73.859155,42.48,0.18,0.369,-0.4,Built-up,0.191,38.88,39.5,2.22,Extreme,43,7960.0,0.796,206.1,0.644,200.0,0.02,2026-05-31,"POLYGON ((73.858685 18.522524, 73.859632 18.52253, 73.859626 18.523433, 73.858679 18.523428, 73.858685 18.522524))"
PUNE_GRID_100M_2323,18.523882,73.859149,42.1,0.116,0.333,-0.4,Built-up,0.195,38.94,41.4,2.12,Extreme,27,7720.0,0.772,181.4,0.567,200.0,0.02,2026-05-31,"POLYGON ((73.858679 18.523428, 73.859626 18.523433, 73.85962 18.524337, 73.858673 18.524331, 73.858679 18.523428))"
PUNE_GRID_100M_2324,18.524786,73.859143,42.94,0.009,0.355,-0.4,Built-up,0.157,38.97,40.4,1.68,Extreme,29,8230.0,0.823,181.8,0.568,200.0,0.02,2026-05-31,"POLYGON ((73.858673 18.524331, 73.85962 18.524337, 73.859614 18.525241, 73.858667 18.525235, 73.858673 18.524331))"
PUNE_GRID_100M_2325,18.525689,73.859137,41.45,0.069,0.323,-0.4,Built-up,0.184,38.7,42.6,2.27,Extreme,36,7300.0,0.73,173.1,0.541,750.0,0.075,2026-05-31,"POLYGON ((73.858667 18.525235, 73.859614 18.525241, 73.859608 18.526144, 73.858661 18.526138, 73.858667 18.525235))"
PUNE_GRID_100M_2326,18.526593,73.859131,41.84,0.137,0.26,-0.4,Built-up,0.18,39.15,41.3,2.22,Extreme,25,7540.0,0.754,199.4,0.623,200.0,0.02,2026-05-31,"POLYGON ((73.858661 18.526138, 73.859608 18.526144, 73.859602 18.527048, 73.858655 18.527042, 73.858661 18.526138))"
PUNE_GRID_100M_2327,18.527497,73.859125,40.28,0.215,0.257,-0.4,Built-up,0.19,37.58,44.7,2.46,High,32,6550.0,0.655,159.4,0.498,880.0,0.088,2026-05-31,"POLYGON ((73.858655 18.527042, 73.859602 18.527048, 73.859596 18.527951, 73.858649 18.527946, 73.858655 18.527042))"
PUNE_GRID_100M_2328,18.5284,73.859119,40.69,0.191,0.275,-0.4,Built-up,0.185,37.94,42.0,2.1,High,30,6800.0,0.68,163.5,0.511,290.0,0.029,2026-05-31,"POLYGON ((73.858649 18.527946, 73.859596 18.527951, 73.85959 18.528855, 73.858643 18.528849, 73.858649 18.527946))"
PUNE_GRID_100M_2329,18.529304,73.859113,41.4,0.158,0.272,-0.4,Built-up,0.185,38.43,40.4,1.98,Extreme,33,7240.0,0.724,194.6,0.608,200.0,0.02,2026-05-31,"POLYGON ((73.858643 18.528849, 73.85959 18.528855, 73.859584 18.529759, 73.858637 18.529753, 73.858643 18.528849))"
PUNE_GRID_100M_2330,18.530208,73.859107,41.36,0.199,0.283,-0.4,Built-up,0.219,38.51,40.3,2.34,Extreme,31,7210.0,0.721,154.6,0.483,280.0,0.028,2026-05-31,"POLYGON ((73.858637 18.529753, 73.859584 18.529759, 73.859578 18.530662, 73.858631 18.530657, 73.858637 18.529753))"
PUNE_GRID_100M_2331,18.531111,73.859101,40.29,0.168,0.287,-0.4,Built-up,0.182,37.69,43.9,2.41,High,30,6540.0,0.654,140.5,0.439,1270.0,0.127,2026-05-31,"POLYGON ((73.858631 18.530657, 73.859578 18.530662, 73.859572 18.531566, 73.858625 18.53156, 73.858631 18.530657))"
PUNE_GRID_100M_2332,18.532015,73.859095,40.31,0.225,0.271,-0.4,Built-up,0.179,37.95,42.8,2.37,High,26,6540.0,0.654,136.3,0.426,1620.0,0.162,2026-05-31,"POLYGON ((73.858625 18.53156, 73.859572 18.531566, 73.859566 18.53247, 73.858619 18.532464, 73.858625 18.53156))"
PUNE_GRID_100M_2333,18.532919,73.859089,38.99,0.17,0.208,-0.4,Built-up,0.191,37.16,44.8,2.39,High,24,5710.0,0.571,141.8,0.443,1060.0,0.106,2026-05-31,"POLYGON ((73.858619 18.532464, 73.859566 18.53247, 73.85956 18.533373, 73.858613 18.533367, 73.858619 18.532464))"
PUNE_GRID_100M_2334,18.533822,73.859083,39.76,0.172,0.248,-0.4,Built-up,0.211,37.09,44.1,2.2,High,19,6190.0,0.619,150.7,0.471,950.0,0.095,2026-05-31,"POLYGON ((73.858613 18.533367, 73.85956 18.533373, 73.859554 18.534277, 73.858607 18.534271, 73.858613 18.533367))"
PUNE_GRID_100M_2335,18.534726,73.859077,40.6,0.107,0.28,-0.4,Built-up,0.165,37.83,39.5,2.41,High,35,6700.0,0.67,180.5,0.564,380.0,0.038,2026-05-31,"POLYGON ((73.858607 18.534271, 73.859554 18.534277, 73.859548 18.53518, 73.858601 18.535175, 73.858607 18.534271))"
PUNE_GRID_100M_2336,18.535629,73.859071,40.19,0.182,0.296,-0.392,Built-up,0.175,37.9,41.1,2.39,High,32,6440.0,0.644,157.8,0.493,1080.0,0.108,2026-05-31,"POLYGON ((73.858601 18.535175, 73.859548 18.53518, 73.859542 18.536084, 73.858595 18.536078, 73.858601 18.535175))"
PUNE_GRID_100M_2337,18.536533,73.859065,39.97,0.199,0.252,-0.4,Built-up,0.216,37.05,41.5,2.7,High,33,6290.0,0.629,145.9,0.456,1280.0,0.128,2026-05-31,"POLYGON ((73.858595 18.536078, 73.859542 18.536084, 73.859536 18.536988, 73.858589 18.536982, 73.858595 18.536078))"
PUNE_GRID_100M_2338,18.537437,73.859059,39.44,0.224,0.181,-0.346,Built-up,0.211,36.52,42.2,2.59,High,22,5960.0,0.596,143.0,0.447,1650.0,0.165,2026-05-31,"POLYGON ((73.858589 18.536982, 73.859536 18.536988, 73.85953 18.537891, 73.858583 18.537886, 73.858589 18.536982))"
PUNE_GRID_100M_2339,18.53834,73.859053,39.25,0.229,0.265,-0.4,Built-up,0.195,37.04,43.0,2.49,High,31,5830.0,0.583,141.4,0.442,2010.0,0.201,2026-05-31,"POLYGON ((73.858583 18.537886, 73.85953 18.537891, 73.859524 18.538795, 73.858577 18.538789, 73.858583 18.537886))"
PUNE_GRID_100M_2340,18.539244,73.859047,38.55,0.214,0.196,-0.4,Built-up,0.237,36.63,45.7,2.91,High,18,5390.0,0.539,107.8,0.337,2240.0,0.224,2026-05-31,"POLYGON ((73.858577 18.538789, 73.859524 18.538795, 73.859518 18.539699, 73.858571 18.539693, 73.858577 18.538789))"
PUNE_GRID_100M_2341,18.540148,73.859041,39.48,0.211,0.209,-0.4,Built-up,0.206,36.92,45.2,2.54,High,23,5960.0,0.596,177.6,0.555,1750.0,0.175,2026-05-31,"POLYGON ((73.858571 18.539693, 73.859518 18.539699, 73.859512 18.540602, 73.858565 18.540597, 73.858571 18.539693))"
PUNE_GRID_100M_2342,18.541051,73.859035,39.1,0.172,0.172,-0.4,Built-up,0.198,36.7,43.3,2.74,High,22,5720.0,0.572,144.0,0.45,2100.0,0.21,2026-05-31,"POLYGON ((73.858565 18.540597, 73.859512 18.540602, 73.859506 18.541506, 73.858559 18.5415, 73.858565 18.540597))"
PUNE_GRID_100M_2343,18.541955,73.859029,38.99,0.29,0.216,-0.4,Built-up,0.197,36.56,43.4,2.62,High,21,5640.0,0.564,137.9,0.431,1940.0,0.194,2026-05-31,"POLYGON ((73.858559 18.5415, 73.859506 18.541506, 73.8595 18.54241, 73.858553 18.542404, 73.858559 18.5415))"
PUNE_GRID_100M_2344,18.542858,73.859023,38.02,0.257,0.157,-0.4,Built-up,0.195,35.85,43.5,3.0,High,24,5030.0,0.503,128.6,0.402,3400.0,0.34,2026-05-31,"POLYGON ((73.858553 18.542404, 73.8595 18.54241, 73.859494 18.543313, 73.858547 18.543307, 73.858553 18.542404))"
PUNE_GRID_100M_2345,18.543762,73.859017,36.55,0.301,0.142,-0.4,Built-up,0.233,35.29,45.9,2.72,Medium,19,4110.0,0.411,107.8,0.337,4500.0,0.45,2026-05-31,"POLYGON ((73.858547 18.543307, 73.859494 18.543313, 73.859488 18.544217, 73.858541 18.544211, 73.858547 18.543307))"
PUNE_GRID_100M_2346,18.544666,73.859011,38.99,0.299,0.194,-0.4,Built-up,0.214,36.44,44.1,2.75,High,25,5620.0,0.562,133.1,0.416,2510.0,0.251,2026-05-31,"POLYGON ((73.858541 18.544211, 73.859488 18.544217, 73.859482 18.54512, 73.858535 18.545115, 73.858541 18.544211))"
PUNE_GRID_100M_2347,18.545569,73.859005,37.57,0.235,0.116,-0.4,Built-up,0.236,35.72,46.2,2.73,High,17,4730.0,0.473,105.6,0.33,2070.0,0.207,2026-05-31,"POLYGON ((73.858535 18.545115, 73.859482 18.54512, 73.859476 18.546024, 73.858529 18.546018, 73.858535 18.545115))"
PUNE_GRID_100M_2348,18.546473,73.858999,37.1,0.256,0.146,-0.366,Built-up,0.232,35.2,46.5,2.82,Medium,21,4430.0,0.443,113.9,0.356,4130.0,0.413,2026-05-31,"POLYGON ((73.858529 18.546018, 73.859476 18.546024, 73.85947 18.546928, 73.858523 18.546922, 73.858529 18.546018))"
PUNE_GRID_100M_2349,18.547377,73.858993,38.18,0.22,0.196,-0.4,Built-up,0.199,35.79,41.0,3.05,High,25,5100.0,0.51,127.4,0.398,3020.0,0.302,2026-05-31,"POLYGON ((73.858523 18.546922, 73.85947 18.546928, 73.859464 18.547831, 73.858517 18.547826, 73.858523 18.546922))"
PUNE_GRID_100M_2350,18.54828,73.858987,37.15,0.297,0.127,-0.37,Built-up,0.203,35.77,45.1,3.01,Medium,14,4450.0,0.445,96.3,0.301,4450.0,0.445,2026-05-31,"POLYGON ((73.858517 18.547826, 73.859464 18.547831, 73.859458 18.548735, 73.858511 18.548729, 73.858517 18.547826))"
PUNE_GRID_100M_2351,18.549184,73.858981,38.15,0.282,0.187,-0.4,Built-up,0.206,36.05,46.6,2.87,High,27,5070.0,0.507,139.8,0.437,3110.0,0.311,2026-05-31,"POLYGON ((73.858511 18.548729, 73.859458 18.548735, 73.859452 18.549639, 73.858505 18.549633, 73.858511 18.548729))"
PUNE_GRID_100M_2352,18.550088,73.858975,37.63,0.313,0.142,-0.4,Built-up,0.201,35.9,44.2,3.23,High,16,4740.0,0.474,117.4,0.367,3790.0,0.379,2026-05-31,"POLYGON ((73.858505 18.549633, 73.859452 18.549639, 73.859446 18.550542, 73.858499 18.550537, 73.858505 18.549633))"
PUNE_GRID_100M_2353,18.500393,73.860252,39.39,0.324,0.23,-0.4,Built-up,0.201,36.62,45.2,2.78,High,20,5900.0,0.59,151.0,0.472,2040.0,0.204,2026-05-31,"POLYGON ((73.859782 18.499939, 73.860729 18.499944, 73.860723 18.500848, 73.859776 18.500842, 73.859782 18.499939))"
PUNE_GRID_100M_2354,18.501297,73.860246,37.91,0.183,0.191,-0.4,Built-up,0.223,35.81,44.2,2.5,High,22,4990.0,0.499,137.6,0.43,3260.0,0.326,2026-05-31,"POLYGON ((73.859776 18.500842, 73.860723 18.500848, 73.860717 18.501752, 73.85977 18.501746, 73.859776 18.500842))"
PUNE_GRID_100M_2355,18.502201,73.86024,40.13,0.22,0.275,-0.4,Built-up,0.188,37.82,43.2,2.28,High,32,6380.0,0.638,153.3,0.479,1980.0,0.198,2026-05-31,"POLYGON ((73.85977 18.501746, 73.860717 18.501752, 73.860711 18.502655, 73.859764 18.50265, 73.85977 18.501746))"
PUNE_GRID_100M_2356,18.503104,73.860234,39.53,0.194,0.224,-0.4,Built-up,0.202,37.95,41.7,2.45,High,29,6010.0,0.601,148.2,0.463,1690.0,0.169,2026-05-31,"POLYGON ((73.859764 18.50265, 73.860711 18.502655, 73.860705 18.503559, 73.859758 18.503553, 73.859764 18.50265))"
PUNE_GRID_100M_2357,18.504008,73.860228,39.19,0.205,0.254,-0.4,Built-up,0.193,36.34,42.0,2.59,High,20,5800.0,0.58,149.4,0.467,1170.0,0.117,2026-05-31,"POLYGON ((73.859758 18.503553, 73.860705 18.503559, 73.860699 18.504463, 73.859752 18.504457, 73.859758 18.503553))"
PUNE_GRID_100M_2358,18.504912,73.860222,39.76,0.184,0.168,-0.389,Built-up,0.222,37.27,44.3,2.6,High,22,6170.0,0.617,138.9,0.434,1410.0,0.141,2026-05-31,"POLYGON ((73.859752 18.504457, 73.860699 18.504463, 73.860693 18.505366, 73.859746 18.505361, 73.859752 18.504457))"
PUNE_GRID_100M_2359,18.505815,73.860216,38.38,0.22,0.239,-0.4,Built-up,0.187,36.49,45.6,2.72,High,18,5310.0,0.531,128.0,0.4,2650.0,0.265,2026-05-31,"POLYGON ((73.859746 18.505361, 73.860693 18.505366, 73.860687 18.50627, 73.85974 18.506264, 73.859746 18.505361))"
PUNE_GRID_100M_2360,18.506719,73.86021,40.28,0.258,0.211,-0.4,Built-up,0.169,37.51,42.8,2.2,High,20,6510.0,0.651,157.8,0.493,1040.0,0.104,2026-05-31,"POLYGON ((73.85974 18.506264, 73.860687 18.50627, 73.860681 18.507174, 73.859734 18.507168, 73.85974 18.506264))"
PUNE_GRID_100M_2361,18.507622,73.860204,39.29,0.259,0.199,-0.4,Built-up,0.211,37.26,41.7,2.31,High,21,5900.0,0.59,129.3,0.404,1390.0,0.139,2026-05-31,"POLYGON ((73.859734 18.507168, 73.860681 18.507174, 73.860675 18.508077, 73.859728 18.508071, 73.859734 18.507168))"
PUNE_GRID_100M_2362,18.508526,73.860198,39.19,0.229,0.212,-0.4,Built-up,0.217,36.67,43.7,2.14,High,28,5840.0,0.584,169.9,0.531,910.0,0.091,2026-05-31,"POLYGON ((73.859728 18.508071, 73.860675 18.508077, 73.860669 18.508981, 73.859722 18.508975, 73.859728 18.508071))"
PUNE_GRID_100M_2363,18.50943,73.860192,39.21,0.282,0.21,-0.4,Built-up,0.209,36.99,45.5,2.08,High,27,5860.0,0.586,122.6,0.383,1690.0,0.169,2026-05-31,"POLYGON ((73.859722 18.508975, 73.860669 18.508981, 73.860663 18.509884, 73.859716 18.509879, 73.859722 18.508975))"
PUNE_GRID_100M_2364,18.510333,73.860186,41.47,0.088,0.346,-0.4,Built-up,0.168,38.37,44.4,2.19,Extreme,24,7280.0,0.728,158.1,0.494,560.0,0.056,2026-05-31,"POLYGON ((73.859716 18.509879, 73.860663 18.509884, 73.860657 18.510788, 73.85971 18.510782, 73.859716 18.509879))"
PUNE_GRID_100M_2365,18.511237,73.86018,40.23,0.139,0.229,-0.4,Built-up,0.182,38.03,42.3,2.37,High,31,6510.0,0.651,173.1,0.541,1500.0,0.15,2026-05-31,"POLYGON ((73.85971 18.510782, 73.860657 18.510788, 73.860651 18.511692, 73.859704 18.511686, 73.85971 18.510782))"
PUNE_GRID_100M_2366,18.512141,73.860174,42.11,0.039,0.353,-0.4,Built-up,0.184,38.77,38.8,2.42,Extreme,40,7690.0,0.769,193.6,0.605,200.0,0.02,2026-05-31,"POLYGON ((73.859704 18.511686, 73.860651 18.511692, 73.860645 18.512595, 73.859698 18.51259, 73.859704 18.511686))"
PUNE_GRID_100M_2367,18.513044,73.860168,40.61,0.151,0.26,-0.4,Built-up,0.195,37.82,43.8,2.05,High,24,6760.0,0.676,149.1,0.466,1260.0,0.126,2026-05-31,"POLYGON ((73.859698 18.51259, 73.860645 18.512595, 73.860639 18.513499, 73.859692 18.513493, 73.859698 18.51259))"
PUNE_GRID_100M_2368,18.513948,73.860162,39.82,0.213,0.251,-0.4,Built-up,0.193,37.66,42.7,2.06,High,26,6270.0,0.627,158.4,0.495,1210.0,0.121,2026-05-31,"POLYGON ((73.859692 18.513493, 73.860639 18.513499, 73.860633 18.514403, 73.859686 18.514397, 73.859692 18.513493))"
PUNE_GRID_100M_2369,18.514852,73.860156,40.43,0.189,0.267,-0.4,Built-up,0.219,37.49,44.1,1.84,High,21,6660.0,0.666,178.6,0.558,200.0,0.02,2026-05-31,"POLYGON ((73.859686 18.514397, 73.860633 18.514403, 73.860627 18.515306, 73.85968 18.515301, 73.859686 18.514397))"
PUNE_GRID_100M_2370,18.515755,73.86015,42.45,0.12,0.363,-0.4,Built-up,0.16,39.24,41.5,2.22,Extreme,29,7920.0,0.792,189.8,0.593,200.0,0.02,2026-05-31,"POLYGON ((73.85968 18.515301, 73.860627 18.515306, 73.860621 18.51621, 73.859674 18.516204, 73.85968 18.515301))"
PUNE_GRID_100M_2371,18.516659,73.860144,41.46,0.092,0.299,-0.4,Built-up,0.213,37.98,40.5,2.01,Extreme,37,7310.0,0.731,208.6,0.652,200.0,0.02,2026-05-31,"POLYGON ((73.859674 18.516204, 73.860621 18.51621, 73.860615 18.517114, 73.859668 18.517108, 73.859674 18.516204))"
PUNE_GRID_100M_2372,18.517562,73.860138,41.26,0.188,0.291,-0.4,Built-up,0.188,38.06,42.1,2.47,Extreme,22,7190.0,0.719,150.4,0.47,200.0,0.02,2026-05-31,"POLYGON ((73.859668 18.517108, 73.860615 18.517114, 73.860609 18.518017, 73.859662 18.518011, 73.859668 18.517108))"
PUNE_GRID_100M_2373,18.518466,73.860132,41.92,0.142,0.345,-0.4,Built-up,0.15,38.96,43.4,2.2,Extreme,35,7610.0,0.761,191.7,0.599,200.0,0.02,2026-05-31,"POLYGON ((73.859662 18.518011, 73.860609 18.518017, 73.860603 18.518921, 73.859656 18.518915, 73.859662 18.518011))"
PUNE_GRID_100M_2374,18.51937,73.860126,42.26,0.15,0.38,-0.4,Built-up,0.169,38.78,41.0,2.07,Extreme,34,7820.0,0.782,202.6,0.633,200.0,0.02,2026-05-31,"POLYGON ((73.859656 18.518915, 73.860603 18.518921, 73.860597 18.519824, 73.85965 18.519819, 73.859656 18.518915))"
PUNE_GRID_100M_2375,18.520273,73.860121,42.78,0.027,0.357,-0.4,Built-up,0.19,39.28,39.2,1.97,Extreme,34,8150.0,0.815,207.0,0.647,200.0,0.02,2026-05-31,"POLYGON ((73.85965 18.519819, 73.860597 18.519824, 73.860591 18.520728, 73.859644 18.520722, 73.85965 18.519819))"
PUNE_GRID_100M_2376,18.521177,73.860115,43.03,0.106,0.36,-0.4,Built-up,0.17,39.77,38.2,1.81,Extreme,44,8300.0,0.83,196.5,0.614,200.0,0.02,2026-05-31,"POLYGON ((73.859644 18.520722, 73.860591 18.520728, 73.860585 18.521632, 73.859638 18.521626, 73.859644 18.520722))"
PUNE_GRID_100M_2377,18.522081,73.860109,41.53,0.099,0.337,-0.4,Built-up,0.157,38.4,40.6,1.84,Extreme,29,7360.0,0.736,172.8,0.54,200.0,0.02,2026-05-31,"POLYGON ((73.859638 18.521626, 73.860585 18.521632, 73.860579 18.522535, 73.859632 18.52253, 73.859638 18.521626))"
PUNE_GRID_100M_2378,18.522984,73.860103,40.67,0.161,0.279,-0.4,Built-up,0.187,38.22,41.8,2.0,High,34,6820.0,0.682,169.3,0.529,400.0,0.04,2026-05-31,"POLYGON ((73.859632 18.52253, 73.860579 18.522535, 73.860573 18.523439, 73.859626 18.523433, 73.859632 18.52253))"
PUNE_GRID_100M_2379,18.523888,73.860097,41.29,0.176,0.333,-0.4,Built-up,0.167,38.47,43.2,2.01,Extreme,30,7210.0,0.721,183.4,0.573,200.0,0.02,2026-05-31,"POLYGON ((73.859626 18.523433, 73.860573 18.523439, 73.860567 18.524343, 73.85962 18.524337, 73.859626 18.523433))"
PUNE_GRID_100M_2380,18.524792,73.860091,41.71,0.144,0.3,-0.4,Built-up,0.193,38.83,40.0,1.97,Extreme,32,7460.0,0.746,186.9,0.584,280.0,0.028,2026-05-31,"POLYGON ((73.85962 18.524337, 73.860567 18.524343, 73.860561 18.525246, 73.859614 18.525241, 73.85962 18.524337))"
PUNE_GRID_100M_2381,18.525695,73.860085,40.6,0.145,0.224,-0.4,Built-up,0.211,38.29,44.9,2.26,High,23,6760.0,0.676,175.7,0.549,370.0,0.037,2026-05-31,"POLYGON ((73.859614 18.525241, 73.860561 18.525246, 73.860555 18.52615, 73.859608 18.526144, 73.859614 18.525241))"
PUNE_GRID_100M_2382,18.526599,73.860079,40.46,0.184,0.255,-0.4,Built-up,0.178,37.92,40.6,2.31,High,22,6670.0,0.667,146.9,0.459,1160.0,0.116,2026-05-31,"POLYGON ((73.859608 18.526144, 73.860555 18.52615, 73.860549 18.527053, 73.859602 18.527048, 73.859608 18.526144))"
PUNE_GRID_100M_2383,18.527502,73.860073,41.36,0.091,0.288,-0.343,Built-up,0.178,38.91,45.4,2.14,Extreme,35,7230.0,0.723,170.6,0.533,290.0,0.029,2026-05-31,"POLYGON ((73.859602 18.527048, 73.860549 18.527053, 73.860543 18.527957, 73.859596 18.527951, 73.859602 18.527048))"
PUNE_GRID_100M_2384,18.528406,73.860067,40.9,0.215,0.288,-0.4,Built-up,0.2,38.4,44.9,2.65,High,29,6930.0,0.693,154.2,0.482,640.0,0.064,2026-05-31,"POLYGON ((73.859596 18.527951, 73.860543 18.527957, 73.860537 18.528861, 73.85959 18.528855, 73.859596 18.527951))"
PUNE_GRID_100M_2385,18.52931,73.860061,40.81,0.163,0.267,-0.361,Built-up,0.179,37.91,42.6,1.94,High,29,6870.0,0.687,160.0,0.5,1000.0,0.1,2026-05-31,"POLYGON ((73.85959 18.528855, 73.860537 18.528861, 73.860531 18.529764, 73.859584 18.529759, 73.85959 18.528855))"
PUNE_GRID_100M_2386,18.530213,73.860055,40.03,0.244,0.274,-0.4,Built-up,0.174,37.91,40.5,2.32,High,31,6380.0,0.638,166.1,0.519,800.0,0.08,2026-05-31,"POLYGON ((73.859584 18.529759, 73.860531 18.529764, 73.860525 18.530668, 73.859578 18.530662, 73.859584 18.529759))"
PUNE_GRID_100M_2387,18.531117,73.860049,40.29,0.169,0.254,-0.4,Built-up,0.177,37.78,42.7,2.29,High,22,6540.0,0.654,158.4,0.495,740.0,0.074,2026-05-31,"POLYGON ((73.859578 18.530662, 73.860525 18.530668, 73.860519 18.531572, 73.859572 18.531566, 73.859578 18.530662))"
PUNE_GRID_100M_2388,18.532021,73.860043,39.58,0.194,0.236,-0.4,Built-up,0.203,37.09,42.8,2.25,High,21,6090.0,0.609,179.5,0.561,1220.0,0.122,2026-05-31,"POLYGON ((73.859572 18.531566, 73.860519 18.531572, 73.860513 18.532475, 73.859566 18.53247, 73.859572 18.531566))"
PUNE_GRID_100M_2389,18.532924,73.860037,40.88,0.139,0.294,-0.4,Built-up,0.192,38.2,40.4,2.25,High,33,6890.0,0.689,167.7,0.524,280.0,0.028,2026-05-31,"POLYGON ((73.859566 18.53247, 73.860513 18.532475, 73.860507 18.533379, 73.85956 18.533373, 73.859566 18.53247))"
PUNE_GRID_100M_2390,18.533828,73.860031,40.84,0.206,0.294,-0.4,Built-up,0.177,38.42,42.8,2.41,High,29,6860.0,0.686,165.4,0.517,790.0,0.079,2026-05-31,"POLYGON ((73.85956 18.533373, 73.860507 18.533379, 73.860501 18.534283, 73.859554 18.534277, 73.85956 18.533373))"
PUNE_GRID_100M_2391,18.534732,73.860025,38.37,0.229,0.176,-0.4,Built-up,0.208,36.5,43.1,2.4,High,27,5310.0,0.531,128.6,0.402,2200.0,0.22,2026-05-31,"POLYGON ((73.859554 18.534277, 73.860501 18.534283, 73.860495 18.535186, 73.859548 18.53518, 73.859554 18.534277))"
PUNE_GRID_100M_2392,18.535635,73.860019,38.95,0.263,0.218,-0.4,Built-up,0.224,37.31,42.8,2.39,High,21,5660.0,0.566,127.7,0.399,2230.0,0.223,2026-05-31,"POLYGON ((73.859548 18.53518, 73.860495 18.535186, 73.860489 18.53609, 73.859542 18.536084, 73.859548 18.53518))"
PUNE_GRID_100M_2393,18.536539,73.860013,38.34,0.243,0.151,-0.246,Built-up,0.198,36.66,44.0,2.23,High,26,5270.0,0.527,125.8,0.393,2510.0,0.251,2026-05-31,"POLYGON ((73.859542 18.536084, 73.860489 18.53609, 73.860483 18.536993, 73.859536 18.536988, 73.859542 18.536084))"
PUNE_GRID_100M_2394,18.537442,73.860007,38.86,0.161,0.241,-0.4,Built-up,0.167,36.86,43.0,2.2,High,17,5590.0,0.559,148.5,0.464,2100.0,0.21,2026-05-31,"POLYGON ((73.859536 18.536988, 73.860483 18.536993, 73.860477 18.537897, 73.85953 18.537891, 73.859536 18.536988))"
PUNE_GRID_100M_2395,18.538346,73.860001,39.15,0.207,0.205,-0.4,Built-up,0.21,36.6,46.8,2.49,High,19,5770.0,0.577,139.8,0.437,1740.0,0.174,2026-05-31,"POLYGON ((73.85953 18.537891, 73.860477 18.537897, 73.860471 18.538801, 73.859524 18.538795, 73.85953 18.537891))"
PUNE_GRID_100M_2396,18.53925,73.859995,37.9,0.226,0.116,-0.391,Built-up,0.217,35.98,43.9,2.49,High,21,4980.0,0.498,109.4,0.342,2860.0,0.286,2026-05-31,"POLYGON ((73.859524 18.538795, 73.860471 18.538801, 73.860465 18.539704, 73.859518 18.539699, 73.859524 18.538795))"
PUNE_GRID_100M_2397,18.540153,73.859989,38.16,0.266,0.173,-0.4,Built-up,0.198,36.23,45.1,2.56,High,19,5140.0,0.514,111.4,0.348,2850.0,0.285,2026-05-31,"POLYGON ((73.859518 18.539699, 73.860465 18.539704, 73.860459 18.540608, 73.859512 18.540602, 73.859518 18.539699))"
PUNE_GRID_100M_2398,18.541057,73.859983,37.93,0.225,0.131,-0.396,Built-up,0.226,36.26,44.9,2.61,High,16,4990.0,0.499,113.9,0.356,3020.0,0.302,2026-05-31,"POLYGON ((73.859512 18.540602, 73.860459 18.540608, 73.860453 18.541512, 73.859506 18.541506, 73.859512 18.540602))"
PUNE_GRID_100M_2399,18.541961,73.859977,38.74,0.281,0.213,-0.371,Built-up,0.214,36.81,44.5,2.55,High,21,5490.0,0.549,132.8,0.415,2260.0,0.226,2026-05-31,"POLYGON ((73.859506 18.541506, 73.860453 18.541512, 73.860447 18.542415, 73.8595 18.54241, 73.859506 18.541506))"
PUNE_GRID_100M_2400,18.542864,73.859971,38.47,0.25,0.247,-0.4,Built-up,0.162,36.48,44.9,2.64,High,25,5310.0,0.531,142.7,0.446,3030.0,0.303,2026-05-31,"POLYGON ((73.8595 18.54241, 73.860447 18.542415, 73.860441 18.543319, 73.859494 18.543313, 73.8595 18.54241))"
PUNE_GRID_100M_2401,18.543768,73.859965,37.68,0.274,0.122,-0.4,Built-up,0.208,35.91,46.2,2.54,High,20,4810.0,0.481,98.2,0.307,2870.0,0.287,2026-05-31,"POLYGON ((73.859494 18.543313, 73.860441 18.543319, 73.860435 18.544223, 73.859488 18.544217, 73.859494 18.543313))"
PUNE_GRID_100M_2402,18.544671,73.859959,38.23,0.288,0.18,-0.4,Built-up,0.242,36.48,44.8,3.04,High,17,5150.0,0.515,119.4,0.373,2710.0,0.271,2026-05-31,"POLYGON ((73.859488 18.544217, 73.860435 18.544223, 73.860429 18.545126, 73.859482 18.54512, 73.859488 18.544217))"
PUNE_GRID_100M_2403,18.545575,73.859953,37.49,0.326,0.084,-0.4,Built-up,0.234,35.49,45.3,2.6,Medium,17,4680.0,0.468,114.2,0.357,2620.0,0.262,2026-05-31,"POLYGON ((73.859482 18.54512, 73.860429 18.545126, 73.860423 18.54603, 73.859476 18.546024, 73.859482 18.54512))"
PUNE_GRID_100M_2404,18.546479,73.859947,37.55,0.285,0.153,-0.34,Built-up,0.223,36.29,45.0,2.71,High,17,4710.0,0.471,89.6,0.28,3600.0,0.36,2026-05-31,"POLYGON ((73.859476 18.546024, 73.860423 18.54603, 73.860417 18.546933, 73.85947 18.546928, 73.859476 18.546024))"
PUNE_GRID_100M_2405,18.547382,73.859941,38.95,0.206,0.176,-0.362,Built-up,0.226,36.15,43.6,2.67,High,18,5580.0,0.558,123.2,0.385,1820.0,0.182,2026-05-31,"POLYGON ((73.85947 18.546928, 73.860417 18.546933, 73.860411 18.547837, 73.859464 18.547831, 73.85947 18.546928))"
PUNE_GRID_100M_2406,18.548286,73.859935,38.52,0.181,0.165,-0.4,Built-up,0.211,36.9,42.8,2.69,High,17,5300.0,0.53,118.4,0.37,2480.0,0.248,2026-05-31,"POLYGON ((73.859464 18.547831, 73.860411 18.547837, 73.860405 18.548741, 73.859458 18.548735, 73.859464 18.547831))"
PUNE_GRID_100M_2407,18.54919,73.859929,36.25,0.304,0.048,-0.4,Built-up,0.243,34.86,45.9,2.87,Medium,12,3870.0,0.387,82.6,0.258,4210.0,0.421,2026-05-31,"POLYGON ((73.859458 18.548735, 73.860405 18.548741, 73.860399 18.549644, 73.859452 18.549639, 73.859458 18.548735))"
PUNE_GRID_100M_2408,18.550093,73.859923,37.79,0.253,0.173,-0.4,Built-up,0.22,36.25,45.1,2.88,High,24,4830.0,0.483,118.4,0.37,3170.0,0.317,2026-05-31,"POLYGON ((73.859452 18.549639, 73.860399 18.549644, 73.860393 18.550548, 73.859446 18.550542, 73.859452 18.549639))"
PUNE_GRID_100M_2409,18.500399,73.861199,39.46,0.223,0.256,-0.4,Built-up,0.202,37.23,44.0,2.52,High,23,5950.0,0.595,140.8,0.44,1510.0,0.151,2026-05-31,"POLYGON ((73.860729 18.499944, 73.861676 18.49995, 73.86167 18.500854, 73.860723 18.500848, 73.860729 18.499944))"
PUNE_GRID_100M_2410,18.501303,73.861193,38.05,0.254,0.163,-0.398,Built-up,0.206,36.24,44.8,2.53,High,17,5070.0,0.507,114.6,0.358,2620.0,0.262,2026-05-31,"POLYGON ((73.860723 18.500848, 73.86167 18.500854, 73.861664 18.501757, 73.860717 18.501752, 73.860723 18.500848))"
PUNE_GRID_100M_2411,18.502206,73.861187,39.78,0.235,0.214,-0.4,Built-up,0.204,37.51,42.8,2.42,High,21,6160.0,0.616,153.3,0.479,1980.0,0.198,2026-05-31,"POLYGON ((73.860717 18.501752, 73.861664 18.501757, 73.861658 18.502661, 73.860711 18.502655, 73.860717 18.501752))"
PUNE_GRID_100M_2412,18.50311,73.861181,40.52,0.157,0.321,-0.4,Built-up,0.173,38.11,42.5,2.62,High,25,6630.0,0.663,181.1,0.566,790.0,0.079,2026-05-31,"POLYGON ((73.860711 18.502655, 73.861658 18.502661, 73.861652 18.503565, 73.860705 18.503559, 73.860711 18.502655))"
PUNE_GRID_100M_2413,18.504014,73.861175,38.54,0.249,0.162,-0.4,Built-up,0.211,36.38,43.3,2.92,High,26,5400.0,0.54,150.7,0.471,1960.0,0.196,2026-05-31,"POLYGON ((73.860705 18.503559, 73.861652 18.503565, 73.861646 18.504468, 73.860699 18.504463, 73.860705 18.503559))"
PUNE_GRID_100M_2414,18.504917,73.861169,38.87,0.287,0.134,-0.4,Built-up,0.198,37.02,44.4,2.31,High,19,5610.0,0.561,110.1,0.344,2260.0,0.226,2026-05-31,"POLYGON ((73.860699 18.504463, 73.861646 18.504468, 73.86164 18.505372, 73.860693 18.505366, 73.860699 18.504463))"
PUNE_GRID_100M_2415,18.505821,73.861163,40.57,0.194,0.289,-0.4,Built-up,0.176,37.57,42.2,2.54,High,23,6680.0,0.668,167.7,0.524,1410.0,0.141,2026-05-31,"POLYGON ((73.860693 18.505366, 73.86164 18.505372, 73.861634 18.506276, 73.860687 18.50627, 73.860693 18.505366))"
PUNE_GRID_100M_2416,18.506725,73.861157,40.13,0.193,0.223,-0.4,Built-up,0.196,37.59,43.2,2.44,High,33,6410.0,0.641,151.7,0.474,1070.0,0.107,2026-05-31,"POLYGON ((73.860687 18.50627, 73.861634 18.506276, 73.861628 18.507179, 73.860681 18.507174, 73.860687 18.50627))"
PUNE_GRID_100M_2417,18.507628,73.861151,40.51,0.158,0.303,-0.4,Built-up,0.171,38.11,44.1,2.54,High,27,6650.0,0.665,161.6,0.505,560.0,0.056,2026-05-31,"POLYGON ((73.860681 18.507174, 73.861628 18.507179, 73.861622 18.508083, 73.860675 18.508077, 73.860681 18.507174))"
PUNE_GRID_100M_2418,18.508532,73.861145,40.49,0.158,0.261,-0.394,Built-up,0.185,38.14,41.5,2.52,High,32,6650.0,0.665,154.6,0.483,630.0,0.063,2026-05-31,"POLYGON ((73.860675 18.508077, 73.861622 18.508083, 73.861616 18.508986, 73.860669 18.508981, 73.860675 18.508077))"
PUNE_GRID_100M_2419,18.509435,73.86114,40.68,0.142,0.299,-0.4,Built-up,0.184,38.11,43.4,2.4,High,29,6780.0,0.678,164.2,0.513,460.0,0.046,2026-05-31,"POLYGON ((73.860669 18.508981, 73.861616 18.508986, 73.86161 18.50989, 73.860663 18.509884, 73.860669 18.508981))"
PUNE_GRID_100M_2420,18.510339,73.861134,39.46,0.197,0.268,-0.4,Built-up,0.198,37.0,43.5,2.32,High,32,6020.0,0.602,146.6,0.458,1370.0,0.137,2026-05-31,"POLYGON ((73.860663 18.509884, 73.86161 18.50989, 73.861604 18.510794, 73.860657 18.510788, 73.860663 18.509884))"
PUNE_GRID_100M_2421,18.511243,73.861128,41.51,0.177,0.282,-0.4,Built-up,0.203,38.83,44.8,2.22,Extreme,30,7300.0,0.73,167.7,0.524,200.0,0.02,2026-05-31,"POLYGON ((73.860657 18.510788, 73.861604 18.510794, 73.861598 18.511697, 73.860651 18.511692, 73.860657 18.510788))"
PUNE_GRID_100M_2422,18.512146,73.861122,41.75,0.13,0.312,-0.4,Built-up,0.177,38.52,41.3,2.13,Extreme,29,7460.0,0.746,167.7,0.524,200.0,0.02,2026-05-31,"POLYGON ((73.860651 18.511692, 73.861598 18.511697, 73.861592 18.512601, 73.860645 18.512595, 73.860651 18.511692))"
PUNE_GRID_100M_2423,18.51305,73.861116,40.77,0.119,0.282,-0.4,Built-up,0.209,38.56,43.4,2.24,High,25,6860.0,0.686,159.0,0.497,320.0,0.032,2026-05-31,"POLYGON ((73.860645 18.512595, 73.861592 18.512601, 73.861586 18.513505, 73.860639 18.513499, 73.860645 18.512595))"
PUNE_GRID_100M_2424,18.513954,73.86111,41.06,0.234,0.344,-0.4,Built-up,0.192,38.22,42.2,1.98,Extreme,25,7040.0,0.704,171.8,0.537,590.0,0.059,2026-05-31,"POLYGON ((73.860639 18.513499, 73.861586 18.513505, 73.86158 18.514408, 73.860633 18.514403, 73.860639 18.513499))"
PUNE_GRID_100M_2425,18.514857,73.861104,40.0,0.213,0.23,-0.4,Built-up,0.206,37.04,40.9,2.09,High,21,6380.0,0.638,160.6,0.502,960.0,0.096,2026-05-31,"POLYGON ((73.860633 18.514403, 73.86158 18.514408, 73.861574 18.515312, 73.860627 18.515306, 73.860633 18.514403))"
PUNE_GRID_100M_2426,18.515761,73.861098,41.76,0.082,0.311,-0.4,Built-up,0.186,38.37,40.8,2.41,Extreme,35,7490.0,0.749,190.7,0.596,200.0,0.02,2026-05-31,"POLYGON ((73.860627 18.515306, 73.861574 18.515312, 73.861568 18.516216, 73.860621 18.51621, 73.860627 18.515306))"
PUNE_GRID_100M_2427,18.516665,73.861092,41.92,0.115,0.351,-0.4,Built-up,0.182,38.86,42.8,2.19,Extreme,38,7590.0,0.759,175.7,0.549,270.0,0.027,2026-05-31,"POLYGON ((73.860621 18.51621, 73.861568 18.516216, 73.861562 18.517119, 73.860615 18.517114, 73.860621 18.51621))"
PUNE_GRID_100M_2428,18.517568,73.861086,41.51,0.152,0.301,-0.4,Built-up,0.204,38.6,41.1,2.34,Extreme,24,7340.0,0.734,179.8,0.562,490.0,0.049,2026-05-31,"POLYGON ((73.860615 18.517114, 73.861562 18.517119, 73.861556 18.518023, 73.860609 18.518017, 73.860615 18.517114))"
PUNE_GRID_100M_2429,18.518472,73.86108,42.54,0.179,0.369,-0.4,Built-up,0.192,39.87,37.6,2.44,Extreme,39,7990.0,0.799,204.2,0.638,200.0,0.02,2026-05-31,"POLYGON ((73.860609 18.518017, 73.861556 18.518023, 73.86155 18.518926, 73.860603 18.518921, 73.860609 18.518017))"
PUNE_GRID_100M_2430,18.519375,73.861074,41.42,0.106,0.267,-0.4,Built-up,0.212,38.18,41.8,2.1,Extreme,23,7290.0,0.729,189.8,0.593,200.0,0.02,2026-05-31,"POLYGON ((73.860603 18.518921, 73.86155 18.518926, 73.861544 18.51983, 73.860597 18.519824, 73.860603 18.518921))"
PUNE_GRID_100M_2431,18.520279,73.861068,42.17,0.163,0.414,-0.4,Built-up,0.166,39.03,39.6,2.17,Extreme,26,7760.0,0.776,185.6,0.58,200.0,0.02,2026-05-31,"POLYGON ((73.860597 18.519824, 73.861544 18.51983, 73.861538 18.520734, 73.860591 18.520728, 73.860597 18.519824))"
PUNE_GRID_100M_2432,18.521183,73.861062,40.89,0.225,0.25,-0.387,Built-up,0.203,37.81,42.5,2.07,High,27,6960.0,0.696,164.2,0.513,780.0,0.078,2026-05-31,"POLYGON ((73.860591 18.520728, 73.861538 18.520734, 73.861532 18.521637, 73.860585 18.521632, 73.860591 18.520728))"
PUNE_GRID_100M_2433,18.522086,73.861056,41.64,0.117,0.314,-0.382,Built-up,0.204,38.5,44.0,1.98,Extreme,23,7430.0,0.743,180.8,0.565,200.0,0.02,2026-05-31,"POLYGON ((73.860585 18.521632, 73.861532 18.521637, 73.861526 18.522541, 73.860579 18.522535, 73.860585 18.521632))"
PUNE_GRID_100M_2434,18.52299,73.86105,41.45,0.138,0.314,-0.4,Built-up,0.174,39.02,43.0,1.96,Extreme,37,7310.0,0.731,160.6,0.502,200.0,0.02,2026-05-31,"POLYGON ((73.860579 18.522535, 73.861526 18.522541, 73.86152 18.523445, 73.860573 18.523439, 73.860579 18.522535))"
PUNE_GRID_100M_2435,18.523894,73.861044,41.68,0.1,0.383,-0.4,Built-up,0.166,38.34,44.0,2.34,Extreme,33,7440.0,0.744,176.0,0.55,200.0,0.02,2026-05-31,"POLYGON ((73.860573 18.523439, 73.86152 18.523445, 73.861514 18.524348, 73.860567 18.524343, 73.860573 18.523439))"
PUNE_GRID_100M_2436,18.524797,73.861038,41.09,0.154,0.259,-0.4,Built-up,0.194,38.44,41.3,2.23,Extreme,26,7070.0,0.707,179.2,0.56,200.0,0.02,2026-05-31,"POLYGON ((73.860567 18.524343, 73.861514 18.524348, 73.861508 18.525252, 73.860561 18.525246, 73.860567 18.524343))"
PUNE_GRID_100M_2437,18.525701,73.861032,41.16,0.158,0.362,-0.4,Built-up,0.188,38.43,41.9,2.57,Extreme,31,7110.0,0.711,178.9,0.559,340.0,0.034,2026-05-31,"POLYGON ((73.860561 18.525246, 73.861508 18.525252, 73.861503 18.526156, 73.860555 18.52615, 73.860561 18.525246))"
PUNE_GRID_100M_2438,18.526605,73.861026,41.8,0.163,0.354,-0.4,Built-up,0.19,38.75,40.0,2.42,Extreme,24,7510.0,0.751,176.6,0.552,200.0,0.02,2026-05-31,"POLYGON ((73.860555 18.52615, 73.861503 18.526156, 73.861497 18.527059, 73.860549 18.527053, 73.860555 18.52615))"
PUNE_GRID_100M_2439,18.527508,73.86102,40.65,0.221,0.292,-0.4,Built-up,0.184,38.11,41.5,2.1,High,35,6780.0,0.678,165.4,0.517,1070.0,0.107,2026-05-31,"POLYGON ((73.860549 18.527053, 73.861497 18.527059, 73.861491 18.527963, 73.860543 18.527957, 73.860549 18.527053))"
PUNE_GRID_100M_2440,18.528412,73.861014,39.58,0.185,0.202,-0.4,Built-up,0.181,36.86,41.9,2.44,High,23,6100.0,0.61,136.0,0.425,1410.0,0.141,2026-05-31,"POLYGON ((73.860543 18.527957, 73.861491 18.527963, 73.861485 18.528866, 73.860537 18.528861, 73.860543 18.527957))"
PUNE_GRID_100M_2441,18.529315,73.861008,42.12,0.047,0.363,-0.4,Built-up,0.178,39.48,39.3,2.24,Extreme,29,7690.0,0.769,193.6,0.605,200.0,0.02,2026-05-31,"POLYGON ((73.860537 18.528861, 73.861485 18.528866, 73.861479 18.52977, 73.860531 18.529764, 73.860537 18.528861))"
PUNE_GRID_100M_2442,18.530219,73.861002,41.68,0.14,0.304,-0.4,Built-up,0.172,39.25,43.7,2.56,Extreme,27,7400.0,0.74,176.6,0.552,200.0,0.02,2026-05-31,"POLYGON ((73.860531 18.529764, 73.861479 18.52977, 73.861473 18.530674, 73.860525 18.530668, 73.860531 18.529764))"
PUNE_GRID_100M_2443,18.531123,73.860996,39.39,0.233,0.261,-0.4,Built-up,0.171,37.09,40.4,2.25,High,27,5970.0,0.597,139.8,0.437,1710.0,0.171,2026-05-31,"POLYGON ((73.860525 18.530668, 73.861473 18.530674, 73.861467 18.531577, 73.860519 18.531572, 73.860525 18.530668))"
PUNE_GRID_100M_2444,18.532026,73.86099,40.82,0.181,0.258,-0.377,Built-up,0.175,38.8,44.4,2.16,High,29,6860.0,0.686,160.0,0.5,510.0,0.051,2026-05-31,"POLYGON ((73.860519 18.531572, 73.861467 18.531577, 73.861461 18.532481, 73.860513 18.532475, 73.860519 18.531572))"
PUNE_GRID_100M_2445,18.53293,73.860984,39.71,0.197,0.234,-0.4,Built-up,0.203,37.18,45.1,2.24,High,20,6160.0,0.616,146.9,0.459,1440.0,0.144,2026-05-31,"POLYGON ((73.860513 18.532475, 73.861461 18.532481, 73.861455 18.533385, 73.860507 18.533379, 73.860513 18.532475))"
PUNE_GRID_100M_2446,18.533834,73.860978,40.17,0.199,0.241,-0.4,Built-up,0.217,37.74,43.6,2.27,High,31,6440.0,0.644,148.8,0.465,1750.0,0.175,2026-05-31,"POLYGON ((73.860507 18.533379, 73.861455 18.533385, 73.861449 18.534288, 73.860501 18.534283, 73.860507 18.533379))"
PUNE_GRID_100M_2447,18.534737,73.860972,40.04,0.259,0.222,-0.397,Built-up,0.201,37.96,41.3,2.28,High,21,6350.0,0.635,161.0,0.503,1210.0,0.121,2026-05-31,"POLYGON ((73.860501 18.534283, 73.861449 18.534288, 73.861443 18.535192, 73.860495 18.535186, 73.860501 18.534283))"
PUNE_GRID_100M_2448,18.535641,73.860966,39.46,0.234,0.248,-0.4,Built-up,0.199,36.98,41.1,2.36,High,23,5980.0,0.598,138.6,0.433,1400.0,0.14,2026-05-31,"POLYGON ((73.860495 18.535186, 73.861443 18.535192, 73.861437 18.536096, 73.860489 18.53609, 73.860495 18.535186))"
PUNE_GRID_100M_2449,18.536545,73.86096,38.87,0.225,0.215,-0.37,Built-up,0.219,36.29,43.1,2.67,High,19,5600.0,0.56,154.9,0.484,1660.0,0.166,2026-05-31,"POLYGON ((73.860489 18.53609, 73.861437 18.536096, 73.861431 18.536999, 73.860483 18.536993, 73.860489 18.53609))"
PUNE_GRID_100M_2450,18.537448,73.860954,38.78,0.223,0.231,-0.4,Built-up,0.175,36.16,44.9,2.89,High,19,5550.0,0.555,152.0,0.475,2260.0,0.226,2026-05-31,"POLYGON ((73.860483 18.536993, 73.861431 18.536999, 73.861425 18.537903, 73.860477 18.537897, 73.860483 18.536993))"
PUNE_GRID_100M_2451,18.538352,73.860948,38.45,0.247,0.127,-0.4,Built-up,0.225,37.03,44.2,2.29,High,25,5330.0,0.533,116.5,0.364,3100.0,0.31,2026-05-31,"POLYGON ((73.860477 18.537897, 73.861425 18.537903, 73.861419 18.538806, 73.860471 18.538801, 73.860477 18.537897))"
PUNE_GRID_100M_2452,18.539255,73.860942,38.36,0.323,0.208,-0.4,Built-up,0.202,36.19,42.7,2.83,High,20,5260.0,0.526,127.0,0.397,2660.0,0.266,2026-05-31,"POLYGON ((73.860471 18.538801, 73.861419 18.538806, 73.861413 18.53971, 73.860465 18.539704, 73.860471 18.538801))"
PUNE_GRID_100M_2453,18.540159,73.860936,38.81,0.234,0.272,-0.4,Built-up,0.2,36.61,45.7,2.51,High,18,5540.0,0.554,124.5,0.389,2570.0,0.257,2026-05-31,"POLYGON ((73.860465 18.539704, 73.861413 18.53971, 73.861407 18.540614, 73.860459 18.540608, 73.860465 18.539704))"
PUNE_GRID_100M_2454,18.541063,73.86093,38.13,0.265,0.152,-0.394,Built-up,0.205,35.86,47.0,2.7,High,21,5110.0,0.511,118.4,0.37,3020.0,0.302,2026-05-31,"POLYGON ((73.860459 18.540608, 73.861407 18.540614, 73.861401 18.541517, 73.860453 18.541512, 73.860459 18.540608))"
PUNE_GRID_100M_2455,18.541966,73.860924,39.09,0.213,0.266,-0.4,Built-up,0.18,37.15,43.4,2.33,High,18,5700.0,0.57,162.6,0.508,2340.0,0.234,2026-05-31,"POLYGON ((73.860453 18.541512, 73.861401 18.541517, 73.861395 18.542421, 73.860447 18.542415, 73.860453 18.541512))"
PUNE_GRID_100M_2456,18.54287,73.860918,39.57,0.259,0.223,-0.4,Built-up,0.202,36.96,43.5,2.79,High,24,6000.0,0.6,140.2,0.438,910.0,0.091,2026-05-31,"POLYGON ((73.860447 18.542415, 73.861395 18.542421, 73.861389 18.543325, 73.860441 18.543319, 73.860447 18.542415))"
PUNE_GRID_100M_2457,18.543774,73.860912,37.76,0.357,0.108,-0.363,Built-up,0.245,35.78,42.5,2.31,High,24,4860.0,0.486,121.3,0.379,3270.0,0.327,2026-05-31,"POLYGON ((73.860441 18.543319, 73.861389 18.543325, 73.861383 18.544228, 73.860435 18.544223, 73.860441 18.543319))"
PUNE_GRID_100M_2458,18.544677,73.860906,38.26,0.279,0.163,-0.4,Built-up,0.224,36.37,43.8,2.8,High,22,5160.0,0.516,130.9,0.409,3010.0,0.301,2026-05-31,"POLYGON ((73.860435 18.544223, 73.861383 18.544228, 73.861377 18.545132, 73.860429 18.545126, 73.860435 18.544223))"
PUNE_GRID_100M_2459,18.545581,73.8609,38.3,0.263,0.205,-0.4,Built-up,0.195,35.99,45.1,2.82,High,16,5190.0,0.519,111.7,0.349,2230.0,0.223,2026-05-31,"POLYGON ((73.860429 18.545126, 73.861377 18.545132, 73.861371 18.546036, 73.860423 18.54603, 73.860429 18.545126))"
PUNE_GRID_100M_2460,18.546484,73.860894,38.12,0.267,0.14,-0.386,Built-up,0.195,36.13,45.0,2.83,High,22,5070.0,0.507,110.7,0.346,2540.0,0.254,2026-05-31,"POLYGON ((73.860423 18.54603, 73.861371 18.546036, 73.861365 18.546939, 73.860417 18.546933, 73.860423 18.54603))"
PUNE_GRID_100M_2461,18.547388,73.860888,37.64,0.187,0.126,-0.4,Built-up,0.192,36.27,44.1,2.67,High,15,4760.0,0.476,98.9,0.309,2970.0,0.297,2026-05-31,"POLYGON ((73.860417 18.546933, 73.861365 18.546939, 73.861359 18.547843, 73.860411 18.547837, 73.860417 18.546933))"
PUNE_GRID_100M_2462,18.548292,73.860882,38.02,0.299,0.179,-0.4,Built-up,0.228,36.24,44.2,2.96,High,16,4990.0,0.499,108.5,0.339,2700.0,0.27,2026-05-31,"POLYGON ((73.860411 18.547837, 73.861359 18.547843, 73.861353 18.548746, 73.860405 18.548741, 73.860411 18.547837))"
PUNE_GRID_100M_2463,18.549195,73.860876,37.65,0.288,0.144,-0.359,Built-up,0.2,35.89,44.2,2.95,High,20,4750.0,0.475,77.4,0.242,3330.0,0.333,2026-05-31,"POLYGON ((73.860405 18.548741, 73.861353 18.548746, 73.861347 18.54965, 73.860399 18.549644, 73.860405 18.548741))"
PUNE_GRID_100M_2464,18.550099,73.86087,36.11,0.353,0.092,-0.317,Built-up,0.219,34.84,45.7,2.86,Medium,19,3780.0,0.378,97.6,0.305,4400.0,0.44,2026-05-31,"POLYGON ((73.860399 18.549644, 73.861347 18.54965, 73.861341 18.550554, 73.860393 18.550548, 73.860399 18.549644))"
PUNE_GRID_100M_2465,18.500405,73.862146,39.47,0.19,0.233,-0.365,Built-up,0.218,37.01,44.1,2.76,High,21,5950.0,0.595,169.0,0.528,1810.0,0.181,2026-05-31,"POLYGON ((73.861676 18.49995, 73.862623 18.499956, 73.862617 18.500859, 73.86167 18.500854, 73.861676 18.49995))"
PUNE_GRID_100M_2466,18.501308,73.86214,39.64,0.197,0.248,-0.4,Built-up,0.171,37.85,40.3,2.58,High,27,6060.0,0.606,147.2,0.46,1990.0,0.199,2026-05-31,"POLYGON ((73.86167 18.500854, 73.862617 18.500859, 73.862611 18.501763, 73.861664 18.501757, 73.86167 18.500854))"
PUNE_GRID_100M_2467,18.502212,73.862134,38.47,0.237,0.168,-0.386,Built-up,0.232,36.19,44.1,2.68,High,18,5340.0,0.534,110.1,0.344,2290.0,0.229,2026-05-31,"POLYGON ((73.861664 18.501757, 73.862611 18.501763, 73.862605 18.502667, 73.861658 18.502661, 73.861664 18.501757))"
PUNE_GRID_100M_2468,18.503116,73.862128,39.27,0.266,0.224,-0.371,Built-up,0.196,37.05,44.1,2.52,High,24,5850.0,0.585,132.2,0.413,1570.0,0.157,2026-05-31,"POLYGON ((73.861658 18.502661, 73.862605 18.502667, 73.862599 18.50357, 73.861652 18.503565, 73.861658 18.502661))"
PUNE_GRID_100M_2469,18.504019,73.862123,39.94,0.187,0.219,-0.4,Built-up,0.183,37.49,42.2,2.56,High,25,6270.0,0.627,144.6,0.452,1900.0,0.19,2026-05-31,"POLYGON ((73.861652 18.503565, 73.862599 18.50357, 73.862593 18.504474, 73.861646 18.504468, 73.861652 18.503565))"
PUNE_GRID_100M_2470,18.504923,73.862117,39.38,0.305,0.261,-0.399,Built-up,0.189,37.37,42.8,2.61,High,20,5930.0,0.593,129.3,0.404,2120.0,0.212,2026-05-31,"POLYGON ((73.861646 18.504468, 73.862593 18.504474, 73.862587 18.505378, 73.86164 18.505372, 73.861646 18.504468))"
PUNE_GRID_100M_2471,18.505827,73.862111,40.56,0.198,0.256,-0.4,Built-up,0.183,38.22,41.9,2.39,High,28,6670.0,0.667,171.2,0.535,760.0,0.076,2026-05-31,"POLYGON ((73.86164 18.505372, 73.862587 18.505378, 73.862581 18.506281, 73.861634 18.506276, 73.86164 18.505372))"
PUNE_GRID_100M_2472,18.50673,73.862105,41.75,0.088,0.363,-0.4,Built-up,0.181,38.72,40.9,2.19,Extreme,30,7420.0,0.742,188.5,0.589,200.0,0.02,2026-05-31,"POLYGON ((73.861634 18.506276, 73.862581 18.506281, 73.862575 18.507185, 73.861628 18.507179, 73.861634 18.506276))"
PUNE_GRID_100M_2473,18.507634,73.862099,39.38,0.217,0.215,-0.4,Built-up,0.192,37.15,43.5,2.47,High,25,5940.0,0.594,127.7,0.399,1850.0,0.185,2026-05-31,"POLYGON ((73.861628 18.507179, 73.862575 18.507185, 73.862569 18.508089, 73.861622 18.508083, 73.861628 18.507179))"
PUNE_GRID_100M_2474,18.508538,73.862093,39.05,0.207,0.213,-0.37,Built-up,0.173,36.93,44.0,2.63,High,24,5750.0,0.575,147.2,0.46,2080.0,0.208,2026-05-31,"POLYGON ((73.861622 18.508083, 73.862569 18.508089, 73.862563 18.508992, 73.861616 18.508986, 73.861622 18.508083))"
PUNE_GRID_100M_2475,18.509441,73.862087,40.54,0.093,0.259,-0.4,Built-up,0.19,37.2,39.4,2.43,High,26,6690.0,0.669,180.2,0.563,490.0,0.049,2026-05-31,"POLYGON ((73.861616 18.508986, 73.862563 18.508992, 73.862557 18.509896, 73.86161 18.50989, 73.861616 18.508986))"
PUNE_GRID_100M_2476,18.510345,73.862081,41.02,0.228,0.265,-0.4,Built-up,0.172,37.74,43.2,2.41,Extreme,23,6990.0,0.699,192.0,0.6,320.0,0.032,2026-05-31,"POLYGON ((73.86161 18.50989, 73.862557 18.509896, 73.862551 18.510799, 73.861604 18.510794, 73.86161 18.50989))"
PUNE_GRID_100M_2477,18.511248,73.862075,40.4,0.214,0.216,-0.364,Built-up,0.204,37.6,42.2,2.31,High,28,6610.0,0.661,195.2,0.61,200.0,0.02,2026-05-31,"POLYGON ((73.861604 18.510794, 73.862551 18.510799, 73.862545 18.511703, 73.861598 18.511697, 73.861604 18.510794))"
PUNE_GRID_100M_2478,18.512152,73.862069,41.89,0.155,0.303,-0.4,Built-up,0.168,38.65,44.4,2.44,Extreme,29,7550.0,0.755,169.6,0.53,200.0,0.02,2026-05-31,"POLYGON ((73.861598 18.511697, 73.862545 18.511703, 73.862539 18.512607, 73.861592 18.512601, 73.861598 18.511697))"
PUNE_GRID_100M_2479,18.513056,73.862063,39.79,0.214,0.231,-0.38,Built-up,0.191,36.99,41.4,2.24,High,22,6240.0,0.624,185.9,0.581,750.0,0.075,2026-05-31,"POLYGON ((73.861592 18.512601, 73.862539 18.512607, 73.862533 18.51351, 73.861586 18.513505, 73.861592 18.512601))"
PUNE_GRID_100M_2480,18.513959,73.862057,41.55,0.09,0.326,-0.4,Built-up,0.184,38.81,40.5,2.16,Extreme,33,7340.0,0.734,171.5,0.536,200.0,0.02,2026-05-31,"POLYGON ((73.861586 18.513505, 73.862533 18.51351, 73.862527 18.514414, 73.86158 18.514408, 73.861586 18.513505))"
PUNE_GRID_100M_2481,18.514863,73.862051,40.63,0.159,0.309,-0.4,Built-up,0.181,37.94,42.2,2.45,High,30,6770.0,0.677,154.9,0.484,410.0,0.041,2026-05-31,"POLYGON ((73.86158 18.514408, 73.862527 18.514414, 73.862521 18.515318, 73.861574 18.515312, 73.86158 18.514408))"
PUNE_GRID_100M_2482,18.515767,73.862045,42.6,0.143,0.354,-0.4,Built-up,0.18,39.26,41.5,2.11,Extreme,25,8010.0,0.801,196.5,0.614,200.0,0.02,2026-05-31,"POLYGON ((73.861574 18.515312, 73.862521 18.515318, 73.862516 18.516221, 73.861568 18.516216, 73.861574 18.515312))"
PUNE_GRID_100M_2483,18.51667,73.862039,42.92,0.056,0.355,-0.4,Built-up,0.186,39.17,37.7,2.37,Extreme,29,8210.0,0.821,189.4,0.592,200.0,0.02,2026-05-31,"POLYGON ((73.861568 18.516216, 73.862516 18.516221, 73.86251 18.517125, 73.861562 18.517119, 73.861568 18.516216))"
PUNE_GRID_100M_2484,18.517574,73.862033,40.8,0.071,0.243,-0.4,Built-up,0.179,38.05,41.1,2.4,High,26,6890.0,0.689,170.6,0.533,730.0,0.073,2026-05-31,"POLYGON ((73.861562 18.517119, 73.86251 18.517125, 73.862504 18.518029, 73.861556 18.518023, 73.861562 18.517119))"
PUNE_GRID_100M_2485,18.518478,73.862027,41.04,0.155,0.311,-0.4,Built-up,0.183,37.44,43.1,2.28,Extreme,26,7050.0,0.705,152.3,0.476,490.0,0.049,2026-05-31,"POLYGON ((73.861556 18.518023, 73.862504 18.518029, 73.862498 18.518932, 73.86155 18.518926, 73.861556 18.518023))"
PUNE_GRID_100M_2486,18.519381,73.862021,42.21,0.117,0.391,-0.4,Built-up,0.12,39.0,39.8,1.91,Extreme,42,7780.0,0.778,183.7,0.574,200.0,0.02,2026-05-31,"POLYGON ((73.86155 18.518926, 73.862498 18.518932, 73.862492 18.519836, 73.861544 18.51983, 73.86155 18.518926))"
PUNE_GRID_100M_2487,18.520285,73.862015,41.23,0.162,0.343,-0.4,Built-up,0.182,38.38,44.1,2.16,Extreme,26,7170.0,0.717,188.5,0.589,200.0,0.02,2026-05-31,"POLYGON ((73.861544 18.51983, 73.862492 18.519836, 73.862486 18.520739, 73.861538 18.520734, 73.861544 18.51983))"
PUNE_GRID_100M_2488,18.521188,73.862009,41.5,0.177,0.339,-0.4,Built-up,0.174,38.62,41.1,2.12,Extreme,29,7330.0,0.733,175.0,0.547,200.0,0.02,2026-05-31,"POLYGON ((73.861538 18.520734, 73.862486 18.520739, 73.86248 18.521643, 73.861532 18.521637, 73.861538 18.520734))"
PUNE_GRID_100M_2489,18.522092,73.862003,41.52,0.172,0.338,-0.4,Built-up,0.164,38.09,40.4,2.07,Extreme,28,7340.0,0.734,177.9,0.556,200.0,0.02,2026-05-31,"POLYGON ((73.861532 18.521637, 73.86248 18.521643, 73.862474 18.522547, 73.861526 18.522541, 73.861532 18.521637))"
PUNE_GRID_100M_2490,18.522996,73.861997,39.9,0.214,0.296,-0.4,Built-up,0.191,37.5,44.0,2.21,High,27,6330.0,0.633,158.1,0.494,910.0,0.091,2026-05-31,"POLYGON ((73.861526 18.522541, 73.862474 18.522547, 73.862468 18.52345, 73.86152 18.523445, 73.861526 18.522541))"
PUNE_GRID_100M_2491,18.523899,73.861991,41.35,0.201,0.321,-0.4,Built-up,0.2,38.13,44.3,2.34,Extreme,37,7230.0,0.723,188.5,0.589,200.0,0.02,2026-05-31,"POLYGON ((73.86152 18.523445, 73.862468 18.52345, 73.862462 18.524354, 73.861514 18.524348, 73.86152 18.523445))"
PUNE_GRID_100M_2492,18.524803,73.861985,40.71,0.114,0.301,-0.39,Built-up,0.179,37.75,43.1,2.11,High,32,6830.0,0.683,142.7,0.446,970.0,0.097,2026-05-31,"POLYGON ((73.861514 18.524348, 73.862462 18.524354, 73.862456 18.525258, 73.861508 18.525252, 73.861514 18.524348))"
PUNE_GRID_100M_2493,18.525707,73.861979,40.76,0.194,0.275,-0.4,Built-up,0.176,38.25,44.3,2.19,High,21,6860.0,0.686,172.2,0.538,200.0,0.02,2026-05-31,"POLYGON ((73.861508 18.525252, 73.862456 18.525258, 73.86245 18.526161, 73.861503 18.526156, 73.861508 18.525252))"
PUNE_GRID_100M_2494,18.52661,73.861973,42.19,0.148,0.308,-0.4,Built-up,0.187,39.64,43.8,2.2,Extreme,32,7740.0,0.774,182.4,0.57,200.0,0.02,2026-05-31,"POLYGON ((73.861503 18.526156, 73.86245 18.526161, 73.862444 18.527065, 73.861497 18.527059, 73.861503 18.526156))"
PUNE_GRID_100M_2495,18.527514,73.861967,39.9,0.154,0.225,-0.4,Built-up,0.179,37.45,41.7,2.5,High,25,6310.0,0.631,153.6,0.48,930.0,0.093,2026-05-31,"POLYGON ((73.861497 18.527059, 73.862444 18.527065, 73.862438 18.527969, 73.861491 18.527963, 73.861497 18.527059))"
PUNE_GRID_100M_2496,18.528418,73.861961,41.42,0.09,0.314,-0.4,Built-up,0.174,38.25,43.3,2.24,Extreme,38,7260.0,0.726,187.8,0.587,200.0,0.02,2026-05-31,"POLYGON ((73.861491 18.527963, 73.862438 18.527969, 73.862432 18.528872, 73.861485 18.528866, 73.861491 18.527963))"
PUNE_GRID_100M_2497,18.529321,73.861955,40.41,0.156,0.27,-0.4,Built-up,0.21,37.84,40.4,2.06,High,35,6620.0,0.662,143.7,0.449,1020.0,0.102,2026-05-31,"POLYGON ((73.861485 18.528866, 73.862432 18.528872, 73.862426 18.529776, 73.861479 18.52977, 73.861485 18.528866))"
PUNE_GRID_100M_2498,18.530225,73.861949,40.27,0.164,0.32,-0.4,Built-up,0.183,37.97,43.4,2.02,High,23,6520.0,0.652,143.4,0.448,930.0,0.093,2026-05-31,"POLYGON ((73.861479 18.52977, 73.862426 18.529776, 73.86242 18.530679, 73.861473 18.530674, 73.861479 18.52977))"
PUNE_GRID_100M_2499,18.531128,73.861943,40.98,0.196,0.297,-0.4,Built-up,0.158,38.37,42.1,2.43,High,27,6960.0,0.696,142.4,0.445,300.0,0.03,2026-05-31,"POLYGON ((73.861473 18.530674, 73.86242 18.530679, 73.862414 18.531583, 73.861467 18.531577, 73.861473 18.530674))"
PUNE_GRID_100M_2500,18.532032,73.861937,40.48,0.159,0.307,-0.4,Built-up,0.158,38.66,44.5,2.23,High,26,6640.0,0.664,152.3,0.476,820.0,0.082,2026-05-31,"POLYGON ((73.861467 18.531577, 73.862414 18.531583, 73.862408 18.532487, 73.861461 18.532481, 73.861467 18.531577))"
PUNE_GRID_100M_2501,18.532936,73.861931,40.51,0.148,0.26,-0.4,Built-up,0.196,37.64,44.4,2.54,High,31,6660.0,0.666,177.0,0.553,1330.0,0.133,2026-05-31,"POLYGON ((73.861461 18.532481, 73.862408 18.532487, 73.862402 18.53339, 73.861455 18.533385, 73.861461 18.532481))"
PUNE_GRID_100M_2502,18.533839,73.861925,40.68,0.152,0.271,-0.4,Built-up,0.204,38.05,43.3,2.17,High,23,6750.0,0.675,160.3,0.501,200.0,0.02,2026-05-31,"POLYGON ((73.861455 18.533385, 73.862402 18.53339, 73.862396 18.534294, 73.861449 18.534288, 73.861455 18.533385))"
PUNE_GRID_100M_2503,18.534743,73.861919,39.49,0.263,0.187,-0.4,Built-up,0.182,37.61,43.9,2.35,High,29,6000.0,0.6,126.7,0.396,2490.0,0.249,2026-05-31,"POLYGON ((73.861449 18.534288, 73.862396 18.534294, 73.86239 18.535198, 73.861443 18.535192, 73.861449 18.534288))"
PUNE_GRID_100M_2504,18.535647,73.861913,39.11,0.232,0.188,-0.4,Built-up,0.213,37.32,44.5,2.22,High,27,5760.0,0.576,132.2,0.413,1900.0,0.19,2026-05-31,"POLYGON ((73.861443 18.535192, 73.86239 18.535198, 73.862384 18.536101, 73.861437 18.536096, 73.861443 18.535192))"
PUNE_GRID_100M_2505,18.53655,73.861907,38.58,0.243,0.202,-0.4,Built-up,0.224,35.92,44.2,2.6,High,22,5420.0,0.542,111.0,0.347,2550.0,0.255,2026-05-31,"POLYGON ((73.861437 18.536096, 73.862384 18.536101, 73.862378 18.537005, 73.861431 18.536999, 73.861437 18.536096))"
PUNE_GRID_100M_2506,18.537454,73.861901,38.63,0.244,0.189,-0.4,Built-up,0.234,36.54,44.0,2.66,High,24,5450.0,0.545,116.5,0.364,2020.0,0.202,2026-05-31,"POLYGON ((73.861431 18.536999, 73.862378 18.537005, 73.862372 18.537909, 73.861425 18.537903, 73.861431 18.536999))"
PUNE_GRID_100M_2507,18.538357,73.861895,41.49,0.2,0.345,-0.4,Built-up,0.183,38.99,44.0,2.63,Extreme,33,7230.0,0.723,178.6,0.558,200.0,0.02,2026-05-31,"POLYGON ((73.861425 18.537903, 73.862372 18.537909, 73.862366 18.538812, 73.861419 18.538806, 73.861425 18.537903))"
PUNE_GRID_100M_2508,18.539261,73.861889,39.97,0.171,0.254,-0.4,Built-up,0.202,38.35,45.4,2.37,High,23,6270.0,0.627,135.4,0.423,1260.0,0.126,2026-05-31,"POLYGON ((73.861419 18.538806, 73.862366 18.538812, 73.86236 18.539716, 73.861413 18.53971, 73.861419 18.538806))"
PUNE_GRID_100M_2509,18.540165,73.861883,37.74,0.332,0.138,-0.4,Built-up,0.183,36.13,44.6,2.46,High,17,4870.0,0.487,131.2,0.41,2480.0,0.248,2026-05-31,"POLYGON ((73.861413 18.53971, 73.86236 18.539716, 73.862354 18.540619, 73.861407 18.540614, 73.861413 18.53971))"
PUNE_GRID_100M_2510,18.541068,73.861877,37.61,0.292,0.207,-0.4,Built-up,0.234,35.72,45.3,2.69,High,16,4780.0,0.478,113.9,0.356,3070.0,0.307,2026-05-31,"POLYGON ((73.861407 18.540614, 73.862354 18.540619, 73.862348 18.541523, 73.861401 18.541517, 73.861407 18.540614))"
PUNE_GRID_100M_2511,18.541972,73.861871,38.89,0.232,0.197,-0.4,Built-up,0.196,36.42,44.0,2.33,High,23,5580.0,0.558,135.0,0.422,1990.0,0.199,2026-05-31,"POLYGON ((73.861401 18.541517, 73.862348 18.541523, 73.862342 18.542427, 73.861395 18.542421, 73.861401 18.541517))"
PUNE_GRID_100M_2512,18.542876,73.861865,38.79,0.342,0.23,-0.4,Built-up,0.185,37.32,41.6,2.64,High,28,5510.0,0.551,128.6,0.402,3020.0,0.302,2026-05-31,"POLYGON ((73.861395 18.542421, 73.862342 18.542427, 73.862336 18.54333, 73.861389 18.543325, 73.861395 18.542421))"
PUNE_GRID_100M_2513,18.543779,73.861859,38.63,0.206,0.176,-0.393,Built-up,0.204,36.76,43.6,3.02,High,24,5400.0,0.54,139.5,0.436,1830.0,0.183,2026-05-31,"POLYGON ((73.861389 18.543325, 73.862336 18.54333, 73.86233 18.544234, 73.861383 18.544228, 73.861389 18.543325))"
PUNE_GRID_100M_2514,18.544683,73.861853,37.83,0.262,0.174,-0.365,Built-up,0.231,35.73,47.1,2.71,High,15,4890.0,0.489,127.4,0.398,2960.0,0.296,2026-05-31,"POLYGON ((73.861383 18.544228, 73.86233 18.544234, 73.862324 18.545138, 73.861377 18.545132, 73.861383 18.544228))"
PUNE_GRID_100M_2515,18.545587,73.861848,37.77,0.229,0.177,-0.4,Built-up,0.241,35.88,43.7,2.47,High,18,4850.0,0.485,120.6,0.377,3120.0,0.312,2026-05-31,"POLYGON ((73.861377 18.545132, 73.862324 18.545138, 73.862318 18.546041, 73.861371 18.546036, 73.861377 18.545132))"
PUNE_GRID_100M_2516,18.54649,73.861842,37.98,0.309,0.165,-0.4,Built-up,0.212,36.18,47.8,2.68,High,17,4970.0,0.497,126.4,0.395,2420.0,0.242,2026-05-31,"POLYGON ((73.861371 18.546036, 73.862318 18.546041, 73.862312 18.546945, 73.861365 18.546939, 73.861371 18.546036))"
PUNE_GRID_100M_2517,18.547394,73.861836,37.62,0.351,0.072,-0.394,Built-up,0.242,36.0,46.7,2.7,High,26,4750.0,0.475,111.4,0.348,3480.0,0.348,2026-05-31,"POLYGON ((73.861365 18.546939, 73.862312 18.546945, 73.862306 18.547848, 73.861359 18.547843, 73.861365 18.546939))"
PUNE_GRID_100M_2518,18.548297,73.86183,35.62,0.42,0.053,-0.4,Vegetation,0.231,34.16,47.1,3.28,Medium,13,3490.0,0.349,90.6,0.283,4500.0,0.45,2026-05-31,"POLYGON ((73.861359 18.547843, 73.862306 18.547848, 73.8623 18.548752, 73.861353 18.548746, 73.861359 18.547843))"
PUNE_GRID_100M_2519,18.549201,73.861824,37.05,0.352,0.154,-0.383,Built-up,0.197,35.25,46.2,3.21,Medium,23,4370.0,0.437,100.5,0.314,2690.0,0.269,2026-05-31,"POLYGON ((73.861353 18.548746, 73.8623 18.548752, 73.862294 18.549656, 73.861347 18.54965, 73.861353 18.548746))"
PUNE_GRID_100M_2520,18.550105,73.861818,36.39,0.318,0.103,-0.4,Built-up,0.244,34.48,44.5,3.05,Medium,15,3960.0,0.396,95.0,0.297,4410.0,0.441,2026-05-31,"POLYGON ((73.861347 18.54965, 73.862294 18.549656, 73.862288 18.550559, 73.861341 18.550554, 73.861347 18.54965))"
PUNE_GRID_100M_2521,18.50041,73.863094,38.86,0.225,0.212,-0.318,Built-up,0.193,37.01,43.5,2.56,High,18,5570.0,0.557,130.2,0.407,1760.0,0.176,2026-05-31,"POLYGON ((73.862623 18.499956, 73.86357 18.499961, 73.863564 18.500865, 73.862617 18.500859, 73.862623 18.499956))"
PUNE_GRID_100M_2522,18.501314,73.863088,41.27,0.089,0.255,-0.387,Built-up,0.217,38.29,44.1,2.84,Extreme,22,7080.0,0.708,164.2,0.513,200.0,0.02,2026-05-31,"POLYGON ((73.862617 18.500859, 73.863564 18.500865, 73.863558 18.501769, 73.862611 18.501763, 73.862617 18.500859))"
PUNE_GRID_100M_2523,18.502218,73.863082,39.33,0.305,0.198,-0.4,Built-up,0.224,37.17,42.6,2.35,High,22,5870.0,0.587,132.2,0.413,2170.0,0.217,2026-05-31,"POLYGON ((73.862611 18.501763, 73.863558 18.501769, 73.863552 18.502672, 73.862605 18.502667, 73.862611 18.501763))"
PUNE_GRID_100M_2524,18.503121,73.863076,38.93,0.256,0.214,-0.392,Built-up,0.211,37.18,45.4,2.77,High,23,5630.0,0.563,141.1,0.441,1910.0,0.191,2026-05-31,"POLYGON ((73.862605 18.502667, 73.863552 18.502672, 73.863546 18.503576, 73.862599 18.50357, 73.862605 18.502667))"
PUNE_GRID_100M_2525,18.504025,73.86307,40.07,0.178,0.265,-0.4,Built-up,0.22,37.61,40.9,2.71,High,20,6350.0,0.635,169.3,0.529,1430.0,0.143,2026-05-31,"POLYGON ((73.862599 18.50357, 73.863546 18.503576, 73.86354 18.50448, 73.862593 18.504474, 73.862599 18.50357))"
PUNE_GRID_100M_2526,18.504929,73.863064,39.87,0.258,0.281,-0.336,Built-up,0.223,37.38,41.3,2.47,High,22,6230.0,0.623,164.5,0.514,1710.0,0.171,2026-05-31,"POLYGON ((73.862593 18.504474, 73.86354 18.50448, 73.863534 18.505383, 73.862587 18.505378, 73.862593 18.504474))"
PUNE_GRID_100M_2527,18.505832,73.863058,39.97,0.162,0.244,-0.4,Built-up,0.193,37.54,45.9,2.7,High,33,6300.0,0.63,135.0,0.422,1180.0,0.118,2026-05-31,"POLYGON ((73.862587 18.505378, 73.863534 18.505383, 73.863528 18.506287, 73.862581 18.506281, 73.862587 18.505378))"
PUNE_GRID_100M_2528,18.506736,73.863052,40.27,0.207,0.274,-0.4,Built-up,0.179,37.71,42.8,2.36,High,26,6500.0,0.65,172.5,0.539,1200.0,0.12,2026-05-31,"POLYGON ((73.862581 18.506281, 73.863528 18.506287, 73.863522 18.507191, 73.862575 18.507185, 73.862581 18.506281))"
PUNE_GRID_100M_2529,18.50764,73.863046,41.58,0.138,0.322,-0.4,Built-up,0.154,38.98,40.9,2.17,Extreme,34,7320.0,0.732,171.5,0.536,200.0,0.02,2026-05-31,"POLYGON ((73.862575 18.507185, 73.863522 18.507191, 73.863516 18.508094, 73.862569 18.508089, 73.862575 18.507185))"
PUNE_GRID_100M_2530,18.508543,73.86304,39.18,0.254,0.183,-0.399,Built-up,0.241,37.02,45.7,2.6,High,23,5820.0,0.582,147.5,0.461,2690.0,0.269,2026-05-31,"POLYGON ((73.862569 18.508089, 73.863516 18.508094, 73.86351 18.508998, 73.862563 18.508992, 73.862569 18.508089))"
PUNE_GRID_100M_2531,18.509447,73.863034,40.6,0.176,0.209,-0.4,Built-up,0.196,37.76,44.4,2.36,High,27,6720.0,0.672,149.8,0.468,600.0,0.06,2026-05-31,"POLYGON ((73.862563 18.508992, 73.86351 18.508998, 73.863505 18.509902, 73.862557 18.509896, 73.862563 18.508992))"
PUNE_GRID_100M_2532,18.51035,73.863028,39.62,0.155,0.246,-0.4,Built-up,0.213,37.55,44.7,2.48,High,23,6110.0,0.611,148.5,0.464,1910.0,0.191,2026-05-31,"POLYGON ((73.862557 18.509896, 73.863505 18.509902, 73.863499 18.510805, 73.862551 18.510799, 73.862557 18.509896))"
PUNE_GRID_100M_2533,18.511254,73.863022,40.94,0.17,0.298,-0.4,Built-up,0.175,38.53,41.4,2.7,High,30,6940.0,0.694,170.6,0.533,800.0,0.08,2026-05-31,"POLYGON ((73.862551 18.510799, 73.863499 18.510805, 73.863493 18.511709, 73.862545 18.511703, 73.862551 18.510799))"
PUNE_GRID_100M_2534,18.512158,73.863016,39.9,0.245,0.227,-0.4,Built-up,0.222,37.03,42.6,2.17,High,30,6290.0,0.629,131.8,0.412,1600.0,0.16,2026-05-31,"POLYGON ((73.862545 18.511703, 73.863493 18.511709, 73.863487 18.512612, 73.862539 18.512607, 73.862545 18.511703))"
PUNE_GRID_100M_2535,18.513061,73.86301,40.42,0.184,0.22,-0.4,Built-up,0.19,38.25,43.1,2.26,High,26,6630.0,0.663,167.0,0.522,540.0,0.054,2026-05-31,"POLYGON ((73.862539 18.512607, 73.863487 18.512612, 73.863481 18.513516, 73.862533 18.51351, 73.862539 18.512607))"
PUNE_GRID_100M_2536,18.513965,73.863004,40.64,0.209,0.298,-0.4,Built-up,0.168,38.06,43.5,2.58,High,22,6770.0,0.677,179.8,0.562,480.0,0.048,2026-05-31,"POLYGON ((73.862533 18.51351, 73.863481 18.513516, 73.863475 18.51442, 73.862527 18.514414, 73.862533 18.51351))"
PUNE_GRID_100M_2537,18.514869,73.862998,41.77,0.096,0.322,-0.4,Built-up,0.179,38.82,40.8,2.39,Extreme,27,7480.0,0.748,177.3,0.554,200.0,0.02,2026-05-31,"POLYGON ((73.862527 18.514414, 73.863475 18.51442, 73.863469 18.515323, 73.862521 18.515318, 73.862527 18.514414))"
PUNE_GRID_100M_2538,18.515772,73.862992,41.83,0.135,0.349,-0.4,Built-up,0.169,39.08,41.8,2.09,Extreme,33,7520.0,0.752,197.8,0.618,200.0,0.02,2026-05-31,"POLYGON ((73.862521 18.515318, 73.863469 18.515323, 73.863463 18.516227, 73.862516 18.516221, 73.862521 18.515318))"
PUNE_GRID_100M_2539,18.516676,73.862986,40.19,0.168,0.314,-0.4,Built-up,0.192,37.46,43.2,2.03,High,20,6500.0,0.65,153.6,0.48,1200.0,0.12,2026-05-31,"POLYGON ((73.862516 18.516221, 73.863463 18.516227, 73.863457 18.517131, 73.86251 18.517125, 73.862516 18.516221))"
PUNE_GRID_100M_2540,18.51758,73.86298,41.3,0.184,0.244,-0.317,Built-up,0.195,38.7,43.9,2.1,Extreme,23,7200.0,0.72,183.7,0.574,200.0,0.02,2026-05-31,"POLYGON ((73.86251 18.517125, 73.863457 18.517131, 73.863451 18.518034, 73.862504 18.518029, 73.86251 18.517125))"
PUNE_GRID_100M_2541,18.518483,73.862974,40.75,0.175,0.263,-0.4,Built-up,0.202,37.91,43.5,2.05,High,32,6860.0,0.686,136.3,0.426,200.0,0.02,2026-05-31,"POLYGON ((73.862504 18.518029, 73.863451 18.518034, 73.863445 18.518938, 73.862498 18.518932, 73.862504 18.518029))"
PUNE_GRID_100M_2542,18.519387,73.862968,40.35,0.215,0.259,-0.4,Built-up,0.189,37.3,40.5,2.24,High,35,6610.0,0.661,189.8,0.593,200.0,0.02,2026-05-31,"POLYGON ((73.862498 18.518932, 73.863445 18.518938, 73.863439 18.519842, 73.862492 18.519836, 73.862498 18.518932))"
PUNE_GRID_100M_2543,18.52029,73.862962,41.2,0.202,0.348,-0.4,Built-up,0.167,38.04,41.7,2.2,Extreme,25,7140.0,0.714,190.4,0.595,200.0,0.02,2026-05-31,"POLYGON ((73.862492 18.519836, 73.863439 18.519842, 73.863433 18.520745, 73.862486 18.520739, 73.862492 18.519836))"
PUNE_GRID_100M_2544,18.521194,73.862956,41.12,0.188,0.251,-0.4,Built-up,0.186,38.45,40.7,2.25,Extreme,23,7090.0,0.709,166.4,0.52,470.0,0.047,2026-05-31,"POLYGON ((73.862486 18.520739, 73.863433 18.520745, 73.863427 18.521649, 73.86248 18.521643, 73.862486 18.520739))"
PUNE_GRID_100M_2545,18.522098,73.86295,43.28,0.096,0.456,-0.4,Built-up,0.189,39.51,41.2,2.03,Extreme,26,8440.0,0.844,177.3,0.554,200.0,0.02,2026-05-31,"POLYGON ((73.86248 18.521643, 73.863427 18.521649, 73.863421 18.522552, 73.862474 18.522547, 73.86248 18.521643))"
PUNE_GRID_100M_2546,18.523001,73.862944,41.63,0.103,0.327,-0.4,Built-up,0.185,39.12,43.1,2.19,Extreme,24,7400.0,0.74,181.4,0.567,200.0,0.02,2026-05-31,"POLYGON ((73.862474 18.522547, 73.863421 18.522552, 73.863415 18.523456, 73.862468 18.52345, 73.862474 18.522547))"
PUNE_GRID_100M_2547,18.523905,73.862938,40.11,0.196,0.252,-0.4,Built-up,0.165,37.93,43.1,1.8,High,24,6450.0,0.645,136.3,0.426,1530.0,0.153,2026-05-31,"POLYGON ((73.862468 18.52345, 73.863415 18.523456, 73.863409 18.52436, 73.862462 18.524354, 73.862468 18.52345))"
PUNE_GRID_100M_2548,18.524809,73.862932,40.67,0.155,0.274,-0.4,Built-up,0.183,38.37,42.1,2.26,High,26,6800.0,0.68,169.0,0.528,210.0,0.021,2026-05-31,"POLYGON ((73.862462 18.524354, 73.863409 18.52436, 73.863403 18.525263, 73.862456 18.525258, 73.862462 18.524354))"
PUNE_GRID_100M_2549,18.525712,73.862926,41.84,0.122,0.32,-0.4,Built-up,0.184,38.83,41.6,2.48,Extreme,40,7530.0,0.753,185.9,0.581,200.0,0.02,2026-05-31,"POLYGON ((73.862456 18.525258, 73.863403 18.525263, 73.863397 18.526167, 73.86245 18.526161, 73.862456 18.525258))"
PUNE_GRID_100M_2550,18.526616,73.86292,42.59,0.094,0.398,-0.4,Built-up,0.196,39.39,41.2,1.98,Extreme,37,7990.0,0.799,179.8,0.562,200.0,0.02,2026-05-31,"POLYGON ((73.86245 18.526161, 73.863397 18.526167, 73.863391 18.527071, 73.862444 18.527065, 73.86245 18.526161))"
PUNE_GRID_100M_2551,18.52752,73.862914,39.53,0.177,0.197,-0.4,Built-up,0.22,36.81,42.4,2.38,High,24,6070.0,0.607,160.0,0.5,1580.0,0.158,2026-05-31,"POLYGON ((73.862444 18.527065, 73.863391 18.527071, 73.863385 18.527974, 73.862438 18.527969, 73.862444 18.527065))"
PUNE_GRID_100M_2552,18.528423,73.862908,39.17,0.151,0.223,-0.4,Built-up,0.186,37.22,41.8,2.18,High,21,5840.0,0.584,150.4,0.47,1680.0,0.168,2026-05-31,"POLYGON ((73.862438 18.527969, 73.863385 18.527974, 73.863379 18.528878, 73.862432 18.528872, 73.862438 18.527969))"
PUNE_GRID_100M_2553,18.529327,73.862903,42.04,0.102,0.33,-0.373,Built-up,0.217,39.04,38.3,2.49,Extreme,29,7630.0,0.763,195.5,0.611,270.0,0.027,2026-05-31,"POLYGON ((73.862432 18.528872, 73.863379 18.528878, 73.863373 18.529782, 73.862426 18.529776, 73.862432 18.528872))"
PUNE_GRID_100M_2554,18.53023,73.862897,40.72,0.183,0.26,-0.4,Built-up,0.193,38.17,44.3,2.38,High,23,6800.0,0.68,163.2,0.51,870.0,0.087,2026-05-31,"POLYGON ((73.862426 18.529776, 73.863373 18.529782, 73.863367 18.530685, 73.86242 18.530679, 73.862426 18.529776))"
PUNE_GRID_100M_2555,18.531134,73.862891,39.57,0.161,0.308,-0.4,Built-up,0.203,37.71,44.1,2.45,High,27,6080.0,0.608,127.7,0.399,1340.0,0.134,2026-05-31,"POLYGON ((73.86242 18.530679, 73.863367 18.530685, 73.863361 18.531589, 73.862414 18.531583, 73.86242 18.530679))"
PUNE_GRID_100M_2556,18.532038,73.862885,40.56,0.181,0.288,-0.4,Built-up,0.171,37.71,43.1,2.41,High,25,6690.0,0.669,173.1,0.541,790.0,0.079,2026-05-31,"POLYGON ((73.862414 18.531583, 73.863361 18.531589, 73.863355 18.532492, 73.862408 18.532487, 73.862414 18.531583))"
PUNE_GRID_100M_2557,18.532941,73.862879,37.87,0.351,0.173,-0.294,Built-up,0.173,35.97,46.6,2.69,High,25,5000.0,0.5,116.5,0.364,3210.0,0.321,2026-05-31,"POLYGON ((73.862408 18.532487, 73.863355 18.532492, 73.863349 18.533396, 73.862402 18.53339, 73.862408 18.532487))"
PUNE_GRID_100M_2558,18.533845,73.862873,39.84,0.247,0.277,-0.37,Built-up,0.169,37.49,41.2,2.51,High,26,6230.0,0.623,131.8,0.412,1300.0,0.13,2026-05-31,"POLYGON ((73.862402 18.53339, 73.863349 18.533396, 73.863343 18.5343, 73.862396 18.534294, 73.862402 18.53339))"
PUNE_GRID_100M_2559,18.534749,73.862867,39.95,0.267,0.205,-0.357,Built-up,0.154,37.18,40.4,2.33,High,22,6290.0,0.629,168.3,0.526,1570.0,0.157,2026-05-31,"POLYGON ((73.862396 18.534294, 73.863343 18.5343, 73.863337 18.535203, 73.86239 18.535198, 73.862396 18.534294))"
PUNE_GRID_100M_2560,18.535652,73.862861,40.28,0.206,0.315,-0.4,Built-up,0.215,37.64,43.4,2.51,High,23,6490.0,0.649,182.7,0.571,950.0,0.095,2026-05-31,"POLYGON ((73.86239 18.535198, 73.863337 18.535203, 73.863331 18.536107, 73.862384 18.536101, 73.86239 18.535198))"
PUNE_GRID_100M_2561,18.536556,73.862855,38.58,0.296,0.111,-0.273,Built-up,0.223,36.65,44.6,2.44,High,17,5420.0,0.542,129.6,0.405,1430.0,0.143,2026-05-31,"POLYGON ((73.862384 18.536101, 73.863331 18.536107, 73.863325 18.537011, 73.862378 18.537005, 73.862384 18.536101))"
PUNE_GRID_100M_2562,18.53746,73.862849,39.3,0.196,0.195,-0.4,Built-up,0.191,36.91,41.0,2.58,High,26,5870.0,0.587,168.6,0.527,1670.0,0.167,2026-05-31,"POLYGON ((73.862378 18.537005, 73.863325 18.537011, 73.863319 18.537914, 73.862372 18.537909, 73.862378 18.537005))"
PUNE_GRID_100M_2563,18.538363,73.862843,38.34,0.232,0.162,-0.366,Built-up,0.218,36.73,44.9,2.49,High,21,5260.0,0.526,127.4,0.398,2380.0,0.238,2026-05-31,"POLYGON ((73.862372 18.537909, 73.863319 18.537914, 73.863313 18.538818, 73.862366 18.538812, 73.862372 18.537909))"
PUNE_GRID_100M_2564,18.539267,73.862837,39.13,0.121,0.228,-0.4,Built-up,0.202,36.44,43.1,2.46,High,25,5750.0,0.575,133.1,0.416,2220.0,0.222,2026-05-31,"POLYGON ((73.862366 18.538812, 73.863313 18.538818, 73.863307 18.539721, 73.86236 18.539716, 73.862366 18.538812))"
PUNE_GRID_100M_2565,18.54017,73.862831,38.06,0.315,0.169,-0.4,Built-up,0.219,36.48,43.3,2.66,High,20,5070.0,0.507,113.6,0.355,3240.0,0.324,2026-05-31,"POLYGON ((73.86236 18.539716, 73.863307 18.539721, 73.863301 18.540625, 73.862354 18.540619, 73.86236 18.539716))"
PUNE_GRID_100M_2566,18.541074,73.862825,38.29,0.321,0.168,-0.4,Built-up,0.228,36.5,43.9,2.66,High,17,5210.0,0.521,145.9,0.456,2500.0,0.25,2026-05-31,"POLYGON ((73.862354 18.540619, 73.863301 18.540625, 73.863295 18.541529, 73.862348 18.541523, 73.862354 18.540619))"
PUNE_GRID_100M_2567,18.541978,73.862819,37.67,0.259,0.145,-0.4,Built-up,0.21,35.7,41.2,2.89,High,17,4810.0,0.481,105.6,0.33,3870.0,0.387,2026-05-31,"POLYGON ((73.862348 18.541523, 73.863295 18.541529, 73.86329 18.542432, 73.862342 18.542427, 73.862348 18.541523))"
PUNE_GRID_100M_2568,18.542881,73.862813,38.83,0.231,0.168,-0.387,Built-up,0.197,36.4,43.0,2.62,High,18,5530.0,0.553,142.1,0.444,2070.0,0.207,2026-05-31,"POLYGON ((73.862342 18.542427, 73.86329 18.542432, 73.863284 18.543336, 73.862336 18.54333, 73.862342 18.542427))"
PUNE_GRID_100M_2569,18.543785,73.862807,38.84,0.21,0.153,-0.393,Built-up,0.225,36.06,42.9,2.33,High,26,5530.0,0.553,125.4,0.392,2540.0,0.254,2026-05-31,"POLYGON ((73.862336 18.54333, 73.863284 18.543336, 73.863278 18.54424, 73.86233 18.544234, 73.862336 18.54333))"
PUNE_GRID_100M_2570,18.544689,73.862801,37.8,0.292,0.173,-0.4,Built-up,0.221,35.72,45.6,2.68,High,16,4880.0,0.488,111.4,0.348,3400.0,0.34,2026-05-31,"POLYGON ((73.86233 18.544234, 73.863278 18.54424, 73.863272 18.545143, 73.862324 18.545138, 73.86233 18.544234))"
PUNE_GRID_100M_2571,18.545592,73.862795,37.87,0.32,0.175,-0.345,Built-up,0.21,36.32,44.5,2.45,High,26,4910.0,0.491,130.9,0.409,2820.0,0.282,2026-05-31,"POLYGON ((73.862324 18.545138, 73.863272 18.545143, 73.863266 18.546047, 73.862318 18.546041, 73.862324 18.545138))"
PUNE_GRID_100M_2572,18.546496,73.862789,36.52,0.252,0.141,-0.4,Built-up,0.247,35.05,46.7,2.89,Medium,13,4060.0,0.406,92.5,0.289,4380.0,0.438,2026-05-31,"POLYGON ((73.862318 18.546041, 73.863266 18.546047, 73.86326 18.546951, 73.862312 18.546945, 73.862318 18.546041))"
PUNE_GRID_100M_2573,18.5474,73.862783,37.28,0.312,0.104,-0.366,Built-up,0.215,35.94,41.4,2.5,Medium,20,4530.0,0.453,103.7,0.324,3260.0,0.326,2026-05-31,"POLYGON ((73.862312 18.546945, 73.86326 18.546951, 73.863254 18.547854, 73.862306 18.547848, 73.862312 18.546945))"
PUNE_GRID_100M_2574,18.548303,73.862777,37.32,0.283,0.15,-0.374,Built-up,0.2,35.44,43.9,2.66,Medium,20,4550.0,0.455,123.8,0.387,3120.0,0.312,2026-05-31,"POLYGON ((73.862306 18.547848, 73.863254 18.547854, 73.863248 18.548758, 73.8623 18.548752, 73.862306 18.547848))"
PUNE_GRID_100M_2575,18.549207,73.862771,39.3,0.229,0.21,-0.377,Built-up,0.208,37.22,44.4,2.81,High,22,5780.0,0.578,159.0,0.497,1200.0,0.12,2026-05-31,"POLYGON ((73.8623 18.548752, 73.863248 18.548758, 73.863242 18.549661, 73.862294 18.549656, 73.8623 18.548752))"
PUNE_GRID_100M_2576,18.55011,73.862765,36.15,0.353,0.112,-0.398,Built-up,0.21,34.59,45.6,3.22,Medium,12,3810.0,0.381,99.8,0.312,4350.0,0.435,2026-05-31,"POLYGON ((73.862294 18.549656, 73.863242 18.549661, 73.863236 18.550565, 73.862288 18.550559, 73.862294 18.549656))"
PUNE_GRID_100M_2577,18.500416,73.864041,39.84,0.198,0.273,-0.4,Built-up,0.198,37.1,44.4,2.42,High,33,6180.0,0.618,139.8,0.437,1640.0,0.164,2026-05-31,"POLYGON ((73.86357 18.499961, 73.864517 18.499967, 73.864511 18.500871, 73.863564 18.500865, 73.86357 18.499961))"
PUNE_GRID_100M_2578,18.50132,73.864035,39.62,0.209,0.239,-0.396,Built-up,0.184,37.2,40.6,2.62,High,26,6050.0,0.605,138.6,0.433,2120.0,0.212,2026-05-31,"POLYGON ((73.863564 18.500865, 73.864511 18.500871, 73.864505 18.501774, 73.863558 18.501769, 73.863564 18.500865))"
PUNE_GRID_100M_2579,18.502223,73.864029,39.2,0.219,0.204,-0.357,Built-up,0.197,36.74,44.7,2.7,High,19,5790.0,0.579,139.8,0.437,2220.0,0.222,2026-05-31,"POLYGON ((73.863558 18.501769, 73.864505 18.501774, 73.864499 18.502678, 73.863552 18.502672, 73.863558 18.501769))"
PUNE_GRID_100M_2580,18.503127,73.864023,40.53,0.22,0.303,-0.4,Built-up,0.214,37.41,41.6,2.86,High,28,6630.0,0.663,163.2,0.51,730.0,0.073,2026-05-31,"POLYGON ((73.863552 18.502672, 73.864499 18.502678, 73.864493 18.503582, 73.863546 18.503576, 73.863552 18.502672))"
PUNE_GRID_100M_2581,18.504031,73.864017,39.57,0.232,0.25,-0.4,Built-up,0.189,37.14,42.2,2.69,High,29,6030.0,0.603,132.2,0.413,1260.0,0.126,2026-05-31,"POLYGON ((73.863546 18.503576, 73.864493 18.503582, 73.864487 18.504485, 73.86354 18.50448, 73.863546 18.503576))"
PUNE_GRID_100M_2582,18.504934,73.864011,39.73,0.218,0.217,-0.353,Built-up,0.189,37.34,44.7,2.73,High,25,6140.0,0.614,156.5,0.489,1570.0,0.157,2026-05-31,"POLYGON ((73.86354 18.50448, 73.864487 18.504485, 73.864481 18.505389, 73.863534 18.505383, 73.86354 18.50448))"
PUNE_GRID_100M_2583,18.505838,73.864005,39.53,0.166,0.189,-0.4,Built-up,0.224,37.55,45.1,2.66,High,25,6020.0,0.602,145.6,0.455,2060.0,0.206,2026-05-31,"POLYGON ((73.863534 18.505383, 73.864481 18.505389, 73.864476 18.506293, 73.863528 18.506287, 73.863534 18.505383))"
PUNE_GRID_100M_2584,18.506742,73.863999,40.69,0.161,0.272,-0.4,Built-up,0.175,38.26,44.0,2.22,High,21,6750.0,0.675,140.2,0.438,1240.0,0.124,2026-05-31,"POLYGON ((73.863528 18.506287, 73.864476 18.506293, 73.86447 18.507196, 73.863522 18.507191, 73.863528 18.506287))"
PUNE_GRID_100M_2585,18.507645,73.863993,40.73,0.21,0.328,-0.4,Built-up,0.171,38.38,45.5,2.51,High,23,6790.0,0.679,151.0,0.472,1230.0,0.123,2026-05-31,"POLYGON ((73.863522 18.507191, 73.86447 18.507196, 73.864464 18.5081, 73.863516 18.508094, 73.863522 18.507191))"
PUNE_GRID_100M_2586,18.508549,73.863987,39.5,0.219,0.262,-0.4,Built-up,0.201,37.37,45.3,2.59,High,24,6020.0,0.602,137.9,0.431,1600.0,0.16,2026-05-31,"POLYGON ((73.863516 18.508094, 73.864464 18.5081, 73.864458 18.509004, 73.86351 18.508998, 73.863516 18.508094))"
PUNE_GRID_100M_2587,18.509453,73.863981,39.08,0.259,0.175,-0.394,Built-up,0.223,36.96,42.5,2.2,High,18,5760.0,0.576,137.3,0.429,1770.0,0.177,2026-05-31,"POLYGON ((73.86351 18.508998, 73.864458 18.509004, 73.864452 18.509907, 73.863505 18.509902, 73.86351 18.508998))"
PUNE_GRID_100M_2588,18.510356,73.863975,40.11,0.267,0.22,-0.4,Built-up,0.219,37.21,43.1,2.26,High,26,6410.0,0.641,177.9,0.556,630.0,0.063,2026-05-31,"POLYGON ((73.863505 18.509902, 73.864452 18.509907, 73.864446 18.510811, 73.863499 18.510805, 73.863505 18.509902))"
PUNE_GRID_100M_2589,18.51126,73.863969,39.76,0.25,0.277,-0.4,Built-up,0.179,37.38,42.7,2.19,High,32,6200.0,0.62,152.0,0.475,1350.0,0.135,2026-05-31,"POLYGON ((73.863499 18.510805, 73.864446 18.510811, 73.86444 18.511714, 73.863493 18.511709, 73.863499 18.510805))"
PUNE_GRID_100M_2590,18.512163,73.863963,40.47,0.187,0.237,-0.4,Built-up,0.206,38.01,45.7,2.48,High,30,6650.0,0.665,148.8,0.465,920.0,0.092,2026-05-31,"POLYGON ((73.863493 18.511709, 73.86444 18.511714, 73.864434 18.512618, 73.863487 18.512612, 73.863493 18.511709))"
PUNE_GRID_100M_2591,18.513067,73.863957,41.63,0.123,0.339,-0.4,Built-up,0.172,39.08,43.4,2.3,Extreme,30,7380.0,0.738,179.8,0.562,200.0,0.02,2026-05-31,"POLYGON ((73.863487 18.512612, 73.864434 18.512618, 73.864428 18.513522, 73.863481 18.513516, 73.863487 18.512612))"
PUNE_GRID_100M_2592,18.513971,73.863951,40.39,0.084,0.249,-0.4,Built-up,0.186,37.98,42.4,2.23,High,32,6610.0,0.661,154.2,0.482,890.0,0.089,2026-05-31,"POLYGON ((73.863481 18.513516, 73.864428 18.513522, 73.864422 18.514425, 73.863475 18.51442, 73.863481 18.513516))"
PUNE_GRID_100M_2593,18.514874,73.863945,40.83,0.164,0.336,-0.4,Built-up,0.198,38.45,43.7,2.02,High,22,6890.0,0.689,169.6,0.53,470.0,0.047,2026-05-31,"POLYGON ((73.863475 18.51442, 73.864422 18.514425, 73.864416 18.515329, 73.863469 18.515323, 73.863475 18.51442))"
PUNE_GRID_100M_2594,18.515778,73.863939,41.0,0.152,0.272,-0.4,Built-up,0.183,37.89,40.4,2.24,Extreme,24,7000.0,0.7,175.4,0.548,200.0,0.02,2026-05-31,"POLYGON ((73.863469 18.515323, 73.864416 18.515329, 73.86441 18.516233, 73.863463 18.516227, 73.863469 18.515323))"
PUNE_GRID_100M_2595,18.516682,73.863933,41.71,0.156,0.361,-0.4,Built-up,0.179,38.6,42.0,2.13,Extreme,34,7450.0,0.745,194.2,0.607,200.0,0.02,2026-05-31,"POLYGON ((73.863463 18.516227, 73.86441 18.516233, 73.864404 18.517136, 73.863457 18.517131, 73.863463 18.516227))"
PUNE_GRID_100M_2596,18.517585,73.863927,39.31,0.218,0.224,-0.4,Built-up,0.202,37.15,42.1,2.28,High,22,5950.0,0.595,142.4,0.445,1750.0,0.175,2026-05-31,"POLYGON ((73.863457 18.517131, 73.864404 18.517136, 73.864398 18.51804, 73.863451 18.518034, 73.863457 18.517131))"
PUNE_GRID_100M_2597,18.518489,73.863921,40.67,0.164,0.288,-0.4,Built-up,0.172,38.32,39.9,2.0,High,24,6800.0,0.68,184.3,0.576,400.0,0.04,2026-05-31,"POLYGON ((73.863451 18.518034, 73.864398 18.51804, 73.864392 18.518944, 73.863445 18.518938, 73.863451 18.518034))"
PUNE_GRID_100M_2598,18.519393,73.863915,41.36,0.081,0.252,-0.4,Built-up,0.209,38.41,43.1,2.25,Extreme,23,7230.0,0.723,185.3,0.579,200.0,0.02,2026-05-31,"POLYGON ((73.863445 18.518938, 73.864392 18.518944, 73.864386 18.519847, 73.863439 18.519842, 73.863445 18.518938))"
PUNE_GRID_100M_2599,18.520296,73.86391,42.16,0.087,0.281,-0.4,Built-up,0.198,38.99,42.6,2.13,Extreme,25,7730.0,0.773,176.3,0.551,200.0,0.02,2026-05-31,"POLYGON ((73.863439 18.519842, 73.864386 18.519847, 73.86438 18.520751, 73.863433 18.520745, 73.863439 18.519842))"
PUNE_GRID_100M_2600,18.5212,73.863904,40.8,0.191,0.279,-0.4,Built-up,0.16,38.27,43.0,1.97,High,27,6880.0,0.688,193.3,0.604,830.0,0.083,2026-05-31,"POLYGON ((73.863433 18.520745, 73.86438 18.520751, 73.864374 18.521654, 73.863427 18.521649, 73.863433 18.520745))"
PUNE_GRID_100M_2601,18.522103,73.863898,39.67,0.28,0.243,-0.4,Built-up,0.2,36.93,43.0,1.96,High,21,6170.0,0.617,152.3,0.476,1620.0,0.162,2026-05-31,"POLYGON ((73.863427 18.521649, 73.864374 18.521654, 73.864368 18.522558, 73.863421 18.522552, 73.863427 18.521649))"
PUNE_GRID_100M_2602,18.523007,73.863892,41.62,0.139,0.289,-0.36,Built-up,0.176,39.12,39.8,1.99,Extreme,28,7390.0,0.739,166.7,0.521,200.0,0.02,2026-05-31,"POLYGON ((73.863421 18.522552, 73.864368 18.522558, 73.864362 18.523462, 73.863415 18.523456, 73.863421 18.522552))"
PUNE_GRID_100M_2603,18.523911,73.863886,40.55,0.194,0.242,-0.4,Built-up,0.213,37.62,40.8,2.2,High,26,6720.0,0.672,182.4,0.57,880.0,0.088,2026-05-31,"POLYGON ((73.863415 18.523456, 73.864362 18.523462, 73.864356 18.524365, 73.863409 18.52436, 73.863415 18.523456))"
PUNE_GRID_100M_2604,18.524814,73.86388,40.03,0.237,0.268,-0.4,Built-up,0.17,36.95,41.5,2.28,High,32,6390.0,0.639,179.8,0.562,1290.0,0.129,2026-05-31,"POLYGON ((73.863409 18.52436, 73.864356 18.524365, 73.86435 18.525269, 73.863403 18.525263, 73.863409 18.52436))"
PUNE_GRID_100M_2605,18.525718,73.863874,40.39,0.154,0.284,-0.4,Built-up,0.184,37.78,42.3,2.32,High,33,6620.0,0.662,158.4,0.495,940.0,0.094,2026-05-31,"POLYGON ((73.863403 18.525263, 73.86435 18.525269, 73.864344 18.526173, 73.863397 18.526167, 73.863403 18.525263))"
PUNE_GRID_100M_2606,18.526622,73.863868,40.64,0.192,0.275,-0.4,Built-up,0.196,38.46,44.1,2.35,High,26,6770.0,0.677,156.2,0.488,1410.0,0.141,2026-05-31,"POLYGON ((73.863397 18.526167, 73.864344 18.526173, 73.864338 18.527076, 73.863391 18.527071, 73.863397 18.526167))"
PUNE_GRID_100M_2607,18.527525,73.863862,40.2,0.163,0.282,-0.4,Built-up,0.19,37.82,44.4,2.15,High,29,6490.0,0.649,153.6,0.48,1160.0,0.116,2026-05-31,"POLYGON ((73.863391 18.527071, 73.864338 18.527076, 73.864332 18.52798, 73.863385 18.527974, 73.863391 18.527071))"
PUNE_GRID_100M_2608,18.528429,73.863856,38.8,0.277,0.161,-0.4,Built-up,0.222,36.89,41.5,2.53,High,30,5610.0,0.561,143.7,0.449,1480.0,0.148,2026-05-31,"POLYGON ((73.863385 18.527974, 73.864332 18.52798, 73.864326 18.528884, 73.863379 18.528878, 73.863385 18.527974))"
PUNE_GRID_100M_2609,18.529333,73.86385,41.16,0.165,0.292,-0.4,Built-up,0.165,38.32,41.0,2.25,Extreme,25,7080.0,0.708,186.2,0.582,320.0,0.032,2026-05-31,"POLYGON ((73.863379 18.528878, 73.864326 18.528884, 73.86432 18.529787, 73.863373 18.529782, 73.863379 18.528878))"
PUNE_GRID_100M_2610,18.530236,73.863844,41.33,0.165,0.359,-0.4,Built-up,0.2,38.39,40.9,2.45,Extreme,38,7180.0,0.718,179.5,0.561,230.0,0.023,2026-05-31,"POLYGON ((73.863373 18.529782, 73.86432 18.529787, 73.864315 18.530691, 73.863367 18.530685, 73.863373 18.529782))"
PUNE_GRID_100M_2611,18.53114,73.863838,40.7,0.144,0.284,-0.366,Built-up,0.197,37.53,38.6,2.35,High,25,6780.0,0.678,164.2,0.513,440.0,0.044,2026-05-31,"POLYGON ((73.863367 18.530685, 73.864315 18.530691, 73.864309 18.531594, 73.863361 18.531589, 73.863367 18.530685))"
PUNE_GRID_100M_2612,18.532043,73.863832,39.13,0.259,0.215,-0.4,Built-up,0.222,36.21,44.5,2.48,High,22,5790.0,0.579,158.1,0.494,1960.0,0.196,2026-05-31,"POLYGON ((73.863361 18.531589, 73.864309 18.531594, 73.864303 18.532498, 73.863355 18.532492, 73.863361 18.531589))"
PUNE_GRID_100M_2613,18.532947,73.863826,39.74,0.292,0.307,-0.4,Built-up,0.198,37.38,42.8,2.39,High,19,6170.0,0.617,144.0,0.45,810.0,0.081,2026-05-31,"POLYGON ((73.863355 18.532492, 73.864303 18.532498, 73.864297 18.533402, 73.863349 18.533396, 73.863355 18.532492))"
PUNE_GRID_100M_2614,18.533851,73.86382,39.76,0.168,0.197,-0.4,Built-up,0.204,37.73,43.0,2.54,High,24,6170.0,0.617,161.3,0.504,1710.0,0.171,2026-05-31,"POLYGON ((73.863349 18.533396, 73.864297 18.533402, 73.864291 18.534305, 73.863343 18.5343, 73.863349 18.533396))"
PUNE_GRID_100M_2615,18.534754,73.863814,40.1,0.183,0.278,-0.4,Built-up,0.171,37.67,44.9,2.48,High,33,6380.0,0.638,149.4,0.467,870.0,0.087,2026-05-31,"POLYGON ((73.863343 18.5343, 73.864291 18.534305, 73.864285 18.535209, 73.863337 18.535203, 73.863343 18.5343))"
PUNE_GRID_100M_2616,18.535658,73.863808,40.0,0.209,0.3,-0.4,Built-up,0.178,37.69,43.1,2.67,High,24,6310.0,0.631,156.8,0.49,830.0,0.083,2026-05-31,"POLYGON ((73.863337 18.535203, 73.864285 18.535209, 73.864279 18.536113, 73.863331 18.536107, 73.863337 18.535203))"
PUNE_GRID_100M_2617,18.536562,73.863802,38.74,0.276,0.184,-0.4,Built-up,0.231,37.09,43.4,2.37,High,18,5510.0,0.551,130.9,0.409,2220.0,0.222,2026-05-31,"POLYGON ((73.863331 18.536107, 73.864279 18.536113, 73.864273 18.537016, 73.863325 18.537011, 73.863331 18.536107))"
PUNE_GRID_100M_2618,18.537465,73.863796,39.24,0.204,0.242,-0.381,Built-up,0.217,37.07,44.5,2.2,High,18,5820.0,0.582,138.9,0.434,2050.0,0.205,2026-05-31,"POLYGON ((73.863325 18.537011, 73.864273 18.537016, 73.864267 18.53792, 73.863319 18.537914, 73.863325 18.537011))"
PUNE_GRID_100M_2619,18.538369,73.86379,39.39,0.108,0.193,-0.4,Built-up,0.196,37.04,45.1,2.38,High,24,5910.0,0.591,137.0,0.428,1870.0,0.187,2026-05-31,"POLYGON ((73.863319 18.537914, 73.864267 18.53792, 73.864261 18.538824, 73.863313 18.538818, 73.863319 18.537914))"
PUNE_GRID_100M_2620,18.539273,73.863784,40.04,0.253,0.231,-0.354,Built-up,0.156,37.28,43.4,2.82,High,28,6310.0,0.631,168.6,0.527,810.0,0.081,2026-05-31,"POLYGON ((73.863313 18.538818, 73.864261 18.538824, 73.864255 18.539727, 73.863307 18.539721, 73.863313 18.538818))"
PUNE_GRID_100M_2621,18.540176,73.863778,39.28,0.256,0.229,-0.367,Built-up,0.196,37.6,44.6,2.6,High,18,5830.0,0.583,130.6,0.408,1740.0,0.174,2026-05-31,"POLYGON ((73.863307 18.539721, 73.864255 18.539727, 73.864249 18.540631, 73.863301 18.540625, 73.863307 18.539721))"
PUNE_GRID_100M_2622,18.54108,73.863772,39.2,0.158,0.238,-0.4,Built-up,0.193,37.1,43.4,2.67,High,27,5770.0,0.577,129.0,0.403,1570.0,0.157,2026-05-31,"POLYGON ((73.863301 18.540625, 73.864249 18.540631, 73.864243 18.541534, 73.863295 18.541529, 73.863301 18.540625))"
PUNE_GRID_100M_2623,18.541983,73.863766,38.48,0.229,0.215,-0.4,Built-up,0.198,36.15,44.1,2.47,High,19,5320.0,0.532,154.9,0.484,2140.0,0.214,2026-05-31,"POLYGON ((73.863295 18.541529, 73.864243 18.541534, 73.864237 18.542438, 73.86329 18.542432, 73.863295 18.541529))"
PUNE_GRID_100M_2624,18.542887,73.86376,39.39,0.284,0.27,-0.4,Built-up,0.199,36.72,43.7,2.72,High,24,5880.0,0.588,153.6,0.48,2110.0,0.211,2026-05-31,"POLYGON ((73.86329 18.542432, 73.864237 18.542438, 73.864231 18.543342, 73.863284 18.543336, 73.86329 18.542432))"
PUNE_GRID_100M_2625,18.543791,73.863754,38.43,0.313,0.177,-0.4,Built-up,0.221,36.78,43.1,2.53,High,28,5270.0,0.527,96.0,0.3,2830.0,0.283,2026-05-31,"POLYGON ((73.863284 18.543336, 73.864231 18.543342, 73.864225 18.544245, 73.863278 18.54424, 73.863284 18.543336))"
PUNE_GRID_100M_2626,18.544694,73.863748,37.26,0.333,0.163,-0.4,Built-up,0.226,35.27,44.3,2.58,Medium,19,4530.0,0.453,101.4,0.317,3860.0,0.386,2026-05-31,"POLYGON ((73.863278 18.54424, 73.864225 18.544245, 73.864219 18.545149, 73.863272 18.545143, 73.863278 18.54424))"
PUNE_GRID_100M_2627,18.545598,73.863742,38.91,0.231,0.191,-0.4,Built-up,0.212,37.29,45.9,2.7,High,25,5560.0,0.556,110.4,0.345,2990.0,0.299,2026-05-31,"POLYGON ((73.863272 18.545143, 73.864219 18.545149, 73.864213 18.546053, 73.863266 18.546047, 73.863272 18.545143))"
PUNE_GRID_100M_2628,18.546502,73.863736,38.19,0.267,0.196,-0.4,Built-up,0.178,35.41,47.5,2.9,High,18,5100.0,0.51,110.1,0.344,2630.0,0.263,2026-05-31,"POLYGON ((73.863266 18.546047, 73.864213 18.546053, 73.864207 18.546956, 73.86326 18.546951, 73.863266 18.546047))"
PUNE_GRID_100M_2629,18.547405,73.86373,37.12,0.296,0.127,-0.371,Built-up,0.212,35.91,47.7,2.95,Medium,14,4430.0,0.443,66.2,0.207,3870.0,0.387,2026-05-31,"POLYGON ((73.86326 18.546951, 73.864207 18.546956, 73.864201 18.54786, 73.863254 18.547854, 73.86326 18.546951))"
PUNE_GRID_100M_2630,18.548309,73.863724,36.94,0.352,0.126,-0.369,Built-up,0.252,35.5,43.5,2.98,Medium,19,4310.0,0.431,101.8,0.318,4600.0,0.46,2026-05-31,"POLYGON ((73.863254 18.547854, 73.864201 18.54786, 73.864195 18.548764, 73.863248 18.548758, 73.863254 18.547854))"
PUNE_GRID_100M_2631,18.549212,73.863718,37.4,0.256,0.146,-0.4,Built-up,0.219,35.72,43.0,2.57,Medium,15,4590.0,0.459,95.7,0.299,4090.0,0.409,2026-05-31,"POLYGON ((73.863248 18.548758, 73.864195 18.548764, 73.864189 18.549667, 73.863242 18.549661, 73.863248 18.548758))"
PUNE_GRID_100M_2632,18.550116,73.863712,37.37,0.26,0.084,-0.306,Built-up,0.23,35.61,43.3,2.91,Medium,24,4570.0,0.457,110.4,0.345,2730.0,0.273,2026-05-31,"POLYGON ((73.863242 18.549661, 73.864189 18.549667, 73.864183 18.550571, 73.863236 18.550565, 73.863242 18.549661))"
PUNE_GRID_100M_2633,18.500422,73.864988,38.76,0.284,0.16,-0.388,Built-up,0.217,37.2,44.2,2.61,High,21,5500.0,0.55,111.0,0.347,2610.0,0.261,2026-05-31,"POLYGON ((73.864517 18.499967, 73.865464 18.499973, 73.865458 18.500877, 73.864511 18.500871, 73.864517 18.499967))"
PUNE_GRID_100M_2634,18.501325,73.864982,39.01,0.233,0.209,-0.396,Built-up,0.209,37.02,39.6,2.32,High,29,5660.0,0.566,137.0,0.428,2060.0,0.206,2026-05-31,"POLYGON ((73.864511 18.500871, 73.865458 18.500877, 73.865452 18.50178, 73.864505 18.501774, 73.864511 18.500871))"
PUNE_GRID_100M_2635,18.502229,73.864976,40.27,0.246,0.212,-0.4,Built-up,0.166,37.42,41.9,2.6,High,20,6450.0,0.645,149.4,0.467,1480.0,0.148,2026-05-31,"POLYGON ((73.864505 18.501774, 73.865452 18.50178, 73.865447 18.502684, 73.864499 18.502678, 73.864505 18.501774))"
PUNE_GRID_100M_2636,18.503133,73.86497,39.91,0.176,0.271,-0.4,Built-up,0.188,36.92,45.2,2.52,High,21,6240.0,0.624,169.0,0.528,880.0,0.088,2026-05-31,"POLYGON ((73.864499 18.502678, 73.865447 18.502684, 73.865441 18.503587, 73.864493 18.503582, 73.864499 18.502678))"
PUNE_GRID_100M_2637,18.504036,73.864964,39.35,0.221,0.247,-0.392,Built-up,0.195,37.1,45.0,2.65,High,21,5900.0,0.59,159.7,0.499,1270.0,0.127,2026-05-31,"POLYGON ((73.864493 18.503582, 73.865441 18.503587, 73.865435 18.504491, 73.864487 18.504485, 73.864493 18.503582))"
PUNE_GRID_100M_2638,18.50494,73.864958,40.1,0.16,0.264,-0.4,Built-up,0.212,37.57,42.2,2.54,High,21,6370.0,0.637,162.9,0.509,830.0,0.083,2026-05-31,"POLYGON ((73.864487 18.504485, 73.865435 18.504491, 73.865429 18.505395, 73.864481 18.505389, 73.864487 18.504485))"
PUNE_GRID_100M_2639,18.505844,73.864952,38.66,0.247,0.156,-0.312,Built-up,0.213,36.11,43.4,2.39,High,20,5480.0,0.548,127.4,0.398,2100.0,0.21,2026-05-31,"POLYGON ((73.864481 18.505389, 73.865429 18.505395, 73.865423 18.506298, 73.864476 18.506293, 73.864481 18.505389))"
PUNE_GRID_100M_2640,18.506747,73.864946,39.95,0.143,0.289,-0.4,Built-up,0.163,37.45,43.9,2.66,High,19,6280.0,0.628,176.0,0.55,1400.0,0.14,2026-05-31,"POLYGON ((73.864476 18.506293, 73.865423 18.506298, 73.865417 18.507202, 73.86447 18.507196, 73.864476 18.506293))"
PUNE_GRID_100M_2641,18.507651,73.86494,41.22,0.138,0.366,-0.4,Built-up,0.181,38.18,43.4,2.01,Extreme,25,7080.0,0.708,150.1,0.469,200.0,0.02,2026-05-31,"POLYGON ((73.86447 18.507196, 73.865417 18.507202, 73.865411 18.508106, 73.864464 18.5081, 73.86447 18.507196))"
PUNE_GRID_100M_2642,18.508555,73.864934,39.73,0.152,0.242,-0.4,Built-up,0.184,37.31,42.4,2.42,High,19,6160.0,0.616,129.9,0.406,1370.0,0.137,2026-05-31,"POLYGON ((73.864464 18.5081, 73.865411 18.508106, 73.865405 18.509009, 73.864458 18.509004, 73.864464 18.5081))"
PUNE_GRID_100M_2643,18.509458,73.864928,39.36,0.25,0.237,-0.4,Built-up,0.179,37.27,43.2,2.06,High,23,5930.0,0.593,141.1,0.441,1030.0,0.103,2026-05-31,"POLYGON ((73.864458 18.509004, 73.865405 18.509009, 73.865399 18.509913, 73.864452 18.509907, 73.864458 18.509004))"
PUNE_GRID_100M_2644,18.510362,73.864922,39.64,0.241,0.24,-0.4,Built-up,0.184,37.7,42.4,2.21,High,31,6120.0,0.612,175.7,0.549,1640.0,0.164,2026-05-31,"POLYGON ((73.864452 18.509907, 73.865399 18.509913, 73.865393 18.510817, 73.864446 18.510811, 73.864452 18.509907))"
PUNE_GRID_100M_2645,18.511265,73.864916,39.42,0.151,0.24,-0.4,Built-up,0.205,37.37,41.5,2.47,High,23,5980.0,0.598,140.8,0.44,2210.0,0.221,2026-05-31,"POLYGON ((73.864446 18.510811, 73.865393 18.510817, 73.865387 18.51172, 73.86444 18.511714, 73.864446 18.510811))"
PUNE_GRID_100M_2646,18.512169,73.86491,39.78,0.261,0.237,-0.4,Built-up,0.216,37.13,42.8,2.09,High,31,6210.0,0.621,146.6,0.458,1290.0,0.129,2026-05-31,"POLYGON ((73.86444 18.511714, 73.865387 18.51172, 73.865381 18.512624, 73.864434 18.512618, 73.86444 18.511714))"
PUNE_GRID_100M_2647,18.513073,73.864904,40.22,0.292,0.259,-0.4,Built-up,0.201,37.76,42.4,2.05,High,24,6490.0,0.649,137.3,0.429,1100.0,0.11,2026-05-31,"POLYGON ((73.864434 18.512618, 73.865381 18.512624, 73.865375 18.513527, 73.864428 18.513522, 73.864434 18.512618))"
PUNE_GRID_100M_2648,18.513976,73.864898,39.5,0.219,0.255,-0.365,Built-up,0.204,37.17,41.5,2.79,High,24,6050.0,0.605,157.4,0.492,1660.0,0.166,2026-05-31,"POLYGON ((73.864428 18.513522, 73.865375 18.513527, 73.865369 18.514431, 73.864422 18.514425, 73.864428 18.513522))"
PUNE_GRID_100M_2649,18.51488,73.864893,40.73,0.149,0.353,-0.4,Built-up,0.184,37.61,43.4,2.02,High,25,6820.0,0.682,176.0,0.55,1120.0,0.112,2026-05-31,"POLYGON ((73.864422 18.514425, 73.865369 18.514431, 73.865363 18.515335, 73.864416 18.515329, 73.864422 18.514425))"
PUNE_GRID_100M_2650,18.515784,73.864887,41.53,0.259,0.277,-0.4,Built-up,0.192,38.69,42.5,2.61,Extreme,40,7320.0,0.732,185.9,0.581,200.0,0.02,2026-05-31,"POLYGON ((73.864416 18.515329, 73.865363 18.515335, 73.865357 18.516238, 73.86441 18.516233, 73.864416 18.515329))"
PUNE_GRID_100M_2651,18.516687,73.864881,40.16,0.142,0.254,-0.4,Built-up,0.205,38.17,43.9,2.24,High,31,6470.0,0.647,147.2,0.46,870.0,0.087,2026-05-31,"POLYGON ((73.86441 18.516233, 73.865357 18.516238, 73.865351 18.517142, 73.864404 18.517136, 73.86441 18.516233))"
PUNE_GRID_100M_2652,18.517591,73.864875,42.16,0.125,0.312,-0.4,Built-up,0.148,39.02,40.1,2.15,Extreme,31,7720.0,0.772,176.3,0.551,200.0,0.02,2026-05-31,"POLYGON ((73.864404 18.517136, 73.865351 18.517142, 73.865345 18.518046, 73.864398 18.51804, 73.864404 18.517136))"
PUNE_GRID_100M_2653,18.518495,73.864869,41.4,0.158,0.361,-0.4,Built-up,0.177,38.0,38.9,2.37,Extreme,23,7250.0,0.725,157.4,0.492,200.0,0.02,2026-05-31,"POLYGON ((73.864398 18.51804, 73.865345 18.518046, 73.865339 18.518949, 73.864392 18.518944, 73.864398 18.51804))"
PUNE_GRID_100M_2654,18.519398,73.864863,41.84,0.189,0.315,-0.4,Built-up,0.168,38.8,42.2,2.51,Extreme,32,7530.0,0.753,181.8,0.568,200.0,0.02,2026-05-31,"POLYGON ((73.864392 18.518944, 73.865339 18.518949, 73.865333 18.519853, 73.864386 18.519847, 73.864392 18.518944))"
PUNE_GRID_100M_2655,18.520302,73.864857,40.51,0.197,0.23,-0.4,Built-up,0.216,37.49,41.6,2.02,High,27,6690.0,0.669,146.9,0.459,670.0,0.067,2026-05-31,"POLYGON ((73.864386 18.519847, 73.865333 18.519853, 73.865327 18.520757, 73.86438 18.520751, 73.864386 18.519847))"
PUNE_GRID_100M_2656,18.521206,73.864851,41.71,0.12,0.346,-0.4,Built-up,0.176,38.96,40.3,2.14,Extreme,26,7440.0,0.744,163.5,0.511,200.0,0.02,2026-05-31,"POLYGON ((73.86438 18.520751, 73.865327 18.520757, 73.865321 18.52166, 73.864374 18.521654, 73.86438 18.520751))"
PUNE_GRID_100M_2657,18.522109,73.864845,40.13,0.157,0.308,-0.4,Built-up,0.185,37.75,41.0,2.42,High,24,6460.0,0.646,149.8,0.468,910.0,0.091,2026-05-31,"POLYGON ((73.864374 18.521654, 73.865321 18.52166, 73.865315 18.522564, 73.864368 18.522558, 73.864374 18.521654))"
PUNE_GRID_100M_2658,18.523013,73.864839,41.67,0.128,0.345,-0.4,Built-up,0.155,38.62,41.3,2.31,Extreme,33,7420.0,0.742,171.8,0.537,200.0,0.02,2026-05-31,"POLYGON ((73.864368 18.522558, 73.865315 18.522564, 73.86531 18.523467, 73.864362 18.523462, 73.864368 18.522558))"
PUNE_GRID_100M_2659,18.523916,73.864833,41.04,0.123,0.303,-0.4,Built-up,0.201,38.13,44.5,2.49,Extreme,29,7020.0,0.702,161.6,0.505,200.0,0.02,2026-05-31,"POLYGON ((73.864362 18.523462, 73.86531 18.523467, 73.865304 18.524371, 73.864356 18.524365, 73.864362 18.523462))"
PUNE_GRID_100M_2660,18.52482,73.864827,41.28,0.157,0.32,-0.356,Built-up,0.192,38.33,41.2,2.38,Extreme,34,7170.0,0.717,177.9,0.556,790.0,0.079,2026-05-31,"POLYGON ((73.864356 18.524365, 73.865304 18.524371, 73.865298 18.525275, 73.86435 18.525269, 73.864356 18.524365))"
PUNE_GRID_100M_2661,18.525724,73.864821,39.81,0.184,0.284,-0.4,Built-up,0.197,37.37,41.5,2.65,High,19,6250.0,0.625,151.0,0.472,1690.0,0.169,2026-05-31,"POLYGON ((73.86435 18.525269, 73.865298 18.525275, 73.865292 18.526178, 73.864344 18.526173, 73.86435 18.525269))"
PUNE_GRID_100M_2662,18.526627,73.864815,39.94,0.142,0.221,-0.4,Built-up,0.188,37.23,44.0,2.34,High,31,6330.0,0.633,148.2,0.463,1970.0,0.197,2026-05-31,"POLYGON ((73.864344 18.526173, 73.865292 18.526178, 73.865286 18.527082, 73.864338 18.527076, 73.864344 18.526173))"
PUNE_GRID_100M_2663,18.527531,73.864809,41.03,0.214,0.293,-0.4,Built-up,0.176,37.8,42.4,2.37,Extreme,30,7000.0,0.7,170.2,0.532,620.0,0.062,2026-05-31,"POLYGON ((73.864338 18.527076, 73.865286 18.527082, 73.86528 18.527986, 73.864332 18.52798, 73.864338 18.527076))"
PUNE_GRID_100M_2664,18.528435,73.864803,39.69,0.191,0.222,-0.4,Built-up,0.203,37.62,40.1,2.41,High,33,6160.0,0.616,135.0,0.422,1400.0,0.14,2026-05-31,"POLYGON ((73.864332 18.52798, 73.86528 18.527986, 73.865274 18.528889, 73.864326 18.528884, 73.864332 18.52798))"
PUNE_GRID_100M_2665,18.529338,73.864797,40.7,0.125,0.246,-0.4,Built-up,0.185,37.87,43.4,2.33,High,32,6780.0,0.678,164.2,0.513,1210.0,0.121,2026-05-31,"POLYGON ((73.864326 18.528884, 73.865274 18.528889, 73.865268 18.529793, 73.86432 18.529787, 73.864326 18.528884))"
PUNE_GRID_100M_2666,18.530242,73.864791,39.11,0.224,0.2,-0.332,Built-up,0.211,36.93,46.9,2.55,High,20,5790.0,0.579,140.8,0.44,1880.0,0.188,2026-05-31,"POLYGON ((73.86432 18.529787, 73.865268 18.529793, 73.865262 18.530697, 73.864315 18.530691, 73.86432 18.529787))"
PUNE_GRID_100M_2667,18.531145,73.864785,40.76,0.176,0.317,-0.4,Built-up,0.151,38.12,38.5,2.45,High,32,6810.0,0.681,144.3,0.451,930.0,0.093,2026-05-31,"POLYGON ((73.864315 18.530691, 73.865262 18.530697, 73.865256 18.5316, 73.864309 18.531594, 73.864315 18.530691))"
PUNE_GRID_100M_2668,18.532049,73.864779,38.96,0.167,0.22,-0.4,Built-up,0.193,36.87,42.0,2.58,High,29,5680.0,0.568,149.1,0.466,1900.0,0.19,2026-05-31,"POLYGON ((73.864309 18.531594, 73.865256 18.5316, 73.86525 18.532504, 73.864303 18.532498, 73.864309 18.531594))"
PUNE_GRID_100M_2669,18.532953,73.864773,40.26,0.204,0.281,-0.4,Built-up,0.216,37.33,38.5,2.64,High,26,6490.0,0.649,144.3,0.451,200.0,0.02,2026-05-31,"POLYGON ((73.864303 18.532498, 73.86525 18.532504, 73.865244 18.533407, 73.864297 18.533402, 73.864303 18.532498))"
PUNE_GRID_100M_2670,18.533856,73.864767,40.18,0.152,0.262,-0.4,Built-up,0.199,37.12,42.7,2.56,High,35,6430.0,0.643,155.5,0.486,1750.0,0.175,2026-05-31,"POLYGON ((73.864297 18.533402, 73.865244 18.533407, 73.865238 18.534311, 73.864291 18.534305, 73.864297 18.533402))"
PUNE_GRID_100M_2671,18.53476,73.864761,38.98,0.304,0.22,-0.4,Built-up,0.203,36.61,45.3,2.59,High,29,5680.0,0.568,151.4,0.473,2100.0,0.21,2026-05-31,"POLYGON ((73.864291 18.534305, 73.865238 18.534311, 73.865232 18.535215, 73.864285 18.535209, 73.864291 18.534305))"
PUNE_GRID_100M_2672,18.535664,73.864755,39.86,0.226,0.22,-0.4,Built-up,0.23,37.52,43.3,2.32,High,21,6220.0,0.622,161.3,0.504,1400.0,0.14,2026-05-31,"POLYGON ((73.864285 18.535209, 73.865232 18.535215, 73.865226 18.536118, 73.864279 18.536113, 73.864285 18.535209))"
PUNE_GRID_100M_2673,18.536567,73.864749,39.46,0.203,0.216,-0.393,Built-up,0.166,36.9,45.5,2.43,High,20,5960.0,0.596,143.4,0.448,1670.0,0.167,2026-05-31,"POLYGON ((73.864279 18.536113, 73.865226 18.536118, 73.86522 18.537022, 73.864273 18.537016, 73.864279 18.536113))"
PUNE_GRID_100M_2674,18.537471,73.864743,38.67,0.217,0.196,-0.398,Built-up,0.192,36.46,45.3,2.73,High,17,5470.0,0.547,126.7,0.396,2410.0,0.241,2026-05-31,"POLYGON ((73.864273 18.537016, 73.86522 18.537022, 73.865214 18.537926, 73.864267 18.53792, 73.864273 18.537016))"
PUNE_GRID_100M_2675,18.538375,73.864737,38.15,0.261,0.175,-0.399,Built-up,0.202,36.84,47.0,2.88,High,17,5130.0,0.513,135.4,0.423,2360.0,0.236,2026-05-31,"POLYGON ((73.864267 18.53792, 73.865214 18.537926, 73.865208 18.538829, 73.864261 18.538824, 73.864267 18.53792))"
PUNE_GRID_100M_2676,18.539278,73.864731,37.24,0.321,0.135,-0.4,Built-up,0.229,35.01,46.9,2.23,Medium,16,4560.0,0.456,118.1,0.369,3580.0,0.358,2026-05-31,"POLYGON ((73.864261 18.538824, 73.865208 18.538829, 73.865202 18.539733, 73.864255 18.539727, 73.864261 18.538824))"
PUNE_GRID_100M_2677,18.540182,73.864726,38.94,0.236,0.198,-0.4,Built-up,0.217,36.53,43.2,2.53,High,29,5610.0,0.561,126.7,0.396,1680.0,0.168,2026-05-31,"POLYGON ((73.864255 18.539727, 73.865202 18.539733, 73.865196 18.540637, 73.864249 18.540631, 73.864255 18.539727))"
PUNE_GRID_100M_2678,18.541085,73.86472,37.25,0.288,0.115,-0.4,Built-up,0.206,36.14,45.3,2.67,Medium,15,4560.0,0.456,99.2,0.31,3580.0,0.358,2026-05-31,"POLYGON ((73.864249 18.540631, 73.865196 18.540637, 73.86519 18.54154, 73.864243 18.541534, 73.864249 18.540631))"
PUNE_GRID_100M_2679,18.541989,73.864714,38.43,0.257,0.274,-0.4,Built-up,0.206,36.39,43.0,2.51,High,17,5280.0,0.528,100.2,0.313,3010.0,0.301,2026-05-31,"POLYGON ((73.864243 18.541534, 73.86519 18.54154, 73.865184 18.542444, 73.864237 18.542438, 73.864243 18.541534))"
PUNE_GRID_100M_2680,18.542893,73.864708,37.99,0.246,0.187,-0.351,Built-up,0.2,35.88,44.3,2.55,High,17,5000.0,0.5,121.9,0.381,2780.0,0.278,2026-05-31,"POLYGON ((73.864237 18.542438, 73.865184 18.542444, 73.865178 18.543347, 73.864231 18.543342, 73.864237 18.542438))"
PUNE_GRID_100M_2681,18.543796,73.864702,38.59,0.236,0.199,-0.4,Built-up,0.222,36.86,44.2,2.84,High,21,5370.0,0.537,127.7,0.399,2580.0,0.258,2026-05-31,"POLYGON ((73.864231 18.543342, 73.865178 18.543347, 73.865172 18.544251, 73.864225 18.544245, 73.864231 18.543342))"
PUNE_GRID_100M_2682,18.5447,73.864696,37.65,0.199,0.137,-0.4,Built-up,0.2,35.87,44.8,3.08,High,22,4780.0,0.478,129.3,0.404,2610.0,0.261,2026-05-31,"POLYGON ((73.864225 18.544245, 73.865172 18.544251, 73.865166 18.545155, 73.864219 18.545149, 73.864225 18.544245))"
PUNE_GRID_100M_2683,18.545604,73.86469,37.48,0.327,0.123,-0.4,Built-up,0.216,35.63,47.0,2.39,Medium,15,4660.0,0.466,116.5,0.364,2860.0,0.286,2026-05-31,"POLYGON ((73.864219 18.545149, 73.865166 18.545155, 73.86516 18.546058, 73.864213 18.546053, 73.864219 18.545149))"
PUNE_GRID_100M_2684,18.546507,73.864684,38.17,0.276,0.164,-0.354,Built-up,0.203,36.28,44.0,2.78,High,18,5090.0,0.509,139.2,0.435,2700.0,0.27,2026-05-31,"POLYGON ((73.864213 18.546053, 73.86516 18.546058, 73.865154 18.546962, 73.864207 18.546956, 73.864213 18.546053))"
PUNE_GRID_100M_2685,18.547411,73.864678,37.7,0.25,0.155,-0.4,Built-up,0.228,35.69,43.4,2.94,High,15,4790.0,0.479,105.9,0.331,3490.0,0.349,2026-05-31,"POLYGON ((73.864207 18.546956, 73.865154 18.546962, 73.865148 18.547866, 73.864201 18.54786, 73.864207 18.546956))"
PUNE_GRID_100M_2686,18.548315,73.864672,37.53,0.362,0.082,-0.296,Built-up,0.217,35.47,43.7,3.03,High,23,4670.0,0.467,126.7,0.396,2390.0,0.239,2026-05-31,"POLYGON ((73.864201 18.54786, 73.865148 18.547866, 73.865142 18.548769, 73.864195 18.548764, 73.864201 18.54786))"
PUNE_GRID_100M_2687,18.549218,73.864666,37.49,0.291,0.09,-0.365,Built-up,0.223,35.71,46.0,2.96,Medium,21,4650.0,0.465,105.0,0.328,3570.0,0.357,2026-05-31,"POLYGON ((73.864195 18.548764, 73.865142 18.548769, 73.865137 18.549673, 73.864189 18.549667, 73.864195 18.548764))"
PUNE_GRID_100M_2688,18.550122,73.86466,35.73,0.308,0.039,-0.353,Built-up,0.241,34.21,44.3,3.28,Medium,16,3540.0,0.354,95.0,0.297,4350.0,0.435,2026-05-31,"POLYGON ((73.864189 18.549667, 73.865137 18.549673, 73.865131 18.550576, 73.864183 18.550571, 73.864189 18.549667))"
PUNE_GRID_100M_2689,18.500428,73.865935,39.14,0.264,0.218,-0.4,Built-up,0.209,36.9,43.4,2.67,High,19,5740.0,0.574,119.0,0.372,2070.0,0.207,2026-05-31,"POLYGON ((73.865464 18.499973, 73.866412 18.499979, 73.866406 18.500882, 73.865458 18.500877, 73.865464 18.499973))"
PUNE_GRID_100M_2690,18.501331,73.865929,39.18,0.245,0.206,-0.392,Built-up,0.216,37.03,45.6,2.9,High,27,5760.0,0.576,141.1,0.441,1380.0,0.138,2026-05-31,"POLYGON ((73.865458 18.500877, 73.866406 18.500882, 73.8664 18.501786, 73.865452 18.50178, 73.865458 18.500877))"
PUNE_GRID_100M_2691,18.502235,73.865923,38.02,0.285,0.205,-0.4,Built-up,0.206,36.37,45.0,2.48,High,26,5050.0,0.505,95.7,0.299,2710.0,0.271,2026-05-31,"POLYGON ((73.865452 18.50178, 73.8664 18.501786, 73.866394 18.502689, 73.865447 18.502684, 73.865452 18.50178))"
PUNE_GRID_100M_2692,18.503138,73.865917,38.78,0.226,0.151,-0.4,Built-up,0.207,36.98,43.9,2.6,High,17,5530.0,0.553,129.3,0.404,2640.0,0.264,2026-05-31,"POLYGON ((73.865447 18.502684, 73.866394 18.502689, 73.866388 18.503593, 73.865441 18.503587, 73.865447 18.502684))"
PUNE_GRID_100M_2693,18.504042,73.865911,39.09,0.25,0.187,-0.4,Built-up,0.201,36.74,43.7,2.32,High,31,5730.0,0.573,143.0,0.447,1940.0,0.194,2026-05-31,"POLYGON ((73.865441 18.503587, 73.866388 18.503593, 73.866382 18.504497, 73.865435 18.504491, 73.865441 18.503587))"
PUNE_GRID_100M_2694,18.504946,73.865905,39.15,0.219,0.257,-0.4,Built-up,0.194,37.05,42.1,2.72,High,19,5770.0,0.577,131.8,0.412,1840.0,0.184,2026-05-31,"POLYGON ((73.865435 18.504491, 73.866382 18.504497, 73.866376 18.5054, 73.865429 18.505395, 73.865435 18.504491))"
PUNE_GRID_100M_2695,18.505849,73.865899,39.67,0.234,0.239,-0.4,Built-up,0.201,37.42,42.0,2.49,High,26,6100.0,0.61,132.8,0.415,1610.0,0.161,2026-05-31,"POLYGON ((73.865429 18.505395, 73.866376 18.5054, 73.86637 18.506304, 73.865423 18.506298, 73.865429 18.505395))"
PUNE_GRID_100M_2696,18.506753,73.865893,40.68,0.1,0.307,-0.4,Built-up,0.183,38.07,42.2,2.57,High,22,6740.0,0.674,172.5,0.539,840.0,0.084,2026-05-31,"POLYGON ((73.865423 18.506298, 73.86637 18.506304, 73.866364 18.507208, 73.865417 18.507202, 73.865423 18.506298))"
PUNE_GRID_100M_2697,18.507657,73.865887,40.54,0.164,0.336,-0.4,Built-up,0.18,37.73,43.0,2.41,High,25,6660.0,0.666,158.4,0.495,1030.0,0.103,2026-05-31,"POLYGON ((73.865417 18.507202, 73.866364 18.507208, 73.866358 18.508111, 73.865411 18.508106, 73.865417 18.507202))"
PUNE_GRID_100M_2698,18.50856,73.865881,38.75,0.313,0.173,-0.4,Built-up,0.186,36.32,45.4,2.57,High,18,5550.0,0.555,127.0,0.397,2230.0,0.223,2026-05-31,"POLYGON ((73.865411 18.508106, 73.866358 18.508111, 73.866352 18.509015, 73.865405 18.509009, 73.865411 18.508106))"
PUNE_GRID_100M_2699,18.509464,73.865875,40.43,0.154,0.266,-0.4,Built-up,0.202,37.95,42.8,2.51,High,21,6600.0,0.66,159.0,0.497,1350.0,0.135,2026-05-31,"POLYGON ((73.865405 18.509009, 73.866352 18.509015, 73.866346 18.509919, 73.865399 18.509913, 73.865405 18.509009))"
PUNE_GRID_100M_2700,18.510368,73.86587,41.12,0.137,0.292,-0.4,Built-up,0.19,37.77,44.1,2.21,Extreme,38,7030.0,0.703,202.6,0.633,460.0,0.046,2026-05-31,"POLYGON ((73.865399 18.509913, 73.866346 18.509919, 73.86634 18.510822, 73.865393 18.510817, 73.865399 18.509913))"
PUNE_GRID_100M_2701,18.511271,73.865864,40.48,0.165,0.213,-0.4,Built-up,0.217,37.76,45.0,2.2,High,34,6640.0,0.664,174.1,0.544,890.0,0.089,2026-05-31,"POLYGON ((73.865393 18.510817, 73.86634 18.510822, 73.866334 18.511726, 73.865387 18.51172, 73.865393 18.510817))"
PUNE_GRID_100M_2702,18.512175,73.865858,41.16,0.111,0.293,-0.4,Built-up,0.187,37.55,43.3,2.36,Extreme,32,7070.0,0.707,184.6,0.577,220.0,0.022,2026-05-31,"POLYGON ((73.865387 18.51172, 73.866334 18.511726, 73.866328 18.512629, 73.865381 18.512624, 73.865387 18.51172))"
PUNE_GRID_100M_2703,18.513078,73.865852,42.0,0.042,0.366,-0.4,Built-up,0.148,38.5,43.2,2.48,Extreme,27,7600.0,0.76,187.8,0.587,200.0,0.02,2026-05-31,"POLYGON ((73.865381 18.512624, 73.866328 18.512629, 73.866322 18.513533, 73.865375 18.513527, 73.865381 18.512624))"
PUNE_GRID_100M_2704,18.513982,73.865846,41.31,0.145,0.325,-0.4,Built-up,0.176,38.15,40.5,2.71,Extreme,23,7170.0,0.717,174.1,0.544,320.0,0.032,2026-05-31,"POLYGON ((73.865375 18.513527, 73.866322 18.513533, 73.866316 18.514437, 73.865369 18.514431, 73.865375 18.513527))"
PUNE_GRID_100M_2705,18.514886,73.86584,40.78,0.178,0.304,-0.4,Built-up,0.182,38.38,40.7,2.38,High,27,6840.0,0.684,133.4,0.417,1330.0,0.133,2026-05-31,"POLYGON ((73.865369 18.514431, 73.866316 18.514437, 73.86631 18.51534, 73.865363 18.515335, 73.865369 18.514431))"
PUNE_GRID_100M_2706,18.515789,73.865834,41.49,0.146,0.306,-0.4,Built-up,0.196,38.75,42.6,2.51,Extreme,27,7290.0,0.729,166.4,0.52,510.0,0.051,2026-05-31,"POLYGON ((73.865363 18.515335, 73.86631 18.51534, 73.866304 18.516244, 73.865357 18.516238, 73.865363 18.515335))"
PUNE_GRID_100M_2707,18.516693,73.865828,40.84,0.165,0.268,-0.4,Built-up,0.161,37.92,40.3,1.97,High,33,6890.0,0.689,159.4,0.498,210.0,0.021,2026-05-31,"POLYGON ((73.865357 18.516238, 73.866304 18.516244, 73.866298 18.517148, 73.865351 18.517142, 73.865357 18.516238))"
PUNE_GRID_100M_2708,18.517597,73.865822,40.8,0.174,0.324,-0.4,Built-up,0.182,38.28,41.9,2.69,High,23,6870.0,0.687,140.8,0.44,380.0,0.038,2026-05-31,"POLYGON ((73.865351 18.517142, 73.866298 18.517148, 73.866293 18.518051, 73.865345 18.518046, 73.865351 18.517142))"
PUNE_GRID_100M_2709,18.5185,73.865816,40.54,0.222,0.259,-0.4,Built-up,0.201,38.14,43.7,2.4,High,21,6710.0,0.671,146.2,0.457,640.0,0.064,2026-05-31,"POLYGON ((73.865345 18.518046, 73.866293 18.518051, 73.866287 18.518955, 73.865339 18.518949, 73.865345 18.518046))"
PUNE_GRID_100M_2710,18.519404,73.86581,42.1,0.119,0.353,-0.4,Built-up,0.167,38.92,43.4,2.27,Extreme,35,7680.0,0.768,159.0,0.497,220.0,0.022,2026-05-31,"POLYGON ((73.865339 18.518949, 73.866287 18.518955, 73.866281 18.519859, 73.865333 18.519853, 73.865339 18.518949))"
PUNE_GRID_100M_2711,18.520308,73.865804,40.21,0.17,0.264,-0.4,Built-up,0.194,37.23,42.5,2.24,High,26,6500.0,0.65,155.5,0.486,410.0,0.041,2026-05-31,"POLYGON ((73.865333 18.519853, 73.866281 18.519859, 73.866275 18.520762, 73.865327 18.520757, 73.865333 18.519853))"
PUNE_GRID_100M_2712,18.521211,73.865798,42.08,0.116,0.387,-0.4,Built-up,0.161,38.89,40.4,2.05,Extreme,39,7670.0,0.767,194.6,0.608,200.0,0.02,2026-05-31,"POLYGON ((73.865327 18.520757, 73.866275 18.520762, 73.866269 18.521666, 73.865321 18.52166, 73.865327 18.520757))"
PUNE_GRID_100M_2713,18.522115,73.865792,41.23,0.18,0.334,-0.4,Built-up,0.169,38.33,42.5,2.11,Extreme,27,7140.0,0.714,185.6,0.58,270.0,0.027,2026-05-31,"POLYGON ((73.865321 18.52166, 73.866269 18.521666, 73.866263 18.522569, 73.865315 18.522564, 73.865321 18.52166))"
PUNE_GRID_100M_2714,18.523018,73.865786,39.68,0.268,0.197,-0.4,Built-up,0.198,36.91,41.6,2.67,High,24,6170.0,0.617,153.3,0.479,1860.0,0.186,2026-05-31,"POLYGON ((73.865315 18.522564, 73.866263 18.522569, 73.866257 18.523473, 73.86531 18.523467, 73.865315 18.522564))"
PUNE_GRID_100M_2715,18.523922,73.86578,41.04,0.138,0.261,-0.4,Built-up,0.182,38.34,41.9,2.09,Extreme,35,7020.0,0.702,156.2,0.488,590.0,0.059,2026-05-31,"POLYGON ((73.86531 18.523467, 73.866257 18.523473, 73.866251 18.524377, 73.865304 18.524371, 73.86531 18.523467))"
PUNE_GRID_100M_2716,18.524826,73.865774,39.0,0.239,0.222,-0.383,Built-up,0.21,36.88,43.8,2.1,High,23,5740.0,0.574,113.0,0.353,1660.0,0.166,2026-05-31,"POLYGON ((73.865304 18.524371, 73.866251 18.524377, 73.866245 18.52528, 73.865298 18.525275, 73.865304 18.524371))"
PUNE_GRID_100M_2717,18.525729,73.865768,41.11,0.175,0.298,-0.389,Built-up,0.175,38.41,42.1,2.18,Extreme,31,7050.0,0.705,146.6,0.458,200.0,0.02,2026-05-31,"POLYGON ((73.865298 18.525275, 73.866245 18.52528, 73.866239 18.526184, 73.865292 18.526178, 73.865298 18.525275))"
PUNE_GRID_100M_2718,18.526633,73.865762,41.23,0.117,0.292,-0.4,Built-up,0.174,38.44,42.1,2.09,Extreme,28,7120.0,0.712,154.6,0.483,200.0,0.02,2026-05-31,"POLYGON ((73.865292 18.526178, 73.866239 18.526184, 73.866233 18.527088, 73.865286 18.527082, 73.865292 18.526178))"
PUNE_GRID_100M_2719,18.527537,73.865756,39.95,0.203,0.278,-0.4,Built-up,0.216,37.68,41.8,2.35,High,24,6320.0,0.632,140.2,0.438,1150.0,0.115,2026-05-31,"POLYGON ((73.865286 18.527082, 73.866233 18.527088, 73.866227 18.527991, 73.86528 18.527986, 73.865286 18.527082))"
PUNE_GRID_100M_2720,18.52844,73.86575,40.42,0.127,0.275,-0.385,Built-up,0.205,37.74,41.6,2.58,High,36,6610.0,0.661,156.5,0.489,850.0,0.085,2026-05-31,"POLYGON ((73.86528 18.527986, 73.866227 18.527991, 73.866221 18.528895, 73.865274 18.528889, 73.86528 18.527986))"
PUNE_GRID_100M_2721,18.529344,73.865744,41.77,0.067,0.331,-0.4,Built-up,0.152,38.8,40.5,2.26,Extreme,25,7450.0,0.745,165.8,0.518,200.0,0.02,2026-05-31,"POLYGON ((73.865274 18.528889, 73.866221 18.528895, 73.866215 18.529799, 73.865268 18.529793, 73.865274 18.528889))"
PUNE_GRID_100M_2722,18.530248,73.865738,39.69,0.226,0.259,-0.4,Built-up,0.182,37.16,40.8,2.13,High,21,6140.0,0.614,151.7,0.474,2030.0,0.203,2026-05-31,"POLYGON ((73.865268 18.529793, 73.866215 18.529799, 73.866209 18.530702, 73.865262 18.530697, 73.865268 18.529793))"
PUNE_GRID_100M_2723,18.531151,73.865732,39.13,0.215,0.2,-0.364,Built-up,0.208,36.72,44.2,2.48,High,25,5790.0,0.579,136.0,0.425,1400.0,0.14,2026-05-31,"POLYGON ((73.865262 18.530697, 73.866209 18.530702, 73.866203 18.531606, 73.865256 18.5316, 73.865262 18.530697))"
PUNE_GRID_100M_2724,18.532055,73.865727,41.03,0.172,0.343,-0.4,Built-up,0.183,38.62,43.5,2.43,Extreme,37,6970.0,0.697,167.4,0.523,1000.0,0.1,2026-05-31,"POLYGON ((73.865256 18.5316, 73.866203 18.531606, 73.866197 18.532509, 73.86525 18.532504, 73.865256 18.5316))"
PUNE_GRID_100M_2725,18.532958,73.865721,41.29,0.154,0.284,-0.4,Built-up,0.167,37.79,43.2,2.66,Extreme,24,7130.0,0.713,185.6,0.58,600.0,0.06,2026-05-31,"POLYGON ((73.86525 18.532504, 73.866197 18.532509, 73.866191 18.533413, 73.865244 18.533407, 73.86525 18.532504))"
PUNE_GRID_100M_2726,18.533862,73.865715,39.59,0.175,0.251,-0.4,Built-up,0.212,37.48,42.9,2.4,High,19,6060.0,0.606,130.2,0.407,2080.0,0.208,2026-05-31,"POLYGON ((73.865244 18.533407, 73.866191 18.533413, 73.866185 18.534317, 73.865238 18.534311, 73.865244 18.533407))"
PUNE_GRID_100M_2727,18.534766,73.865709,40.26,0.189,0.305,-0.386,Built-up,0.197,37.5,41.6,2.46,High,30,6470.0,0.647,160.6,0.502,750.0,0.075,2026-05-31,"POLYGON ((73.865238 18.534311, 73.866185 18.534317, 73.866179 18.53522, 73.865232 18.535215, 73.865238 18.534311))"
PUNE_GRID_100M_2728,18.535669,73.865703,40.38,0.137,0.226,-0.4,Built-up,0.207,37.54,43.8,2.5,High,29,6540.0,0.654,156.8,0.49,1130.0,0.113,2026-05-31,"POLYGON ((73.865232 18.535215, 73.866179 18.53522, 73.866173 18.536124, 73.865226 18.536118, 73.865232 18.535215))"
PUNE_GRID_100M_2729,18.536573,73.865697,38.57,0.306,0.175,-0.4,Built-up,0.229,36.58,45.1,2.57,High,26,5410.0,0.541,125.4,0.392,1900.0,0.19,2026-05-31,"POLYGON ((73.865226 18.536118, 73.866173 18.536124, 73.866167 18.537028, 73.86522 18.537022, 73.865226 18.536118))"
PUNE_GRID_100M_2730,18.537477,73.865691,38.64,0.193,0.223,-0.4,Built-up,0.207,36.1,44.4,2.5,High,20,5440.0,0.544,141.8,0.443,2600.0,0.26,2026-05-31,"POLYGON ((73.86522 18.537022, 73.866167 18.537028, 73.866161 18.537931, 73.865214 18.537926, 73.86522 18.537022))"
PUNE_GRID_100M_2731,18.53838,73.865685,39.87,0.197,0.279,-0.4,Built-up,0.197,37.16,45.7,2.49,High,30,6200.0,0.62,160.0,0.5,1270.0,0.127,2026-05-31,"POLYGON ((73.865214 18.537926, 73.866161 18.537931, 73.866155 18.538835, 73.865208 18.538829, 73.865214 18.537926))"
PUNE_GRID_100M_2732,18.539284,73.865679,40.08,0.156,0.248,-0.4,Built-up,0.219,37.3,42.9,2.26,High,27,6330.0,0.633,139.8,0.437,1200.0,0.12,2026-05-31,"POLYGON ((73.865208 18.538829, 73.866155 18.538835, 73.86615 18.539739, 73.865202 18.539733, 73.865208 18.538829))"
PUNE_GRID_100M_2733,18.540188,73.865673,39.04,0.256,0.185,-0.4,Built-up,0.223,36.76,43.4,2.54,High,20,5670.0,0.567,133.8,0.418,1590.0,0.159,2026-05-31,"POLYGON ((73.865202 18.539733, 73.86615 18.539739, 73.866144 18.540642, 73.865196 18.540637, 73.865202 18.539733))"
PUNE_GRID_100M_2734,18.541091,73.865667,37.74,0.266,0.177,-0.4,Built-up,0.196,35.68,44.2,2.82,High,18,4850.0,0.485,120.0,0.375,2030.0,0.203,2026-05-31,"POLYGON ((73.865196 18.540637, 73.866144 18.540642, 73.866138 18.541546, 73.86519 18.54154, 73.865196 18.540637))"
PUNE_GRID_100M_2735,18.541995,73.865661,39.88,0.183,0.28,-0.4,Built-up,0.199,37.9,40.8,2.87,High,26,6190.0,0.619,145.0,0.453,1040.0,0.104,2026-05-31,"POLYGON ((73.86519 18.54154, 73.866138 18.541546, 73.866132 18.542449, 73.865184 18.542444, 73.86519 18.54154))"
PUNE_GRID_100M_2736,18.542898,73.865655,37.72,0.314,0.112,-0.384,Built-up,0.21,36.44,45.8,2.63,High,20,4830.0,0.483,123.5,0.386,3460.0,0.346,2026-05-31,"POLYGON ((73.865184 18.542444, 73.866132 18.542449, 73.866126 18.543353, 73.865178 18.543347, 73.865184 18.542444))"
PUNE_GRID_100M_2737,18.543802,73.865649,37.72,0.281,0.111,-0.341,Built-up,0.228,35.3,44.7,3.01,High,18,4830.0,0.483,119.4,0.373,2890.0,0.289,2026-05-31,"POLYGON ((73.865178 18.543347, 73.866126 18.543353, 73.86612 18.544257, 73.865172 18.544251, 73.865178 18.543347))"
PUNE_GRID_100M_2738,18.544706,73.865643,38.11,0.287,0.172,-0.375,Built-up,0.216,36.34,45.3,2.77,High,27,5060.0,0.506,145.0,0.453,2510.0,0.251,2026-05-31,"POLYGON ((73.865172 18.544251, 73.86612 18.544257, 73.866114 18.54516, 73.865166 18.545155, 73.865172 18.544251))"
PUNE_GRID_100M_2739,18.545609,73.865637,38.93,0.198,0.221,-0.4,Built-up,0.179,37.01,46.6,2.53,High,29,5570.0,0.557,114.2,0.357,2620.0,0.262,2026-05-31,"POLYGON ((73.865166 18.545155, 73.866114 18.54516, 73.866108 18.546064, 73.86516 18.546058, 73.865166 18.545155))"
PUNE_GRID_100M_2740,18.546513,73.865631,38.22,0.206,0.161,-0.4,Built-up,0.209,36.42,43.8,2.5,High,16,5120.0,0.512,121.3,0.379,3470.0,0.347,2026-05-31,"POLYGON ((73.86516 18.546058, 73.866108 18.546064, 73.866102 18.546968, 73.865154 18.546962, 73.86516 18.546058))"
PUNE_GRID_100M_2741,18.547417,73.865625,37.71,0.284,0.167,-0.4,Built-up,0.214,35.7,41.3,3.1,High,25,4790.0,0.479,103.4,0.323,3770.0,0.377,2026-05-31,"POLYGON ((73.865154 18.546962, 73.866102 18.546968, 73.866096 18.547871, 73.865148 18.547866, 73.865154 18.546962))"
PUNE_GRID_100M_2742,18.54832,73.865619,37.59,0.272,0.12,-0.32,Built-up,0.212,35.74,45.6,2.8,High,16,4710.0,0.471,120.6,0.377,2770.0,0.277,2026-05-31,"POLYGON ((73.865148 18.547866, 73.866096 18.547871, 73.86609 18.548775, 73.865142 18.548769, 73.865148 18.547866))"
PUNE_GRID_100M_2743,18.549224,73.865613,37.1,0.327,0.056,-0.34,Built-up,0.235,35.25,45.6,2.66,Medium,14,4400.0,0.44,84.8,0.265,3030.0,0.303,2026-05-31,"POLYGON ((73.865142 18.548769, 73.86609 18.548775, 73.866084 18.549679, 73.865137 18.549673, 73.865142 18.548769))"
PUNE_GRID_100M_2744,18.550128,73.865607,37.36,0.289,0.118,-0.362,Built-up,0.231,35.53,44.0,2.48,Medium,20,4560.0,0.456,113.9,0.356,4320.0,0.432,2026-05-31,"POLYGON ((73.865137 18.549673, 73.866084 18.549679, 73.866078 18.550582, 73.865131 18.550576, 73.865137 18.549673))"
PUNE_GRID_100M_2745,18.500433,73.866882,36.44,0.333,0.092,-0.342,Built-up,0.223,34.65,46.4,2.59,Medium,17,4050.0,0.405,89.3,0.279,5020.0,0.502,2026-05-31,"POLYGON ((73.866412 18.499979, 73.867359 18.499984, 73.867353 18.500888, 73.866406 18.500882, 73.866412 18.499979))"
PUNE_GRID_100M_2746,18.501337,73.866876,38.37,0.192,0.168,-0.396,Built-up,0.213,36.32,45.5,2.73,High,20,5260.0,0.526,116.8,0.365,2720.0,0.272,2026-05-31,"POLYGON ((73.866406 18.500882, 73.867353 18.500888, 73.867347 18.501791, 73.8664 18.501786, 73.866406 18.500882))"
PUNE_GRID_100M_2747,18.50224,73.86687,38.95,0.312,0.168,-0.4,Built-up,0.231,36.31,42.4,2.48,High,18,5620.0,0.562,116.5,0.364,1780.0,0.178,2026-05-31,"POLYGON ((73.8664 18.501786, 73.867347 18.501791, 73.867341 18.502695, 73.866394 18.502689, 73.8664 18.501786))"
PUNE_GRID_100M_2748,18.503144,73.866864,37.97,0.264,0.104,-0.358,Built-up,0.228,36.02,44.2,2.39,High,16,5020.0,0.502,114.6,0.358,3290.0,0.329,2026-05-31,"POLYGON ((73.866394 18.502689, 73.867341 18.502695, 73.867335 18.503599, 73.866388 18.503593, 73.866394 18.502689))"
PUNE_GRID_100M_2749,18.504048,73.866858,39.34,0.251,0.205,-0.4,Built-up,0.206,36.66,45.7,2.47,High,20,5880.0,0.588,154.9,0.484,1620.0,0.162,2026-05-31,"POLYGON ((73.866388 18.503593, 73.867335 18.503599, 73.867329 18.504502, 73.866382 18.504497, 73.866388 18.503593))"
PUNE_GRID_100M_2750,18.504951,73.866852,39.01,0.201,0.232,-0.4,Built-up,0.184,36.87,42.7,2.8,High,29,5680.0,0.568,136.0,0.425,2000.0,0.2,2026-05-31,"POLYGON ((73.866382 18.504497, 73.867329 18.504502, 73.867323 18.505406, 73.866376 18.5054, 73.866382 18.504497))"
PUNE_GRID_100M_2751,18.505855,73.866846,40.71,0.187,0.32,-0.4,Built-up,0.192,37.79,42.5,2.25,High,24,6750.0,0.675,169.9,0.531,1010.0,0.101,2026-05-31,"POLYGON ((73.866376 18.5054, 73.867323 18.505406, 73.867317 18.50631, 73.86637 18.506304, 73.866376 18.5054))"
PUNE_GRID_100M_2752,18.506759,73.86684,40.7,0.123,0.317,-0.4,Built-up,0.188,38.08,38.5,2.38,High,28,6750.0,0.675,183.4,0.573,660.0,0.066,2026-05-31,"POLYGON ((73.86637 18.506304, 73.867317 18.50631, 73.867311 18.507213, 73.866364 18.507208, 73.86637 18.506304))"
PUNE_GRID_100M_2753,18.507662,73.866835,39.2,0.246,0.19,-0.4,Built-up,0.225,37.26,41.4,2.73,High,23,5810.0,0.581,142.7,0.446,1380.0,0.138,2026-05-31,"POLYGON ((73.866364 18.507208, 73.867311 18.507213, 73.867305 18.508117, 73.866358 18.508111, 73.866364 18.507208))"
PUNE_GRID_100M_2754,18.508566,73.866829,39.58,0.2,0.196,-0.387,Built-up,0.205,37.68,43.6,2.57,High,32,6060.0,0.606,138.2,0.432,1510.0,0.151,2026-05-31,"POLYGON ((73.866358 18.508111, 73.867305 18.508117, 73.867299 18.509021, 73.866352 18.509015, 73.866358 18.508111))"
PUNE_GRID_100M_2755,18.50947,73.866823,39.76,0.21,0.254,-0.368,Built-up,0.167,36.57,45.0,2.48,High,29,6180.0,0.618,154.2,0.482,1640.0,0.164,2026-05-31,"POLYGON ((73.866352 18.509015, 73.867299 18.509021, 73.867293 18.509924, 73.866346 18.509919, 73.866352 18.509015))"
PUNE_GRID_100M_2756,18.510373,73.866817,39.57,0.243,0.25,-0.4,Built-up,0.169,36.95,41.3,2.3,High,20,6060.0,0.606,138.6,0.433,1850.0,0.185,2026-05-31,"POLYGON ((73.866346 18.509919, 73.867293 18.509924, 73.867287 18.510828, 73.86634 18.510822, 73.866346 18.509919))"
PUNE_GRID_100M_2757,18.511277,73.866811,40.2,0.144,0.271,-0.4,Built-up,0.202,37.55,43.0,2.41,High,26,6460.0,0.646,148.5,0.464,1250.0,0.125,2026-05-31,"POLYGON ((73.86634 18.510822, 73.867287 18.510828, 73.867281 18.511732, 73.866334 18.511726, 73.86634 18.510822))"
PUNE_GRID_100M_2758,18.51218,73.866805,39.55,0.188,0.169,-0.4,Built-up,0.201,37.32,42.8,2.28,High,27,6060.0,0.606,126.1,0.394,2130.0,0.213,2026-05-31,"POLYGON ((73.866334 18.511726, 73.867281 18.511732, 73.867275 18.512635, 73.866328 18.512629, 73.866334 18.511726))"
PUNE_GRID_100M_2759,18.513084,73.866799,39.35,0.241,0.195,-0.4,Built-up,0.211,36.55,44.9,2.2,High,25,5940.0,0.594,154.6,0.483,1470.0,0.147,2026-05-31,"POLYGON ((73.866328 18.512629, 73.867275 18.512635, 73.867269 18.513539, 73.866322 18.513533, 73.866328 18.512629))"
PUNE_GRID_100M_2760,18.513988,73.866793,40.85,0.254,0.287,-0.4,Built-up,0.19,37.8,40.5,2.14,High,22,6880.0,0.688,160.3,0.501,690.0,0.069,2026-05-31,"POLYGON ((73.866322 18.513533, 73.867269 18.513539, 73.867264 18.514442, 73.866316 18.514437, 73.866322 18.513533))"
PUNE_GRID_100M_2761,18.514891,73.866787,40.93,0.162,0.306,-0.4,Built-up,0.182,38.19,42.9,2.5,High,24,6940.0,0.694,169.0,0.528,200.0,0.02,2026-05-31,"POLYGON ((73.866316 18.514437, 73.867264 18.514442, 73.867258 18.515346, 73.86631 18.51534, 73.866316 18.514437))"
PUNE_GRID_100M_2762,18.515795,73.866781,39.86,0.229,0.267,-0.4,Built-up,0.19,37.43,42.1,2.32,High,28,6270.0,0.627,137.3,0.429,1260.0,0.126,2026-05-31,"POLYGON ((73.86631 18.51534, 73.867258 18.515346, 73.867252 18.51625, 73.866304 18.516244, 73.86631 18.51534))"
PUNE_GRID_100M_2763,18.516699,73.866775,41.28,0.151,0.312,-0.4,Built-up,0.171,38.51,42.3,2.38,Extreme,36,7160.0,0.716,177.3,0.554,480.0,0.048,2026-05-31,"POLYGON ((73.866304 18.516244, 73.867252 18.51625, 73.867246 18.517153, 73.866298 18.517148, 73.866304 18.516244))"
PUNE_GRID_100M_2764,18.517602,73.866769,40.11,0.274,0.265,-0.4,Built-up,0.192,37.71,43.0,2.34,High,29,6430.0,0.643,144.6,0.452,1060.0,0.106,2026-05-31,"POLYGON ((73.866298 18.517148, 73.867246 18.517153, 73.86724 18.518057, 73.866293 18.518051, 73.866298 18.517148))"
PUNE_GRID_100M_2765,18.518506,73.866763,40.86,0.1,0.291,-0.4,Built-up,0.179,38.2,41.9,2.4,High,22,6900.0,0.69,163.8,0.512,380.0,0.038,2026-05-31,"POLYGON ((73.866293 18.518051, 73.86724 18.518057, 73.867234 18.518961, 73.866287 18.518955, 73.866293 18.518051))"
PUNE_GRID_100M_2766,18.51941,73.866757,41.34,0.157,0.331,-0.4,Built-up,0.175,38.5,42.6,2.25,Extreme,27,7200.0,0.72,184.0,0.575,200.0,0.02,2026-05-31,"POLYGON ((73.866287 18.518955, 73.867234 18.518961, 73.867228 18.519864, 73.866281 18.519859, 73.866287 18.518955))"
PUNE_GRID_100M_2767,18.520313,73.866751,40.66,0.112,0.289,-0.372,Built-up,0.183,37.98,42.5,2.21,High,26,6780.0,0.678,172.8,0.54,1000.0,0.1,2026-05-31,"POLYGON ((73.866281 18.519859, 73.867228 18.519864, 73.867222 18.520768, 73.866275 18.520762, 73.866281 18.519859))"
PUNE_GRID_100M_2768,18.521217,73.866745,41.05,0.063,0.299,-0.4,Built-up,0.183,38.43,42.0,2.14,Extreme,26,7020.0,0.702,168.3,0.526,620.0,0.062,2026-05-31,"POLYGON ((73.866275 18.520762, 73.867222 18.520768, 73.867216 18.521672, 73.866269 18.521666, 73.866275 18.520762))"
PUNE_GRID_100M_2769,18.522121,73.866739,40.25,0.203,0.253,-0.4,Built-up,0.208,37.0,42.3,2.02,High,28,6520.0,0.652,133.8,0.418,1560.0,0.156,2026-05-31,"POLYGON ((73.866269 18.521666, 73.867216 18.521672, 73.86721 18.522575, 73.866263 18.522569, 73.866269 18.521666))"
PUNE_GRID_100M_2770,18.523024,73.866733,40.48,0.189,0.274,-0.4,Built-up,0.189,38.3,42.7,2.09,High,22,6660.0,0.666,198.1,0.619,200.0,0.02,2026-05-31,"POLYGON ((73.866263 18.522569, 73.86721 18.522575, 73.867204 18.523479, 73.866257 18.523473, 73.866263 18.522569))"
PUNE_GRID_100M_2771,18.523928,73.866727,40.42,0.174,0.283,-0.4,Built-up,0.204,37.13,43.0,2.25,High,26,6620.0,0.662,181.1,0.566,620.0,0.062,2026-05-31,"POLYGON ((73.866257 18.523473, 73.867204 18.523479, 73.867198 18.524382, 73.866251 18.524377, 73.866257 18.523473))"
PUNE_GRID_100M_2772,18.524831,73.866721,39.93,0.198,0.255,-0.4,Built-up,0.217,37.13,41.6,2.01,High,32,6310.0,0.631,160.6,0.502,1070.0,0.107,2026-05-31,"POLYGON ((73.866251 18.524377, 73.867198 18.524382, 73.867192 18.525286, 73.866245 18.52528, 73.866251 18.524377))"
PUNE_GRID_100M_2773,18.525735,73.866716,40.32,0.313,0.276,-0.4,Built-up,0.203,37.66,42.2,2.06,High,33,6550.0,0.655,147.5,0.461,950.0,0.095,2026-05-31,"POLYGON ((73.866245 18.52528, 73.867192 18.525286, 73.867186 18.52619, 73.866239 18.526184, 73.866245 18.52528))"
PUNE_GRID_100M_2774,18.526639,73.86671,39.14,0.22,0.252,-0.4,Built-up,0.203,37.1,42.1,2.56,High,22,5810.0,0.581,137.9,0.431,1650.0,0.165,2026-05-31,"POLYGON ((73.866239 18.526184, 73.867186 18.52619, 73.86718 18.527093, 73.866233 18.527088, 73.866239 18.526184))"
PUNE_GRID_100M_2775,18.527542,73.866704,39.89,0.224,0.253,-0.4,Built-up,0.199,36.52,43.0,2.41,High,20,6280.0,0.628,143.7,0.449,1230.0,0.123,2026-05-31,"POLYGON ((73.866233 18.527088, 73.86718 18.527093, 73.867174 18.527997, 73.866227 18.527991, 73.866233 18.527088))"
PUNE_GRID_100M_2776,18.528446,73.866698,39.96,0.175,0.229,-0.4,Built-up,0.212,37.46,42.1,2.29,High,28,6320.0,0.632,168.0,0.525,1440.0,0.144,2026-05-31,"POLYGON ((73.866227 18.527991, 73.867174 18.527997, 73.867168 18.528901, 73.866221 18.528895, 73.866227 18.527991))"
PUNE_GRID_100M_2777,18.52935,73.866692,39.88,0.216,0.271,-0.4,Built-up,0.193,37.65,44.3,2.86,High,20,6260.0,0.626,153.6,0.48,530.0,0.053,2026-05-31,"POLYGON ((73.866221 18.528895, 73.867168 18.528901, 73.867162 18.529804, 73.866215 18.529799, 73.866221 18.528895))"
PUNE_GRID_100M_2778,18.530253,73.866686,39.78,0.198,0.199,-0.4,Built-up,0.219,37.64,44.2,2.09,High,21,6200.0,0.62,138.9,0.434,2210.0,0.221,2026-05-31,"POLYGON ((73.866215 18.529799, 73.867162 18.529804, 73.867156 18.530708, 73.866209 18.530702, 73.866215 18.529799))"
PUNE_GRID_100M_2779,18.531157,73.86668,39.81,0.19,0.209,-0.4,Built-up,0.212,37.16,41.8,2.64,High,28,6210.0,0.621,143.0,0.447,1640.0,0.164,2026-05-31,"POLYGON ((73.866209 18.530702, 73.867156 18.530708, 73.86715 18.531612, 73.866203 18.531606, 73.866209 18.530702))"
PUNE_GRID_100M_2780,18.532061,73.866674,40.12,0.269,0.265,-0.4,Built-up,0.187,37.49,42.9,2.44,High,34,6400.0,0.64,168.0,0.525,1010.0,0.101,2026-05-31,"POLYGON ((73.866203 18.531606, 73.86715 18.531612, 73.867145 18.532515, 73.866197 18.532509, 73.866203 18.531606))"
PUNE_GRID_100M_2781,18.532964,73.866668,40.31,0.236,0.279,-0.4,Built-up,0.203,37.53,43.7,2.64,High,33,6510.0,0.651,176.6,0.552,1200.0,0.12,2026-05-31,"POLYGON ((73.866197 18.532509, 73.867145 18.532515, 73.867139 18.533419, 73.866191 18.533413, 73.866197 18.532509))"
PUNE_GRID_100M_2782,18.533868,73.866662,38.96,0.242,0.166,-0.395,Built-up,0.211,36.65,43.6,2.52,High,20,5660.0,0.566,155.5,0.486,1300.0,0.13,2026-05-31,"POLYGON ((73.866191 18.533413, 73.867139 18.533419, 73.867133 18.534322, 73.866185 18.534317, 73.866191 18.533413))"
PUNE_GRID_100M_2783,18.534771,73.866656,38.39,0.164,0.166,-0.4,Built-up,0.209,36.06,43.2,2.15,High,25,5300.0,0.53,137.0,0.428,2150.0,0.215,2026-05-31,"POLYGON ((73.866185 18.534317, 73.867133 18.534322, 73.867127 18.535226, 73.866179 18.53522, 73.866185 18.534317))"
PUNE_GRID_100M_2784,18.535675,73.86665,38.38,0.242,0.159,-0.4,Built-up,0.204,36.1,42.7,2.57,High,22,5290.0,0.529,123.8,0.387,2500.0,0.25,2026-05-31,"POLYGON ((73.866179 18.53522, 73.867127 18.535226, 73.867121 18.53613, 73.866173 18.536124, 73.866179 18.53522))"
PUNE_GRID_100M_2785,18.536579,73.866644,38.69,0.354,0.176,-0.4,Built-up,0.211,36.71,45.3,2.64,High,21,5480.0,0.548,89.9,0.281,3220.0,0.322,2026-05-31,"POLYGON ((73.866173 18.536124, 73.867121 18.53613, 73.867115 18.537033, 73.866167 18.537028, 73.866173 18.536124))"
PUNE_GRID_100M_2786,18.537482,73.866638,38.66,0.238,0.218,-0.386,Built-up,0.216,36.6,45.4,2.15,High,19,5450.0,0.545,134.7,0.421,2270.0,0.227,2026-05-31,"POLYGON ((73.866167 18.537028, 73.867115 18.537033, 73.867109 18.537937, 73.866161 18.537931, 73.866167 18.537028))"
PUNE_GRID_100M_2787,18.538386,73.866632,38.19,0.307,0.19,-0.4,Built-up,0.219,36.38,44.1,3.01,High,26,5150.0,0.515,123.5,0.386,2870.0,0.287,2026-05-31,"POLYGON ((73.866161 18.537931, 73.867109 18.537937, 73.867103 18.538841, 73.866155 18.538835, 73.866161 18.537931))"
PUNE_GRID_100M_2788,18.53929,73.866626,37.62,0.341,0.142,-0.4,Built-up,0.22,35.9,46.1,2.7,High,20,4790.0,0.479,116.8,0.365,2880.0,0.288,2026-05-31,"POLYGON ((73.866155 18.538835, 73.867103 18.538841, 73.867097 18.539744, 73.86615 18.539739, 73.866155 18.538835))"
PUNE_GRID_100M_2789,18.540193,73.86662,38.15,0.274,0.15,-0.389,Built-up,0.222,36.42,40.0,2.8,High,20,5120.0,0.512,123.5,0.386,2920.0,0.292,2026-05-31,"POLYGON ((73.86615 18.539739, 73.867097 18.539744, 73.867091 18.540648, 73.866144 18.540642, 73.86615 18.539739))"
PUNE_GRID_100M_2790,18.541097,73.866614,38.51,0.218,0.142,-0.4,Built-up,0.234,36.72,46.2,2.46,High,20,5340.0,0.534,111.0,0.347,3290.0,0.329,2026-05-31,"POLYGON ((73.866144 18.540642, 73.867091 18.540648, 73.867085 18.541552, 73.866138 18.541546, 73.866144 18.540642))"
PUNE_GRID_100M_2791,18.542,73.866608,38.7,0.148,0.234,-0.4,Built-up,0.196,36.07,43.8,2.85,High,18,5450.0,0.545,137.9,0.431,2660.0,0.266,2026-05-31,"POLYGON ((73.866138 18.541546, 73.867085 18.541552, 73.867079 18.542455, 73.866132 18.542449, 73.866138 18.541546))"
PUNE_GRID_100M_2792,18.542904,73.866602,37.63,0.31,0.161,-0.333,Built-up,0.194,35.58,45.1,2.96,High,23,4770.0,0.477,122.6,0.383,3050.0,0.305,2026-05-31,"POLYGON ((73.866132 18.542449, 73.867079 18.542455, 73.867073 18.543359, 73.866126 18.543353, 73.866132 18.542449))"
PUNE_GRID_100M_2793,18.543808,73.866596,37.6,0.251,0.121,-0.4,Built-up,0.238,35.75,44.4,2.81,High,16,4740.0,0.474,122.6,0.383,3380.0,0.338,2026-05-31,"POLYGON ((73.866126 18.543353, 73.867073 18.543359, 73.867067 18.544262, 73.86612 18.544257, 73.866126 18.543353))"
PUNE_GRID_100M_2794,18.544711,73.86659,37.03,0.311,0.138,-0.4,Built-up,0.207,35.41,47.5,2.79,Medium,15,4390.0,0.439,117.4,0.367,3740.0,0.374,2026-05-31,"POLYGON ((73.86612 18.544257, 73.867067 18.544262, 73.867061 18.545166, 73.866114 18.54516, 73.86612 18.544257))"
PUNE_GRID_100M_2795,18.545615,73.866584,37.6,0.234,0.14,-0.4,Built-up,0.204,35.62,43.3,2.63,High,18,4730.0,0.473,121.3,0.379,3340.0,0.334,2026-05-31,"POLYGON ((73.866114 18.54516, 73.867061 18.545166, 73.867055 18.54607, 73.866108 18.546064, 73.866114 18.54516))"
PUNE_GRID_100M_2796,18.546519,73.866579,36.79,0.302,0.097,-0.4,Built-up,0.196,35.53,47.8,2.79,Medium,15,4220.0,0.422,96.0,0.3,4320.0,0.432,2026-05-31,"POLYGON ((73.866108 18.546064, 73.867055 18.54607, 73.867049 18.546973, 73.866102 18.546968, 73.866108 18.546064))"
PUNE_GRID_100M_2797,18.547422,73.866573,37.78,0.279,0.163,-0.398,Built-up,0.219,36.54,45.4,2.76,High,20,4830.0,0.483,114.9,0.359,3530.0,0.353,2026-05-31,"POLYGON ((73.866102 18.546968, 73.867049 18.546973, 73.867043 18.547877, 73.866096 18.547871, 73.866102 18.546968))"
PUNE_GRID_100M_2798,18.548326,73.866567,35.74,0.36,0.036,-0.342,Built-up,0.209,34.57,47.3,3.0,Medium,17,3550.0,0.355,86.4,0.27,4590.0,0.459,2026-05-31,"POLYGON ((73.866096 18.547871, 73.867043 18.547877, 73.867037 18.548781, 73.86609 18.548775, 73.866096 18.547871))"
PUNE_GRID_100M_2799,18.54923,73.866561,36.73,0.27,0.093,-0.303,Built-up,0.212,35.24,45.1,2.74,Medium,15,4160.0,0.416,101.1,0.316,4150.0,0.415,2026-05-31,"POLYGON ((73.86609 18.548775, 73.867037 18.548781, 73.867031 18.549684, 73.866084 18.549679, 73.86609 18.548775))"
PUNE_GRID_100M_2800,18.550133,73.866555,37.1,0.349,0.123,-0.4,Built-up,0.227,35.72,43.4,3.05,Medium,17,4390.0,0.439,118.1,0.369,3350.0,0.335,2026-05-31,"POLYGON ((73.866084 18.549679, 73.867031 18.549684, 73.867025 18.550588, 73.866078 18.550582, 73.866084 18.549679))"
PUNE_GRID_100M_2801,18.500439,73.867829,38.53,0.228,0.169,-0.397,Built-up,0.22,35.91,45.6,2.52,High,19,5350.0,0.535,136.6,0.427,2000.0,0.2,2026-05-31,"POLYGON ((73.867359 18.499984, 73.868306 18.49999, 73.8683 18.500894, 73.867353 18.500888, 73.867359 18.499984))"
PUNE_GRID_100M_2802,18.501343,73.867823,40.68,0.109,0.301,-0.4,Built-up,0.176,37.98,42.9,2.61,High,29,6700.0,0.67,187.5,0.586,430.0,0.043,2026-05-31,"POLYGON ((73.867353 18.500888, 73.8683 18.500894, 73.868294 18.501797, 73.867347 18.501791, 73.867353 18.500888))"
PUNE_GRID_100M_2803,18.502246,73.867817,38.95,0.232,0.259,-0.4,Built-up,0.191,37.06,45.9,2.76,High,18,5620.0,0.562,163.2,0.51,1820.0,0.182,2026-05-31,"POLYGON ((73.867347 18.501791, 73.868294 18.501797, 73.868288 18.502701, 73.867341 18.502695, 73.867347 18.501791))"
PUNE_GRID_100M_2804,18.50315,73.867811,38.0,0.271,0.137,-0.4,Built-up,0.202,35.91,44.3,2.47,High,19,5040.0,0.504,121.9,0.381,2150.0,0.215,2026-05-31,"POLYGON ((73.867341 18.502695, 73.868288 18.502701, 73.868282 18.503604, 73.867335 18.503599, 73.867341 18.502695))"
PUNE_GRID_100M_2805,18.504053,73.867805,38.87,0.246,0.149,-0.4,Built-up,0.205,36.34,43.3,2.72,High,29,5580.0,0.558,84.8,0.265,2970.0,0.297,2026-05-31,"POLYGON ((73.867335 18.503599, 73.868282 18.503604, 73.868276 18.504508, 73.867329 18.504502, 73.867335 18.503599))"
PUNE_GRID_100M_2806,18.504957,73.8678,37.66,0.336,0.085,-0.399,Built-up,0.229,35.81,47.0,2.68,High,19,4830.0,0.483,131.8,0.412,1830.0,0.183,2026-05-31,"POLYGON ((73.867329 18.504502, 73.868276 18.504508, 73.86827 18.505412, 73.867323 18.505406, 73.867329 18.504502))"
PUNE_GRID_100M_2807,18.505861,73.867794,39.14,0.221,0.207,-0.4,Built-up,0.195,36.88,46.6,2.49,High,20,5770.0,0.577,131.5,0.411,3080.0,0.308,2026-05-31,"POLYGON ((73.867323 18.505406, 73.86827 18.505412, 73.868264 18.506315, 73.867317 18.50631, 73.867323 18.505406))"
PUNE_GRID_100M_2808,18.506764,73.867788,38.67,0.242,0.17,-0.4,Built-up,0.206,36.3,44.1,2.76,High,18,5470.0,0.547,121.0,0.378,3000.0,0.3,2026-05-31,"POLYGON ((73.867317 18.50631, 73.868264 18.506315, 73.868258 18.507219, 73.867311 18.507213, 73.867317 18.50631))"
PUNE_GRID_100M_2809,18.507668,73.867782,40.19,0.149,0.265,-0.4,Built-up,0.17,38.26,41.7,2.52,High,25,6430.0,0.643,149.1,0.466,1070.0,0.107,2026-05-31,"POLYGON ((73.867311 18.507213, 73.868258 18.507219, 73.868252 18.508123, 73.867305 18.508117, 73.867311 18.507213))"
PUNE_GRID_100M_2810,18.508572,73.867776,39.14,0.263,0.215,-0.4,Built-up,0.218,36.75,44.9,2.71,High,18,5780.0,0.578,133.1,0.416,1980.0,0.198,2026-05-31,"POLYGON ((73.867305 18.508117, 73.868252 18.508123, 73.868246 18.509026, 73.867299 18.509021, 73.867305 18.508117))"
PUNE_GRID_100M_2811,18.509475,73.86777,39.61,0.221,0.184,-0.4,Built-up,0.215,36.88,42.9,2.83,High,27,6080.0,0.608,153.6,0.48,1600.0,0.16,2026-05-31,"POLYGON ((73.867299 18.509021, 73.868246 18.509026, 73.86824 18.50993, 73.867293 18.509924, 73.867299 18.509021))"
PUNE_GRID_100M_2812,18.510379,73.867764,39.3,0.208,0.164,-0.4,Built-up,0.222,36.98,44.5,2.4,High,24,5890.0,0.589,121.3,0.379,1740.0,0.174,2026-05-31,"POLYGON ((73.867293 18.509924, 73.86824 18.50993, 73.868235 18.510834, 73.867287 18.510828, 73.867293 18.509924))"
PUNE_GRID_100M_2813,18.511283,73.867758,41.31,0.078,0.318,-0.4,Built-up,0.202,38.69,41.6,2.56,Extreme,23,7150.0,0.715,157.8,0.493,450.0,0.045,2026-05-31,"POLYGON ((73.867287 18.510828, 73.868235 18.510834, 73.868229 18.511737, 73.867281 18.511732, 73.867287 18.510828))"
PUNE_GRID_100M_2814,18.512186,73.867752,39.76,0.266,0.243,-0.4,Built-up,0.184,37.34,45.5,2.29,High,20,6190.0,0.619,153.0,0.478,1320.0,0.132,2026-05-31,"POLYGON ((73.867281 18.511732, 73.868229 18.511737, 73.868223 18.512641, 73.867275 18.512635, 73.867281 18.511732))"
PUNE_GRID_100M_2815,18.51309,73.867746,41.58,0.096,0.308,-0.4,Built-up,0.179,38.75,40.7,2.19,Extreme,26,7330.0,0.733,184.0,0.575,200.0,0.02,2026-05-31,"POLYGON ((73.867275 18.512635, 73.868223 18.512641, 73.868217 18.513544, 73.867269 18.513539, 73.867275 18.512635))"
PUNE_GRID_100M_2816,18.513993,73.86774,40.85,0.147,0.239,-0.4,Built-up,0.169,37.83,43.0,2.34,High,22,6880.0,0.688,173.4,0.542,570.0,0.057,2026-05-31,"POLYGON ((73.867269 18.513539, 73.868217 18.513544, 73.868211 18.514448, 73.867264 18.514442, 73.867269 18.513539))"
PUNE_GRID_100M_2817,18.514897,73.867734,40.67,0.191,0.294,-0.4,Built-up,0.234,38.42,41.7,2.1,High,35,6760.0,0.676,152.3,0.476,290.0,0.029,2026-05-31,"POLYGON ((73.867264 18.514442, 73.868211 18.514448, 73.868205 18.515352, 73.867258 18.515346, 73.867264 18.514442))"
PUNE_GRID_100M_2818,18.515801,73.867728,40.64,0.13,0.317,-0.4,Built-up,0.181,38.12,42.1,2.17,High,22,6750.0,0.675,149.4,0.467,860.0,0.086,2026-05-31,"POLYGON ((73.867258 18.515346, 73.868205 18.515352, 73.868199 18.516255, 73.867252 18.51625, 73.867258 18.515346))"
PUNE_GRID_100M_2819,18.516704,73.867722,40.72,0.115,0.291,-0.4,Built-up,0.203,38.32,41.8,2.47,High,30,6800.0,0.68,156.8,0.49,800.0,0.08,2026-05-31,"POLYGON ((73.867252 18.51625, 73.868199 18.516255, 73.868193 18.517159, 73.867246 18.517153, 73.867252 18.51625))"
PUNE_GRID_100M_2820,18.517608,73.867716,38.91,0.153,0.176,-0.319,Built-up,0.19,36.85,45.0,2.24,High,27,5670.0,0.567,139.2,0.435,2080.0,0.208,2026-05-31,"POLYGON ((73.867246 18.517153, 73.868193 18.517159, 73.868187 18.518063, 73.86724 18.518057, 73.867246 18.517153))"
PUNE_GRID_100M_2821,18.518512,73.86771,40.27,0.219,0.263,-0.4,Built-up,0.208,37.94,44.2,2.48,High,30,6520.0,0.652,175.4,0.548,750.0,0.075,2026-05-31,"POLYGON ((73.86724 18.518057, 73.868187 18.518063, 73.868181 18.518966, 73.867234 18.518961, 73.86724 18.518057))"
PUNE_GRID_100M_2822,18.519415,73.867704,41.19,0.137,0.263,-0.4,Built-up,0.221,38.07,42.9,2.39,Extreme,29,7100.0,0.71,144.3,0.451,1000.0,0.1,2026-05-31,"POLYGON ((73.867234 18.518961, 73.868181 18.518966, 73.868175 18.51987, 73.867228 18.519864, 73.867234 18.518961))"
PUNE_GRID_100M_2823,18.520319,73.867699,40.48,0.3,0.303,-0.4,Built-up,0.185,37.69,42.5,2.7,High,30,6660.0,0.666,157.1,0.491,730.0,0.073,2026-05-31,"POLYGON ((73.867228 18.519864, 73.868175 18.51987, 73.868169 18.520774, 73.867222 18.520768, 73.867228 18.519864))"
PUNE_GRID_100M_2824,18.521223,73.867693,39.39,0.182,0.225,-0.4,Built-up,0.184,37.48,43.7,2.44,High,26,5970.0,0.597,126.1,0.394,1940.0,0.194,2026-05-31,"POLYGON ((73.867222 18.520768, 73.868169 18.520774, 73.868163 18.521677, 73.867216 18.521672, 73.867222 18.520768))"
PUNE_GRID_100M_2825,18.522126,73.867687,40.46,0.147,0.218,-0.4,Built-up,0.199,38.29,44.0,2.56,High,33,6640.0,0.664,138.2,0.432,1580.0,0.158,2026-05-31,"POLYGON ((73.867216 18.521672, 73.868163 18.521677, 73.868157 18.522581, 73.86721 18.522575, 73.867216 18.521672))"
PUNE_GRID_100M_2826,18.52303,73.867681,41.83,0.113,0.323,-0.4,Built-up,0.148,38.44,42.9,2.42,Extreme,33,7500.0,0.75,192.3,0.601,200.0,0.02,2026-05-31,"POLYGON ((73.86721 18.522575, 73.868157 18.522581, 73.868151 18.523484, 73.867204 18.523479, 73.86721 18.522575))"
PUNE_GRID_100M_2827,18.523933,73.867675,41.42,0.16,0.328,-0.4,Built-up,0.18,38.57,37.8,2.41,Extreme,27,7240.0,0.724,180.8,0.565,200.0,0.02,2026-05-31,"POLYGON ((73.867204 18.523479, 73.868151 18.523484, 73.868145 18.524388, 73.867198 18.524382, 73.867204 18.523479))"
PUNE_GRID_100M_2828,18.524837,73.867669,40.32,0.17,0.254,-0.4,Built-up,0.207,37.59,42.3,2.59,High,27,6550.0,0.655,162.9,0.509,880.0,0.088,2026-05-31,"POLYGON ((73.867198 18.524382, 73.868145 18.524388, 73.868139 18.525292, 73.867192 18.525286, 73.867198 18.524382))"
PUNE_GRID_100M_2829,18.525741,73.867663,41.07,0.187,0.29,-0.4,Built-up,0.187,38.04,41.8,2.5,Extreme,30,7010.0,0.701,180.2,0.563,800.0,0.08,2026-05-31,"POLYGON ((73.867192 18.525286, 73.868139 18.525292, 73.868133 18.526195, 73.867186 18.52619, 73.867192 18.525286))"
PUNE_GRID_100M_2830,18.526644,73.867657,39.94,0.163,0.211,-0.4,Built-up,0.198,37.54,44.1,2.42,High,22,6300.0,0.63,145.0,0.453,1240.0,0.124,2026-05-31,"POLYGON ((73.867186 18.52619, 73.868133 18.526195, 73.868128 18.527099, 73.86718 18.527093, 73.867186 18.52619))"
PUNE_GRID_100M_2831,18.527548,73.867651,38.78,0.187,0.212,-0.4,Built-up,0.21,36.99,43.9,2.43,High,18,5580.0,0.558,128.3,0.401,2730.0,0.273,2026-05-31,"POLYGON ((73.86718 18.527093, 73.868128 18.527099, 73.868122 18.528003, 73.867174 18.527997, 73.86718 18.527093))"
PUNE_GRID_100M_2832,18.528452,73.867645,39.31,0.152,0.199,-0.4,Built-up,0.213,37.15,44.6,2.52,High,20,5910.0,0.591,169.9,0.531,1460.0,0.146,2026-05-31,"POLYGON ((73.867174 18.527997, 73.868122 18.528003, 73.868116 18.528906, 73.867168 18.528901, 73.867174 18.527997))"
PUNE_GRID_100M_2833,18.529355,73.867639,41.21,0.069,0.24,-0.4,Built-up,0.172,38.25,40.4,2.29,Extreme,31,7090.0,0.709,167.0,0.522,200.0,0.02,2026-05-31,"POLYGON ((73.867168 18.528901, 73.868116 18.528906, 73.86811 18.52981, 73.867162 18.529804, 73.867168 18.528901))"
PUNE_GRID_100M_2834,18.530259,73.867633,39.63,0.192,0.222,-0.31,Built-up,0.201,37.4,43.7,2.3,High,21,6100.0,0.61,155.8,0.487,1710.0,0.171,2026-05-31,"POLYGON ((73.867162 18.529804, 73.86811 18.52981, 73.868104 18.530714, 73.867156 18.530708, 73.867162 18.529804))"
PUNE_GRID_100M_2835,18.531163,73.867627,39.54,0.204,0.259,-0.4,Built-up,0.23,37.07,44.7,2.75,High,30,6040.0,0.604,145.0,0.453,1480.0,0.148,2026-05-31,"POLYGON ((73.867156 18.530708, 73.868104 18.530714, 73.868098 18.531617, 73.86715 18.531612, 73.867156 18.530708))"
PUNE_GRID_100M_2836,18.532066,73.867621,39.38,0.196,0.21,-0.4,Built-up,0.182,37.19,41.3,2.85,High,29,5930.0,0.593,118.7,0.371,2210.0,0.221,2026-05-31,"POLYGON ((73.86715 18.531612, 73.868098 18.531617, 73.868092 18.532521, 73.867145 18.532515, 73.86715 18.531612))"
PUNE_GRID_100M_2837,18.53297,73.867615,41.03,0.214,0.348,-0.4,Built-up,0.176,38.64,45.9,2.31,Extreme,30,6950.0,0.695,140.5,0.439,200.0,0.02,2026-05-31,"POLYGON ((73.867145 18.532515, 73.868092 18.532521, 73.868086 18.533424, 73.867139 18.533419, 73.867145 18.532515))"
PUNE_GRID_100M_2838,18.533873,73.867609,40.68,0.225,0.293,-0.4,Built-up,0.216,37.35,44.2,2.39,High,22,6730.0,0.673,154.2,0.482,830.0,0.083,2026-05-31,"POLYGON ((73.867139 18.533419, 73.868086 18.533424, 73.86808 18.534328, 73.867133 18.534322, 73.867139 18.533419))"
PUNE_GRID_100M_2839,18.534777,73.867603,41.03,0.151,0.307,-0.4,Built-up,0.201,38.46,42.2,2.77,Extreme,32,6940.0,0.694,180.2,0.563,200.0,0.02,2026-05-31,"POLYGON ((73.867133 18.534322, 73.86808 18.534328, 73.868074 18.535232, 73.867127 18.535226, 73.867133 18.534322))"
PUNE_GRID_100M_2840,18.535681,73.867597,38.99,0.164,0.201,-0.4,Built-up,0.196,36.33,42.6,2.67,High,30,5670.0,0.567,146.2,0.457,1530.0,0.153,2026-05-31,"POLYGON ((73.867127 18.535226, 73.868074 18.535232, 73.868068 18.536135, 73.867121 18.53613, 73.867127 18.535226))"
PUNE_GRID_100M_2841,18.536584,73.867591,39.23,0.204,0.213,-0.4,Built-up,0.205,37.33,43.4,2.72,High,29,5810.0,0.581,151.0,0.472,1550.0,0.155,2026-05-31,"POLYGON ((73.867121 18.53613, 73.868068 18.536135, 73.868062 18.537039, 73.867115 18.537033, 73.867121 18.53613))"
PUNE_GRID_100M_2842,18.537488,73.867585,37.64,0.259,0.136,-0.4,Built-up,0.215,35.66,45.0,2.79,High,16,4810.0,0.481,102.7,0.321,3000.0,0.3,2026-05-31,"POLYGON ((73.867115 18.537033, 73.868062 18.537039, 73.868056 18.537943, 73.867109 18.537937, 73.867115 18.537033))"
PUNE_GRID_100M_2843,18.538392,73.867579,39.9,0.177,0.236,-0.4,Built-up,0.186,37.06,43.7,2.58,High,23,6220.0,0.622,169.9,0.531,1170.0,0.117,2026-05-31,"POLYGON ((73.867109 18.537937, 73.868056 18.537943, 73.86805 18.538846, 73.867103 18.538841, 73.867109 18.537937))"
PUNE_GRID_100M_2844,18.539295,73.867574,37.64,0.255,0.16,-0.4,Built-up,0.21,36.06,47.1,2.72,High,22,4800.0,0.48,102.7,0.321,2690.0,0.269,2026-05-31,"POLYGON ((73.867103 18.538841, 73.86805 18.538846, 73.868044 18.53975, 73.867097 18.539744, 73.867103 18.538841))"
PUNE_GRID_100M_2845,18.540199,73.867568,38.61,0.223,0.159,-0.375,Built-up,0.207,36.64,43.4,2.73,High,20,5400.0,0.54,132.5,0.414,2480.0,0.248,2026-05-31,"POLYGON ((73.867097 18.539744, 73.868044 18.53975, 73.868038 18.540654, 73.867091 18.540648, 73.867097 18.539744))"
PUNE_GRID_100M_2846,18.541103,73.867562,37.41,0.275,0.101,-0.348,Built-up,0.224,35.39,45.9,2.53,Medium,18,4650.0,0.465,111.4,0.348,3850.0,0.385,2026-05-31,"POLYGON ((73.867091 18.540648, 73.868038 18.540654, 73.868032 18.541557, 73.867085 18.541552, 73.867091 18.540648))"
PUNE_GRID_100M_2847,18.542006,73.867556,37.68,0.256,0.112,-0.366,Built-up,0.209,35.5,42.9,2.79,High,17,4800.0,0.48,113.0,0.353,3250.0,0.325,2026-05-31,"POLYGON ((73.867085 18.541552, 73.868032 18.541557, 73.868026 18.542461, 73.867079 18.542455, 73.867085 18.541552))"
PUNE_GRID_100M_2848,18.54291,73.86755,37.33,0.302,0.191,-0.4,Built-up,0.186,35.57,44.5,3.0,Medium,21,4580.0,0.458,127.0,0.397,3550.0,0.355,2026-05-31,"POLYGON ((73.867079 18.542455, 73.868026 18.542461, 73.86802 18.543364, 73.867073 18.543359, 73.867079 18.542455))"
PUNE_GRID_100M_2849,18.543813,73.867544,37.37,0.306,0.148,-0.373,Built-up,0.213,35.3,45.7,2.71,Medium,15,4600.0,0.46,101.4,0.317,3890.0,0.389,2026-05-31,"POLYGON ((73.867073 18.543359, 73.86802 18.543364, 73.868014 18.544268, 73.867067 18.544262, 73.867073 18.543359))"
PUNE_GRID_100M_2850,18.544717,73.867538,37.28,0.259,0.137,-0.389,Built-up,0.241,35.28,46.2,2.83,Medium,20,4540.0,0.454,91.8,0.287,4090.0,0.409,2026-05-31,"POLYGON ((73.867067 18.544262, 73.868014 18.544268, 73.868009 18.545172, 73.867061 18.545166, 73.867067 18.544262))"
PUNE_GRID_100M_2851,18.545621,73.867532,37.12,0.352,0.089,-0.379,Built-up,0.225,35.52,44.2,2.86,Medium,15,4430.0,0.443,106.6,0.333,4320.0,0.432,2026-05-31,"POLYGON ((73.867061 18.545166, 73.868009 18.545172, 73.868003 18.546075, 73.867055 18.54607, 73.867061 18.545166))"
PUNE_GRID_100M_2852,18.546524,73.867526,38.08,0.228,0.182,-0.4,Built-up,0.202,35.87,43.9,2.79,High,27,5020.0,0.502,115.5,0.361,2700.0,0.27,2026-05-31,"POLYGON ((73.867055 18.54607, 73.868003 18.546075, 73.867997 18.546979, 73.867049 18.546973, 73.867055 18.54607))"
PUNE_GRID_100M_2853,18.547428,73.86752,36.38,0.262,0.084,-0.4,Built-up,0.236,35.09,48.1,3.01,Medium,17,3950.0,0.395,137.9,0.431,3470.0,0.347,2026-05-31,"POLYGON ((73.867049 18.546973, 73.867997 18.546979, 73.867991 18.547883, 73.867043 18.547877, 73.867049 18.546973))"
PUNE_GRID_100M_2854,18.548332,73.867514,37.29,0.31,0.134,-0.4,Built-up,0.214,36.05,46.9,2.76,Medium,19,4520.0,0.452,117.1,0.366,3700.0,0.37,2026-05-31,"POLYGON ((73.867043 18.547877, 73.867991 18.547883, 73.867985 18.548786, 73.867037 18.548781, 73.867043 18.547877))"
PUNE_GRID_100M_2855,18.549235,73.867508,37.93,0.24,0.128,-0.279,Built-up,0.245,36.01,45.0,3.19,High,19,4910.0,0.491,112.6,0.352,3320.0,0.332,2026-05-31,"POLYGON ((73.867037 18.548781, 73.867985 18.548786, 73.867979 18.54969, 73.867031 18.549684, 73.867037 18.548781))"
PUNE_GRID_100M_2856,18.550139,73.867502,36.39,0.339,0.092,-0.372,Built-up,0.223,35.01,42.5,3.07,Medium,20,3950.0,0.395,81.3,0.254,4600.0,0.46,2026-05-31,"POLYGON ((73.867031 18.549684, 73.867979 18.54969, 73.867973 18.550594, 73.867025 18.550588, 73.867031 18.549684))"
PUNE_GRID_100M_2857,18.500445,73.868776,37.73,0.183,0.135,-0.4,Built-up,0.226,36.52,48.6,2.51,High,16,4840.0,0.484,92.2,0.288,4050.0,0.405,2026-05-31,"POLYGON ((73.868306 18.49999, 73.869253 18.499996, 73.869247 18.500899, 73.8683 18.500894, 73.868306 18.49999))"
PUNE_GRID_100M_2858,18.501348,73.86877,38.26,0.317,0.149,-0.4,Built-up,0.202,35.93,44.4,3.02,High,24,5180.0,0.518,111.0,0.347,2780.0,0.278,2026-05-31,"POLYGON ((73.8683 18.500894, 73.869247 18.500899, 73.869241 18.501803, 73.868294 18.501797, 73.8683 18.500894))"
PUNE_GRID_100M_2859,18.502252,73.868765,39.52,0.244,0.25,-0.4,Built-up,0.203,37.52,42.9,2.69,High,21,5970.0,0.597,144.6,0.452,1840.0,0.184,2026-05-31,"POLYGON ((73.868294 18.501797, 73.869241 18.501803, 73.869235 18.502706, 73.868288 18.502701, 73.868294 18.501797))"
PUNE_GRID_100M_2860,18.503155,73.868759,38.87,0.18,0.153,-0.302,Built-up,0.217,37.03,43.1,2.49,High,19,5570.0,0.557,152.0,0.475,1610.0,0.161,2026-05-31,"POLYGON ((73.868288 18.502701, 73.869235 18.502706, 73.869229 18.50361, 73.868282 18.503604, 73.868288 18.502701))"
PUNE_GRID_100M_2861,18.504059,73.868753,38.42,0.196,0.196,-0.4,Built-up,0.204,36.65,44.8,2.83,High,20,5300.0,0.53,141.4,0.442,3230.0,0.323,2026-05-31,"POLYGON ((73.868282 18.503604, 73.869229 18.50361, 73.869223 18.504514, 73.868276 18.504508, 73.868282 18.503604))"
PUNE_GRID_100M_2862,18.504963,73.868747,39.36,0.289,0.242,-0.4,Built-up,0.189,37.44,44.1,2.69,High,20,5890.0,0.589,144.3,0.451,1620.0,0.162,2026-05-31,"POLYGON ((73.868276 18.504508, 73.869223 18.504514, 73.869217 18.505417, 73.86827 18.505412, 73.868276 18.504508))"
PUNE_GRID_100M_2863,18.505866,73.868741,38.22,0.233,0.144,-0.4,Built-up,0.205,36.34,45.8,2.21,High,18,5180.0,0.518,120.3,0.376,2570.0,0.257,2026-05-31,"POLYGON ((73.86827 18.505412, 73.869217 18.505417, 73.869211 18.506321, 73.868264 18.506315, 73.86827 18.505412))"
PUNE_GRID_100M_2864,18.50677,73.868735,39.77,0.175,0.215,-0.4,Built-up,0.206,37.16,41.8,2.44,High,26,6160.0,0.616,151.4,0.473,1280.0,0.128,2026-05-31,"POLYGON ((73.868264 18.506315, 73.869211 18.506321, 73.869205 18.507225, 73.868258 18.507219, 73.868264 18.506315))"
PUNE_GRID_100M_2865,18.507674,73.868729,39.67,0.121,0.228,-0.4,Built-up,0.208,37.6,42.8,2.58,High,20,6100.0,0.61,139.8,0.437,1330.0,0.133,2026-05-31,"POLYGON ((73.868258 18.507219, 73.869205 18.507225, 73.8692 18.508128, 73.868252 18.508123, 73.868258 18.507219))"
PUNE_GRID_100M_2866,18.508577,73.868723,39.22,0.213,0.223,-0.4,Built-up,0.198,37.29,46.7,2.07,High,26,5820.0,0.582,161.6,0.505,1370.0,0.137,2026-05-31,"POLYGON ((73.868252 18.508123, 73.8692 18.508128, 73.869194 18.509032, 73.868246 18.509026, 73.868252 18.508123))"
PUNE_GRID_100M_2867,18.509481,73.868717,38.91,0.229,0.196,-0.4,Built-up,0.209,37.07,44.2,2.5,High,21,5630.0,0.563,132.8,0.415,1920.0,0.192,2026-05-31,"POLYGON ((73.868246 18.509026, 73.869194 18.509032, 73.869188 18.509936, 73.86824 18.50993, 73.868246 18.509026))"
PUNE_GRID_100M_2868,18.510385,73.868711,38.98,0.264,0.217,-0.354,Built-up,0.2,36.8,43.6,2.5,High,19,5680.0,0.568,135.4,0.423,1500.0,0.15,2026-05-31,"POLYGON ((73.86824 18.50993, 73.869188 18.509936, 73.869182 18.510839, 73.868235 18.510834, 73.86824 18.50993))"
PUNE_GRID_100M_2869,18.511288,73.868705,40.21,0.137,0.312,-0.4,Built-up,0.185,37.43,41.4,2.22,High,27,6460.0,0.646,126.7,0.396,1040.0,0.104,2026-05-31,"POLYGON ((73.868235 18.510834, 73.869182 18.510839, 73.869176 18.511743, 73.868229 18.511737, 73.868235 18.510834))"
PUNE_GRID_100M_2870,18.512192,73.868699,40.87,0.109,0.274,-0.4,Built-up,0.188,38.17,43.1,2.49,High,30,6870.0,0.687,162.2,0.507,1390.0,0.139,2026-05-31,"POLYGON ((73.868229 18.511737, 73.869176 18.511743, 73.86917 18.512646, 73.868223 18.512641, 73.868229 18.511737))"
PUNE_GRID_100M_2871,18.513095,73.868693,39.46,0.237,0.174,-0.38,Built-up,0.209,37.4,45.0,2.42,High,24,6000.0,0.6,154.6,0.483,1850.0,0.185,2026-05-31,"POLYGON ((73.868223 18.512641, 73.86917 18.512646, 73.869164 18.51355, 73.868217 18.513544, 73.868223 18.512641))"
PUNE_GRID_100M_2872,18.513999,73.868687,40.42,0.226,0.294,-0.4,Built-up,0.228,38.1,44.0,2.17,High,22,6600.0,0.66,144.6,0.452,1410.0,0.141,2026-05-31,"POLYGON ((73.868217 18.513544, 73.869164 18.51355, 73.869158 18.514454, 73.868211 18.514448, 73.868217 18.513544))"
PUNE_GRID_100M_2873,18.514903,73.868681,38.46,0.191,0.231,-0.342,Built-up,0.203,36.29,43.8,2.58,High,17,5370.0,0.537,119.4,0.373,2980.0,0.298,2026-05-31,"POLYGON ((73.868211 18.514448, 73.869158 18.514454, 73.869152 18.515357, 73.868205 18.515352, 73.868211 18.514448))"
PUNE_GRID_100M_2874,18.515806,73.868675,39.72,0.253,0.249,-0.4,Built-up,0.205,37.4,43.8,2.55,High,24,6170.0,0.617,158.1,0.494,2080.0,0.208,2026-05-31,"POLYGON ((73.868205 18.515352, 73.869152 18.515357, 73.869146 18.516261, 73.868199 18.516255, 73.868205 18.515352))"
PUNE_GRID_100M_2875,18.51671,73.86867,40.22,0.194,0.227,-0.4,Built-up,0.206,37.26,45.3,2.32,High,23,6480.0,0.648,136.6,0.427,530.0,0.053,2026-05-31,"POLYGON ((73.868199 18.516255, 73.869146 18.516261, 73.86914 18.517165, 73.868193 18.517159, 73.868199 18.516255))"
PUNE_GRID_100M_2876,18.517614,73.868664,39.56,0.259,0.226,-0.4,Built-up,0.195,37.49,45.0,2.33,High,19,6070.0,0.607,159.4,0.498,940.0,0.094,2026-05-31,"POLYGON ((73.868193 18.517159, 73.86914 18.517165, 73.869134 18.518068, 73.868187 18.518063, 73.868193 18.517159))"
PUNE_GRID_100M_2877,18.518517,73.868658,39.57,0.212,0.197,-0.4,Built-up,0.224,36.96,42.2,2.51,High,31,6080.0,0.608,139.2,0.435,1290.0,0.129,2026-05-31,"POLYGON ((73.868187 18.518063, 73.869134 18.518068, 73.869128 18.518972, 73.868181 18.518966, 73.868187 18.518063))"
PUNE_GRID_100M_2878,18.519421,73.868652,39.81,0.106,0.261,-0.4,Built-up,0.189,37.6,39.3,2.32,High,29,6230.0,0.623,144.6,0.452,1230.0,0.123,2026-05-31,"POLYGON ((73.868181 18.518966, 73.869128 18.518972, 73.869122 18.519876, 73.868175 18.51987, 73.868181 18.518966))"
PUNE_GRID_100M_2879,18.520325,73.868646,40.58,0.174,0.236,-0.381,Built-up,0.213,37.56,43.0,1.97,High,24,6710.0,0.671,146.6,0.458,800.0,0.08,2026-05-31,"POLYGON ((73.868175 18.51987, 73.869122 18.519876, 73.869116 18.520779, 73.868169 18.520774, 73.868175 18.51987))"
PUNE_GRID_100M_2880,18.521228,73.86864,40.2,0.235,0.25,-0.4,Built-up,0.19,37.95,44.0,2.46,High,21,6470.0,0.647,160.0,0.5,850.0,0.085,2026-05-31,"POLYGON ((73.868169 18.520774, 73.869116 18.520779, 73.86911 18.521683, 73.868163 18.521677, 73.868169 18.520774))"
PUNE_GRID_100M_2881,18.522132,73.868634,38.54,0.215,0.154,-0.4,Built-up,0.198,36.57,42.5,2.2,High,18,5430.0,0.543,161.9,0.506,2140.0,0.214,2026-05-31,"POLYGON ((73.868163 18.521677, 73.86911 18.521683, 73.869105 18.522587, 73.868157 18.522581, 73.868163 18.521677))"
PUNE_GRID_100M_2882,18.523035,73.868628,38.6,0.233,0.191,-0.4,Built-up,0.211,36.29,44.1,2.29,High,22,5470.0,0.547,141.4,0.442,2220.0,0.222,2026-05-31,"POLYGON ((73.868157 18.522581, 73.869105 18.522587, 73.869099 18.52349, 73.868151 18.523484, 73.868157 18.522581))"
PUNE_GRID_100M_2883,18.523939,73.868622,39.78,0.201,0.229,-0.4,Built-up,0.182,37.55,42.8,2.66,High,32,6200.0,0.62,137.6,0.43,1220.0,0.122,2026-05-31,"POLYGON ((73.868151 18.523484, 73.869099 18.52349, 73.869093 18.524394, 73.868145 18.524388, 73.868151 18.523484))"
PUNE_GRID_100M_2884,18.524843,73.868616,40.58,0.064,0.281,-0.4,Built-up,0.197,37.73,42.7,2.35,High,27,6700.0,0.67,175.4,0.548,200.0,0.02,2026-05-31,"POLYGON ((73.868145 18.524388, 73.869093 18.524394, 73.869087 18.525297, 73.868139 18.525292, 73.868145 18.524388))"
PUNE_GRID_100M_2885,18.525746,73.86861,37.95,0.339,0.158,-0.344,Built-up,0.194,36.29,43.8,2.39,High,23,5060.0,0.506,117.4,0.367,2440.0,0.244,2026-05-31,"POLYGON ((73.868139 18.525292, 73.869087 18.525297, 73.869081 18.526201, 73.868133 18.526195, 73.868139 18.525292))"
PUNE_GRID_100M_2886,18.52665,73.868604,39.68,0.175,0.206,-0.4,Built-up,0.198,37.19,45.2,2.51,High,27,6140.0,0.614,164.8,0.515,1100.0,0.11,2026-05-31,"POLYGON ((73.868133 18.526195, 73.869081 18.526201, 73.869075 18.527105, 73.868128 18.527099, 73.868133 18.526195))"
PUNE_GRID_100M_2887,18.527554,73.868598,39.58,0.235,0.25,-0.4,Built-up,0.174,36.69,43.6,2.52,High,21,6070.0,0.607,156.2,0.488,1370.0,0.137,2026-05-31,"POLYGON ((73.868128 18.527099, 73.869075 18.527105, 73.869069 18.528008, 73.868122 18.528003, 73.868128 18.527099))"
PUNE_GRID_100M_2888,18.528457,73.868592,41.03,0.16,0.295,-0.4,Built-up,0.229,37.93,40.9,2.25,Extreme,36,6970.0,0.697,129.6,0.405,360.0,0.036,2026-05-31,"POLYGON ((73.868122 18.528003, 73.869069 18.528008, 73.869063 18.528912, 73.868116 18.528906, 73.868122 18.528003))"
PUNE_GRID_100M_2889,18.529361,73.868586,39.51,0.267,0.198,-0.4,Built-up,0.18,37.03,44.8,2.43,High,20,6020.0,0.602,131.5,0.411,1550.0,0.155,2026-05-31,"POLYGON ((73.868116 18.528906, 73.869063 18.528912, 73.869057 18.529816, 73.86811 18.52981, 73.868116 18.528906))"
PUNE_GRID_100M_2890,18.530265,73.86858,40.03,0.215,0.319,-0.4,Built-up,0.183,37.93,41.1,2.47,High,26,6340.0,0.634,164.2,0.513,670.0,0.067,2026-05-31,"POLYGON ((73.86811 18.52981, 73.869057 18.529816, 73.869051 18.530719, 73.868104 18.530714, 73.86811 18.52981))"
PUNE_GRID_100M_2891,18.531168,73.868574,39.73,0.2,0.252,-0.4,Built-up,0.212,37.58,45.1,2.54,High,23,6150.0,0.615,149.4,0.467,1400.0,0.14,2026-05-31,"POLYGON ((73.868104 18.530714, 73.869051 18.530719, 73.869045 18.531623, 73.868098 18.531617, 73.868104 18.530714))"
PUNE_GRID_100M_2892,18.532072,73.868568,37.8,0.241,0.146,-0.4,Built-up,0.229,36.45,46.2,2.56,High,25,4940.0,0.494,105.6,0.33,2640.0,0.264,2026-05-31,"POLYGON ((73.868098 18.531617, 73.869045 18.531623, 73.869039 18.532527, 73.868092 18.532521, 73.868098 18.531617))"
PUNE_GRID_100M_2893,18.532975,73.868563,40.0,0.232,0.292,-0.4,Built-up,0.2,38.0,45.1,3.04,High,27,6310.0,0.631,143.4,0.448,1010.0,0.101,2026-05-31,"POLYGON ((73.868092 18.532521, 73.869039 18.532527, 73.869033 18.53343, 73.868086 18.533424, 73.868092 18.532521))"
PUNE_GRID_100M_2894,18.533879,73.868557,39.44,0.145,0.28,-0.4,Built-up,0.185,36.95,43.2,2.3,High,30,5950.0,0.595,118.4,0.37,1420.0,0.142,2026-05-31,"POLYGON ((73.868086 18.533424, 73.869033 18.53343, 73.869027 18.534334, 73.86808 18.534328, 73.868086 18.533424))"
PUNE_GRID_100M_2895,18.534783,73.868551,39.55,0.242,0.225,-0.4,Built-up,0.22,37.13,42.6,2.76,High,19,6020.0,0.602,143.4,0.448,1570.0,0.157,2026-05-31,"POLYGON ((73.86808 18.534328, 73.869027 18.534334, 73.869021 18.535237, 73.868074 18.535232, 73.86808 18.534328))"
PUNE_GRID_100M_2896,18.535686,73.868545,42.16,0.08,0.358,-0.4,Built-up,0.189,38.89,41.4,2.82,Extreme,26,7640.0,0.764,211.5,0.661,200.0,0.02,2026-05-31,"POLYGON ((73.868074 18.535232, 73.869021 18.535237, 73.869015 18.536141, 73.868068 18.536135, 73.868074 18.535232))"
PUNE_GRID_100M_2897,18.53659,73.868539,37.22,0.347,0.095,-0.369,Built-up,0.226,35.35,45.1,2.7,Medium,18,4550.0,0.455,119.4,0.373,3690.0,0.369,2026-05-31,"POLYGON ((73.868068 18.536135, 73.869015 18.536141, 73.869009 18.537045, 73.868062 18.537039, 73.868068 18.536135))"
PUNE_GRID_100M_2898,18.537494,73.868533,40.14,0.202,0.252,-0.4,Built-up,0.198,37.05,41.9,2.49,High,30,6370.0,0.637,180.8,0.565,1100.0,0.11,2026-05-31,"POLYGON ((73.868062 18.537039, 73.869009 18.537045, 73.869003 18.537948, 73.868056 18.537943, 73.868062 18.537039))"
PUNE_GRID_100M_2899,18.538397,73.868527,38.39,0.282,0.172,-0.4,Built-up,0.204,36.37,43.5,2.98,High,16,5270.0,0.527,137.9,0.431,2410.0,0.241,2026-05-31,"POLYGON ((73.868056 18.537943, 73.869003 18.537948, 73.868998 18.538852, 73.86805 18.538846, 73.868056 18.537943))"
PUNE_GRID_100M_2900,18.539301,73.868521,38.72,0.248,0.198,-0.4,Built-up,0.191,36.22,43.5,2.23,High,23,5470.0,0.547,144.3,0.451,1860.0,0.186,2026-05-31,"POLYGON ((73.86805 18.538846, 73.868998 18.538852, 73.868992 18.539756, 73.868044 18.53975, 73.86805 18.538846))"
PUNE_GRID_100M_2901,18.540205,73.868515,38.31,0.189,0.184,-0.4,Built-up,0.225,36.31,42.6,2.56,High,25,5210.0,0.521,150.4,0.47,2530.0,0.253,2026-05-31,"POLYGON ((73.868044 18.53975, 73.868992 18.539756, 73.868986 18.540659, 73.868038 18.540654, 73.868044 18.53975))"
PUNE_GRID_100M_2902,18.541108,73.868509,37.87,0.24,0.171,-0.4,Built-up,0.229,36.64,45.7,2.95,High,19,4930.0,0.493,123.2,0.385,3190.0,0.319,2026-05-31,"POLYGON ((73.868038 18.540654, 73.868986 18.540659, 73.86898 18.541563, 73.868032 18.541557, 73.868038 18.540654))"
PUNE_GRID_100M_2903,18.542012,73.868503,37.61,0.311,0.15,-0.4,Built-up,0.2,35.67,44.8,2.66,High,15,4760.0,0.476,112.0,0.35,3250.0,0.325,2026-05-31,"POLYGON ((73.868032 18.541557, 73.86898 18.541563, 73.868974 18.542467, 73.868026 18.542461, 73.868032 18.541557))"
PUNE_GRID_100M_2904,18.542915,73.868497,38.19,0.27,0.132,-0.4,Built-up,0.214,36.29,44.0,3.08,High,28,5110.0,0.511,136.0,0.425,3260.0,0.326,2026-05-31,"POLYGON ((73.868026 18.542461, 73.868974 18.542467, 73.868968 18.54337, 73.86802 18.543364, 73.868026 18.542461))"
PUNE_GRID_100M_2905,18.543819,73.868491,36.57,0.367,0.067,-0.367,Built-up,0.226,35.37,44.1,2.48,Medium,19,4100.0,0.41,117.1,0.366,3990.0,0.399,2026-05-31,"POLYGON ((73.86802 18.543364, 73.868968 18.54337, 73.868962 18.544274, 73.868014 18.544268, 73.86802 18.543364))"
PUNE_GRID_100M_2906,18.544723,73.868485,38.24,0.278,0.154,-0.4,Built-up,0.212,36.35,42.7,2.59,High,16,5130.0,0.513,117.1,0.366,3140.0,0.314,2026-05-31,"POLYGON ((73.868014 18.544268, 73.868962 18.544274, 73.868956 18.545177, 73.868009 18.545172, 73.868014 18.544268))"
PUNE_GRID_100M_2907,18.545626,73.868479,37.16,0.261,0.114,-0.378,Built-up,0.22,35.6,48.2,2.73,Medium,21,4450.0,0.445,97.6,0.305,3690.0,0.369,2026-05-31,"POLYGON ((73.868009 18.545172, 73.868956 18.545177, 73.86895 18.546081, 73.868003 18.546075, 73.868009 18.545172))"
PUNE_GRID_100M_2908,18.54653,73.868473,36.44,0.293,0.121,-0.287,Built-up,0.232,34.9,44.9,2.94,Medium,20,4000.0,0.4,97.9,0.306,4350.0,0.435,2026-05-31,"POLYGON ((73.868003 18.546075, 73.86895 18.546081, 73.868944 18.546985, 73.867997 18.546979, 73.868003 18.546075))"
PUNE_GRID_100M_2909,18.547434,73.868467,36.83,0.315,0.072,-0.4,Built-up,0.216,35.21,46.5,2.84,Medium,16,4240.0,0.424,112.3,0.351,3390.0,0.339,2026-05-31,"POLYGON ((73.867997 18.546979, 73.868944 18.546985, 73.868938 18.547888, 73.867991 18.547883, 73.867997 18.546979))"
PUNE_GRID_100M_2910,18.548337,73.868461,38.05,0.176,0.152,-0.4,Built-up,0.2,35.85,44.8,2.81,High,16,4990.0,0.499,129.9,0.406,2610.0,0.261,2026-05-31,"POLYGON ((73.867991 18.547883, 73.868938 18.547888, 73.868932 18.548792, 73.867985 18.548786, 73.867991 18.547883))"
PUNE_GRID_100M_2911,18.549241,73.868455,36.47,0.39,0.12,-0.4,Built-up,0.237,35.28,41.7,3.22,Medium,16,3990.0,0.399,77.4,0.242,4420.0,0.442,2026-05-31,"POLYGON ((73.867985 18.548786, 73.868932 18.548792, 73.868926 18.549696, 73.867979 18.54969, 73.867985 18.548786))"
PUNE_GRID_100M_2912,18.550145,73.868449,37.03,0.322,0.107,-0.4,Built-up,0.214,34.9,48.1,3.26,Medium,13,4340.0,0.434,128.6,0.402,3590.0,0.359,2026-05-31,"POLYGON ((73.867979 18.54969, 73.868926 18.549696, 73.86892 18.550599, 73.867973 18.550594, 73.867979 18.54969))"
PUNE_GRID_100M_2913,18.50045,73.869724,37.63,0.332,0.157,-0.381,Built-up,0.193,36.13,45.9,2.63,High,17,4780.0,0.478,106.6,0.333,3420.0,0.342,2026-05-31,"POLYGON ((73.869253 18.499996, 73.8702 18.500001, 73.870194 18.500905, 73.869247 18.500899, 73.869253 18.499996))"
PUNE_GRID_100M_2914,18.501354,73.869718,38.95,0.174,0.199,-0.394,Built-up,0.197,36.34,42.7,2.35,High,29,5610.0,0.561,131.2,0.41,2600.0,0.26,2026-05-31,"POLYGON ((73.869247 18.500899, 73.870194 18.500905, 73.870188 18.501808, 73.869241 18.501803, 73.869247 18.500899))"
PUNE_GRID_100M_2915,18.502257,73.869712,39.03,0.284,0.214,-0.4,Built-up,0.197,37.11,43.7,2.24,High,17,5660.0,0.566,124.2,0.388,1610.0,0.161,2026-05-31,"POLYGON ((73.869241 18.501803, 73.870188 18.501808, 73.870182 18.502712, 73.869235 18.502706, 73.869241 18.501803))"
PUNE_GRID_100M_2916,18.503161,73.869706,40.09,0.286,0.247,-0.4,Built-up,0.219,37.46,41.2,2.7,High,26,6330.0,0.633,186.6,0.583,530.0,0.053,2026-05-31,"POLYGON ((73.869235 18.502706, 73.870182 18.502712, 73.870176 18.503616, 73.869229 18.50361, 73.869235 18.502706))"
PUNE_GRID_100M_2917,18.504065,73.8697,38.6,0.196,0.207,-0.305,Built-up,0.217,36.15,46.9,2.76,High,24,5410.0,0.541,132.8,0.415,2440.0,0.244,2026-05-31,"POLYGON ((73.869229 18.50361, 73.870176 18.503616, 73.87017 18.504519, 73.869223 18.504514, 73.869229 18.50361))"
PUNE_GRID_100M_2918,18.504968,73.869694,39.4,0.252,0.177,-0.335,Built-up,0.225,37.25,42.1,2.62,High,22,5910.0,0.591,130.9,0.409,1570.0,0.157,2026-05-31,"POLYGON ((73.869223 18.504514, 73.87017 18.504519, 73.870165 18.505423, 73.869217 18.505417, 73.869223 18.504514))"
PUNE_GRID_100M_2919,18.505872,73.869688,39.07,0.233,0.197,-0.4,Built-up,0.217,37.13,43.0,2.57,High,25,5710.0,0.571,148.2,0.463,3250.0,0.325,2026-05-31,"POLYGON ((73.869217 18.505417, 73.870165 18.505423, 73.870159 18.506327, 73.869211 18.506321, 73.869217 18.505417))"
PUNE_GRID_100M_2920,18.506776,73.869682,40.15,0.133,0.266,-0.4,Built-up,0.206,37.47,41.8,2.4,High,33,6390.0,0.639,163.2,0.51,1290.0,0.129,2026-05-31,"POLYGON ((73.869211 18.506321, 73.870159 18.506327, 73.870153 18.50723, 73.869205 18.507225, 73.869211 18.506321))"
PUNE_GRID_100M_2921,18.507679,73.869676,38.65,0.267,0.205,-0.4,Built-up,0.193,36.77,44.2,2.68,High,30,5460.0,0.546,128.6,0.402,2300.0,0.23,2026-05-31,"POLYGON ((73.869205 18.507225, 73.870153 18.50723, 73.870147 18.508134, 73.8692 18.508128, 73.869205 18.507225))"
PUNE_GRID_100M_2922,18.508583,73.86967,39.94,0.235,0.292,-0.4,Built-up,0.184,36.77,45.1,2.86,High,25,6270.0,0.627,161.3,0.504,1010.0,0.101,2026-05-31,"POLYGON ((73.8692 18.508128, 73.870147 18.508134, 73.870141 18.509038, 73.869194 18.509032, 73.8692 18.508128))"
PUNE_GRID_100M_2923,18.509487,73.869664,39.29,0.201,0.206,-0.4,Built-up,0.188,36.61,46.3,2.06,High,19,5870.0,0.587,130.2,0.407,1720.0,0.172,2026-05-31,"POLYGON ((73.869194 18.509032, 73.870141 18.509038, 73.870135 18.509941, 73.869188 18.509936, 73.869194 18.509032))"
PUNE_GRID_100M_2924,18.51039,73.869658,39.5,0.264,0.272,-0.4,Built-up,0.188,37.54,42.8,2.48,High,23,6000.0,0.6,137.6,0.43,1720.0,0.172,2026-05-31,"POLYGON ((73.869188 18.509936, 73.870135 18.509941, 73.870129 18.510845, 73.869182 18.510839, 73.869188 18.509936))"
PUNE_GRID_100M_2925,18.511294,73.869652,39.72,0.143,0.218,-0.4,Built-up,0.211,37.24,43.8,2.28,High,19,6150.0,0.615,121.9,0.381,1750.0,0.175,2026-05-31,"POLYGON ((73.869182 18.510839, 73.870129 18.510845, 73.870123 18.511749, 73.869176 18.511743, 73.869182 18.510839))"
PUNE_GRID_100M_2926,18.512197,73.869646,39.94,0.142,0.287,-0.4,Built-up,0.19,36.9,43.2,2.16,High,28,6290.0,0.629,134.1,0.419,1270.0,0.127,2026-05-31,"POLYGON ((73.869176 18.511743, 73.870123 18.511749, 73.870117 18.512652, 73.86917 18.512646, 73.869176 18.511743))"
PUNE_GRID_100M_2927,18.513101,73.86964,39.73,0.215,0.262,-0.4,Built-up,0.213,37.1,41.7,2.22,High,28,6160.0,0.616,170.9,0.534,1130.0,0.113,2026-05-31,"POLYGON ((73.86917 18.512646, 73.870117 18.512652, 73.870111 18.513556, 73.869164 18.51355, 73.86917 18.512646))"
PUNE_GRID_100M_2928,18.514005,73.869635,40.07,0.199,0.226,-0.4,Built-up,0.182,37.27,46.6,2.51,High,31,6380.0,0.638,174.1,0.544,1530.0,0.153,2026-05-31,"POLYGON ((73.869164 18.51355, 73.870111 18.513556, 73.870105 18.514459, 73.869158 18.514454, 73.869164 18.51355))"
PUNE_GRID_100M_2929,18.514908,73.869629,41.23,0.128,0.315,-0.4,Built-up,0.191,38.31,44.1,2.5,Extreme,34,7100.0,0.71,171.2,0.535,850.0,0.085,2026-05-31,"POLYGON ((73.869158 18.514454, 73.870105 18.514459, 73.870099 18.515363, 73.869152 18.515357, 73.869158 18.514454))"
PUNE_GRID_100M_2930,18.515812,73.869623,40.82,0.204,0.285,-0.4,Built-up,0.17,37.96,42.6,2.7,High,31,6850.0,0.685,185.6,0.58,510.0,0.051,2026-05-31,"POLYGON ((73.869152 18.515357, 73.870099 18.515363, 73.870093 18.516267, 73.869146 18.516261, 73.869152 18.515357))"
PUNE_GRID_100M_2931,18.516716,73.869617,40.78,0.194,0.304,-0.4,Built-up,0.187,38.1,44.7,2.4,High,23,6820.0,0.682,161.6,0.505,200.0,0.02,2026-05-31,"POLYGON ((73.869146 18.516261, 73.870093 18.516267, 73.870087 18.51717, 73.86914 18.517165, 73.869146 18.516261))"
PUNE_GRID_100M_2932,18.517619,73.869611,39.76,0.243,0.233,-0.4,Built-up,0.209,37.31,45.0,2.04,High,20,6190.0,0.619,145.6,0.455,1660.0,0.166,2026-05-31,"POLYGON ((73.86914 18.517165, 73.870087 18.51717, 73.870081 18.518074, 73.869134 18.518068, 73.86914 18.517165))"
PUNE_GRID_100M_2933,18.518523,73.869605,39.44,0.215,0.216,-0.4,Built-up,0.198,37.52,43.6,2.34,High,18,5990.0,0.599,144.6,0.452,2280.0,0.228,2026-05-31,"POLYGON ((73.869134 18.518068, 73.870081 18.518074, 73.870076 18.518978, 73.869128 18.518972, 73.869134 18.518068))"
PUNE_GRID_100M_2934,18.519427,73.869599,40.94,0.191,0.333,-0.4,Built-up,0.188,38.29,42.7,2.11,High,32,6930.0,0.693,164.8,0.515,1070.0,0.107,2026-05-31,"POLYGON ((73.869128 18.518972, 73.870076 18.518978, 73.87007 18.519881, 73.869122 18.519876, 73.869128 18.518972))"
PUNE_GRID_100M_2935,18.52033,73.869593,40.88,0.151,0.287,-0.4,Built-up,0.174,38.25,44.6,2.15,High,22,6890.0,0.689,162.6,0.508,880.0,0.088,2026-05-31,"POLYGON ((73.869122 18.519876, 73.87007 18.519881, 73.870064 18.520785, 73.869116 18.520779, 73.869122 18.519876))"
PUNE_GRID_100M_2936,18.521234,73.869587,41.35,0.235,0.336,-0.4,Built-up,0.155,38.79,40.5,2.5,Extreme,31,7190.0,0.719,187.2,0.585,620.0,0.062,2026-05-31,"POLYGON ((73.869116 18.520779, 73.870064 18.520785, 73.870058 18.521689, 73.86911 18.521683, 73.869116 18.520779))"
PUNE_GRID_100M_2937,18.522138,73.869581,39.68,0.179,0.229,-0.4,Built-up,0.207,37.16,45.8,2.43,High,31,6140.0,0.614,149.4,0.467,1480.0,0.148,2026-05-31,"POLYGON ((73.86911 18.521683, 73.870058 18.521689, 73.870052 18.522592, 73.869105 18.522587, 73.86911 18.521683))"
PUNE_GRID_100M_2938,18.523041,73.869575,39.95,0.286,0.298,-0.4,Built-up,0.213,37.09,42.7,2.51,High,20,6310.0,0.631,160.6,0.502,1440.0,0.144,2026-05-31,"POLYGON ((73.869105 18.522587, 73.870052 18.522592, 73.870046 18.523496, 73.869099 18.52349, 73.869105 18.522587))"
PUNE_GRID_100M_2939,18.523945,73.869569,38.79,0.244,0.175,-0.4,Built-up,0.194,37.02,46.3,2.33,High,20,5580.0,0.558,147.2,0.46,1770.0,0.177,2026-05-31,"POLYGON ((73.869099 18.52349, 73.870046 18.523496, 73.87004 18.524399, 73.869093 18.524394, 73.869099 18.52349))"
PUNE_GRID_100M_2940,18.524848,73.869563,39.74,0.154,0.22,-0.399,Built-up,0.219,37.36,43.2,2.57,High,30,6170.0,0.617,153.0,0.478,1510.0,0.151,2026-05-31,"POLYGON ((73.869093 18.524394, 73.87004 18.524399, 73.870034 18.525303, 73.869087 18.525297, 73.869093 18.524394))"
PUNE_GRID_100M_2941,18.525752,73.869557,40.79,0.227,0.331,-0.4,Built-up,0.181,38.09,42.9,2.34,High,28,6830.0,0.683,151.4,0.473,1280.0,0.128,2026-05-31,"POLYGON ((73.869087 18.525297, 73.870034 18.525303, 73.870028 18.526207, 73.869081 18.526201, 73.869087 18.525297))"
PUNE_GRID_100M_2942,18.526656,73.869551,39.55,0.221,0.216,-0.394,Built-up,0.181,37.0,43.3,2.65,High,27,6050.0,0.605,128.0,0.4,1510.0,0.151,2026-05-31,"POLYGON ((73.869081 18.526201, 73.870028 18.526207, 73.870022 18.52711, 73.869075 18.527105, 73.869081 18.526201))"
PUNE_GRID_100M_2943,18.527559,73.869546,40.37,0.221,0.315,-0.4,Built-up,0.166,37.57,41.9,2.51,High,23,6560.0,0.656,159.4,0.498,600.0,0.06,2026-05-31,"POLYGON ((73.869075 18.527105, 73.870022 18.52711, 73.870016 18.528014, 73.869069 18.528008, 73.869075 18.527105))"
PUNE_GRID_100M_2944,18.528463,73.86954,39.62,0.262,0.26,-0.4,Built-up,0.193,37.49,42.9,2.41,High,25,6090.0,0.609,144.0,0.45,1600.0,0.16,2026-05-31,"POLYGON ((73.869069 18.528008, 73.870016 18.528014, 73.87001 18.528918, 73.869063 18.528912, 73.869069 18.528008))"
PUNE_GRID_100M_2945,18.529367,73.869534,39.94,0.216,0.243,-0.4,Built-up,0.19,37.75,45.1,2.51,High,19,6280.0,0.628,151.7,0.474,1210.0,0.121,2026-05-31,"POLYGON ((73.869063 18.528912, 73.87001 18.528918, 73.870004 18.529821, 73.869057 18.529816, 73.869063 18.528912))"
PUNE_GRID_100M_2946,18.53027,73.869528,38.67,0.223,0.136,-0.4,Built-up,0.196,36.8,40.6,2.48,High,29,5480.0,0.548,131.2,0.41,2550.0,0.255,2026-05-31,"POLYGON ((73.869057 18.529816, 73.870004 18.529821, 73.869998 18.530725, 73.869051 18.530719, 73.869057 18.529816))"
PUNE_GRID_100M_2947,18.531174,73.869522,39.55,0.255,0.229,-0.4,Built-up,0.173,37.42,41.5,2.82,High,26,6030.0,0.603,177.9,0.556,1120.0,0.112,2026-05-31,"POLYGON ((73.869051 18.530719, 73.869998 18.530725, 73.869992 18.531629, 73.869045 18.531623, 73.869051 18.530719))"
PUNE_GRID_100M_2948,18.532078,73.869516,36.99,0.305,0.118,-0.387,Built-up,0.206,35.56,44.3,2.57,Medium,17,4420.0,0.442,89.0,0.278,4430.0,0.443,2026-05-31,"POLYGON ((73.869045 18.531623, 73.869992 18.531629, 73.869986 18.532532, 73.869039 18.532527, 73.869045 18.531623))"
PUNE_GRID_100M_2949,18.532981,73.86951,39.12,0.258,0.245,-0.4,Built-up,0.199,36.92,42.1,2.54,High,22,5750.0,0.575,112.6,0.352,1680.0,0.168,2026-05-31,"POLYGON ((73.869039 18.532527, 73.869986 18.532532, 73.869981 18.533436, 73.869033 18.53343, 73.869039 18.532527))"
PUNE_GRID_100M_2950,18.533885,73.869504,37.85,0.189,0.201,-0.4,Built-up,0.204,35.94,47.0,2.51,High,22,4950.0,0.495,123.2,0.385,3400.0,0.34,2026-05-31,"POLYGON ((73.869033 18.53343, 73.869981 18.533436, 73.869975 18.534339, 73.869027 18.534334, 73.869033 18.53343))"
PUNE_GRID_100M_2951,18.534788,73.869498,40.0,0.218,0.229,-0.4,Built-up,0.191,37.86,44.9,2.75,High,22,6290.0,0.629,146.2,0.457,1030.0,0.103,2026-05-31,"POLYGON ((73.869027 18.534334, 73.869975 18.534339, 73.869969 18.535243, 73.869021 18.535237, 73.869027 18.534334))"
PUNE_GRID_100M_2952,18.535692,73.869492,39.53,0.191,0.253,-0.393,Built-up,0.197,37.06,44.3,2.74,High,19,6000.0,0.6,148.2,0.463,890.0,0.089,2026-05-31,"POLYGON ((73.869021 18.535237, 73.869969 18.535243, 73.869963 18.536147, 73.869015 18.536141, 73.869021 18.535237))"
PUNE_GRID_100M_2953,18.536596,73.869486,39.16,0.296,0.235,-0.396,Built-up,0.213,37.02,42.7,2.56,High,18,5760.0,0.576,145.6,0.455,1970.0,0.197,2026-05-31,"POLYGON ((73.869015 18.536141, 73.869963 18.536147, 73.869957 18.53705, 73.869009 18.537045, 73.869015 18.536141))"
PUNE_GRID_100M_2954,18.537499,73.86948,39.87,0.229,0.276,-0.4,Built-up,0.196,37.17,45.1,2.41,High,21,6200.0,0.62,165.1,0.516,1150.0,0.115,2026-05-31,"POLYGON ((73.869009 18.537045, 73.869957 18.53705, 73.869951 18.537954, 73.869003 18.537948, 73.869009 18.537045))"
PUNE_GRID_100M_2955,18.538403,73.869474,37.77,0.288,0.165,-0.4,Built-up,0.208,35.74,42.4,2.48,High,16,4880.0,0.488,97.9,0.306,2760.0,0.276,2026-05-31,"POLYGON ((73.869003 18.537948, 73.869951 18.537954, 73.869945 18.538858, 73.868998 18.538852, 73.869003 18.537948))"
PUNE_GRID_100M_2956,18.539307,73.869468,39.79,0.227,0.182,-0.3,Built-up,0.221,37.28,46.4,2.65,High,23,6140.0,0.614,140.2,0.438,870.0,0.087,2026-05-31,"POLYGON ((73.868998 18.538852, 73.869945 18.538858, 73.869939 18.539761, 73.868992 18.539756, 73.868998 18.538852))"
PUNE_GRID_100M_2957,18.54021,73.869462,39.0,0.195,0.2,-0.4,Built-up,0.19,36.56,42.8,2.98,High,19,5640.0,0.564,140.8,0.44,2040.0,0.204,2026-05-31,"POLYGON ((73.868992 18.539756, 73.869939 18.539761, 73.869933 18.540665, 73.868986 18.540659, 73.868992 18.539756))"
PUNE_GRID_100M_2958,18.541114,73.869456,37.93,0.337,0.122,-0.351,Built-up,0.215,36.29,44.3,2.68,High,22,4960.0,0.496,129.0,0.403,3220.0,0.322,2026-05-31,"POLYGON ((73.868986 18.540659, 73.869933 18.540665, 73.869927 18.541569, 73.86898 18.541563, 73.868986 18.540659))"
PUNE_GRID_100M_2959,18.542018,73.86945,38.89,0.319,0.194,-0.4,Built-up,0.202,36.32,43.2,2.63,High,23,5560.0,0.556,161.6,0.505,2160.0,0.216,2026-05-31,"POLYGON ((73.86898 18.541563, 73.869927 18.541569, 73.869921 18.542472, 73.868974 18.542467, 73.86898 18.541563))"
PUNE_GRID_100M_2960,18.542921,73.869444,36.96,0.322,0.143,-0.4,Built-up,0.196,35.4,43.8,2.42,Medium,19,4340.0,0.434,116.5,0.364,3590.0,0.359,2026-05-31,"POLYGON ((73.868974 18.542467, 73.869921 18.542472, 73.869915 18.543376, 73.868968 18.54337, 73.868974 18.542467))"
PUNE_GRID_100M_2961,18.543825,73.869439,37.04,0.367,0.126,-0.4,Built-up,0.211,35.47,48.3,3.1,Medium,17,4390.0,0.439,104.6,0.327,3820.0,0.382,2026-05-31,"POLYGON ((73.868968 18.54337, 73.869915 18.543376, 73.869909 18.544279, 73.868962 18.544274, 73.868968 18.54337))"
PUNE_GRID_100M_2962,18.544728,73.869433,37.07,0.28,0.153,-0.4,Built-up,0.181,34.91,46.5,2.94,Medium,20,4400.0,0.44,94.1,0.294,3710.0,0.371,2026-05-31,"POLYGON ((73.868962 18.544274, 73.869909 18.544279, 73.869903 18.545183, 73.868956 18.545177, 73.868962 18.544274))"
PUNE_GRID_100M_2963,18.545632,73.869427,36.99,0.273,0.125,-0.335,Built-up,0.246,35.26,47.2,3.01,Medium,13,4340.0,0.434,97.0,0.303,3180.0,0.318,2026-05-31,"POLYGON ((73.868956 18.545177, 73.869903 18.545183, 73.869897 18.546087, 73.86895 18.546081, 73.868956 18.545177))"
PUNE_GRID_100M_2964,18.546536,73.869421,36.42,0.327,0.05,-0.4,Built-up,0.217,35.07,44.0,3.06,Medium,17,3980.0,0.398,88.0,0.275,3630.0,0.363,2026-05-31,"POLYGON ((73.86895 18.546081, 73.869897 18.546087, 73.869891 18.54699, 73.868944 18.546985, 73.86895 18.546081))"
PUNE_GRID_100M_2965,18.547439,73.869415,38.1,0.284,0.089,-0.399,Built-up,0.248,36.3,44.8,2.86,High,25,5030.0,0.503,129.0,0.403,2680.0,0.268,2026-05-31,"POLYGON ((73.868944 18.546985, 73.869891 18.54699, 73.869885 18.547894, 73.868938 18.547888, 73.868944 18.546985))"
PUNE_GRID_100M_2966,18.548343,73.869409,36.77,0.297,0.109,-0.4,Built-up,0.221,35.18,46.4,2.94,Medium,16,4190.0,0.419,104.0,0.325,3770.0,0.377,2026-05-31,"POLYGON ((73.868938 18.547888, 73.869885 18.547894, 73.86988 18.548798, 73.868932 18.548792, 73.868938 18.547888))"
PUNE_GRID_100M_2967,18.549247,73.869403,37.11,0.323,0.114,-0.309,Built-up,0.228,35.68,45.7,3.24,Medium,23,4390.0,0.439,88.3,0.276,4120.0,0.412,2026-05-31,"POLYGON ((73.868932 18.548792, 73.86988 18.548798, 73.869874 18.549701, 73.868926 18.549696, 73.868932 18.548792))"
PUNE_GRID_100M_2968,18.55015,73.869397,36.22,0.345,0.051,-0.4,Built-up,0.223,34.82,44.3,3.01,Medium,19,3830.0,0.383,86.4,0.27,4660.0,0.466,2026-05-31,"POLYGON ((73.868926 18.549696, 73.869874 18.549701, 73.869868 18.550605, 73.86892 18.550599, 73.868926 18.549696))"
PUNE_GRID_100M_2969,18.500456,73.870671,36.66,0.277,0.049,-0.353,Built-up,0.234,35.17,47.3,2.85,Medium,19,4170.0,0.417,111.4,0.348,4030.0,0.403,2026-05-31,"POLYGON ((73.8702 18.500001, 73.871147 18.500007, 73.871141 18.50091, 73.870194 18.500905, 73.8702 18.500001))"
PUNE_GRID_100M_2970,18.501359,73.870665,38.47,0.274,0.159,-0.4,Built-up,0.221,36.5,44.4,2.88,High,21,5300.0,0.53,131.8,0.412,2350.0,0.235,2026-05-31,"POLYGON ((73.870194 18.500905, 73.871141 18.50091, 73.871135 18.501814, 73.870188 18.501808, 73.870194 18.500905))"
PUNE_GRID_100M_2971,18.502263,73.870659,36.85,0.345,0.102,-0.396,Built-up,0.232,35.57,44.1,2.82,Medium,17,4300.0,0.43,110.4,0.345,3110.0,0.311,2026-05-31,"POLYGON ((73.870188 18.501808, 73.871135 18.501814, 73.871129 18.502718, 73.870182 18.502712, 73.870188 18.501808))"
PUNE_GRID_100M_2972,18.503167,73.870653,38.45,0.261,0.2,-0.39,Built-up,0.216,36.21,41.5,2.64,High,18,5300.0,0.53,132.2,0.413,2630.0,0.263,2026-05-31,"POLYGON ((73.870182 18.502712, 73.871129 18.502718, 73.871124 18.503621, 73.870176 18.503616, 73.870182 18.502712))"
PUNE_GRID_100M_2973,18.50407,73.870647,37.54,0.332,0.145,-0.324,Built-up,0.208,35.63,45.9,2.64,High,16,4740.0,0.474,134.7,0.421,3210.0,0.321,2026-05-31,"POLYGON ((73.870176 18.503616, 73.871124 18.503621, 73.871118 18.504525, 73.87017 18.504519, 73.870176 18.503616))"
PUNE_GRID_100M_2974,18.504974,73.870641,40.35,0.139,0.314,-0.4,Built-up,0.176,37.54,46.4,2.78,High,27,6500.0,0.65,159.0,0.497,200.0,0.02,2026-05-31,"POLYGON ((73.87017 18.504519, 73.871118 18.504525, 73.871112 18.505429, 73.870165 18.505423, 73.87017 18.504519))"
PUNE_GRID_100M_2975,18.505878,73.870635,39.61,0.232,0.201,-0.398,Built-up,0.18,37.13,41.8,2.76,High,26,6040.0,0.604,140.2,0.438,1310.0,0.131,2026-05-31,"POLYGON ((73.870165 18.505423, 73.871112 18.505429, 73.871106 18.506332, 73.870159 18.506327, 73.870165 18.505423))"
PUNE_GRID_100M_2976,18.506781,73.870629,39.08,0.185,0.235,-0.4,Built-up,0.206,37.28,44.0,2.82,High,25,5720.0,0.572,125.4,0.392,1830.0,0.183,2026-05-31,"POLYGON ((73.870159 18.506327, 73.871106 18.506332, 73.8711 18.507236, 73.870153 18.50723, 73.870159 18.506327))"
PUNE_GRID_100M_2977,18.507685,73.870623,40.12,0.151,0.257,-0.4,Built-up,0.21,37.76,44.6,2.68,High,22,6370.0,0.637,156.2,0.488,1210.0,0.121,2026-05-31,"POLYGON ((73.870153 18.50723, 73.8711 18.507236, 73.871094 18.50814, 73.870147 18.508134, 73.870153 18.50723))"
PUNE_GRID_100M_2978,18.508589,73.870617,38.54,0.226,0.205,-0.4,Built-up,0.227,36.14,42.3,2.67,High,28,5390.0,0.539,98.2,0.307,2370.0,0.237,2026-05-31,"POLYGON ((73.870147 18.508134, 73.871094 18.50814, 73.871088 18.509043, 73.870141 18.509038, 73.870147 18.508134))"
PUNE_GRID_100M_2979,18.509492,73.870611,39.75,0.171,0.226,-0.387,Built-up,0.204,37.14,42.5,2.44,High,33,6150.0,0.615,145.3,0.454,1470.0,0.147,2026-05-31,"POLYGON ((73.870141 18.509038, 73.871088 18.509043, 73.871082 18.509947, 73.870135 18.509941, 73.870141 18.509038))"
PUNE_GRID_100M_2980,18.510396,73.870605,39.58,0.193,0.263,-0.4,Built-up,0.181,37.32,42.0,2.4,High,20,6040.0,0.604,142.4,0.445,1540.0,0.154,2026-05-31,"POLYGON ((73.870135 18.509941, 73.871082 18.509947, 73.871076 18.510851, 73.870129 18.510845, 73.870135 18.509941))"
PUNE_GRID_100M_2981,18.5113,73.8706,39.72,0.201,0.246,-0.394,Built-up,0.17,37.03,44.7,2.65,High,24,6140.0,0.614,129.9,0.406,1580.0,0.158,2026-05-31,"POLYGON ((73.870129 18.510845, 73.871076 18.510851, 73.87107 18.511754, 73.870123 18.511749, 73.870129 18.510845))"
PUNE_GRID_100M_2982,18.512203,73.870594,40.61,0.212,0.257,-0.4,Built-up,0.209,37.71,44.5,2.37,High,33,6700.0,0.67,148.8,0.465,620.0,0.062,2026-05-31,"POLYGON ((73.870123 18.511749, 73.87107 18.511754, 73.871064 18.512658, 73.870117 18.512652, 73.870123 18.511749))"
PUNE_GRID_100M_2983,18.513107,73.870588,40.26,0.178,0.261,-0.4,Built-up,0.166,38.09,43.0,2.47,High,30,6480.0,0.648,165.8,0.518,710.0,0.071,2026-05-31,"POLYGON ((73.870117 18.512652, 73.871064 18.512658, 73.871058 18.513561, 73.870111 18.513556, 73.870117 18.512652))"
PUNE_GRID_100M_2984,18.51401,73.870582,39.98,0.137,0.242,-0.4,Built-up,0.191,37.3,41.8,2.73,High,20,6310.0,0.631,154.2,0.482,810.0,0.081,2026-05-31,"POLYGON ((73.870111 18.513556, 73.871058 18.513561, 73.871052 18.514465, 73.870105 18.514459, 73.870111 18.513556))"
PUNE_GRID_100M_2985,18.514914,73.870576,38.49,0.298,0.197,-0.4,Built-up,0.201,36.73,43.5,2.69,High,17,5380.0,0.538,130.6,0.408,2550.0,0.255,2026-05-31,"POLYGON ((73.870105 18.514459, 73.871052 18.514465, 73.871046 18.515369, 73.870099 18.515363, 73.870105 18.514459))"
PUNE_GRID_100M_2986,18.515818,73.87057,39.1,0.198,0.174,-0.34,Built-up,0.208,37.25,42.8,2.5,High,20,5770.0,0.577,142.4,0.445,2120.0,0.212,2026-05-31,"POLYGON ((73.870099 18.515363, 73.871046 18.515369, 73.871041 18.516272, 73.870093 18.516267, 73.870099 18.515363))"
PUNE_GRID_100M_2987,18.516721,73.870564,39.82,0.204,0.241,-0.4,Built-up,0.197,37.15,41.7,2.37,High,25,6220.0,0.622,150.4,0.47,1060.0,0.106,2026-05-31,"POLYGON ((73.870093 18.516267, 73.871041 18.516272, 73.871035 18.517176, 73.870087 18.51717, 73.870093 18.516267))"
PUNE_GRID_100M_2988,18.517625,73.870558,40.03,0.217,0.263,-0.4,Built-up,0.195,37.25,42.8,2.4,High,25,6350.0,0.635,168.3,0.526,1680.0,0.168,2026-05-31,"POLYGON ((73.870087 18.51717, 73.871035 18.517176, 73.871029 18.51808, 73.870081 18.518074, 73.870087 18.51717))"
PUNE_GRID_100M_2989,18.518529,73.870552,39.08,0.24,0.21,-0.4,Built-up,0.166,36.77,44.6,2.59,High,18,5760.0,0.576,139.8,0.437,1800.0,0.18,2026-05-31,"POLYGON ((73.870081 18.518074, 73.871029 18.51808, 73.871023 18.518983, 73.870076 18.518978, 73.870081 18.518074))"
PUNE_GRID_100M_2990,18.519432,73.870546,41.93,0.176,0.377,-0.4,Built-up,0.172,38.52,42.2,2.41,Extreme,23,7540.0,0.754,162.2,0.507,550.0,0.055,2026-05-31,"POLYGON ((73.870076 18.518978, 73.871023 18.518983, 73.871017 18.519887, 73.87007 18.519881, 73.870076 18.518978))"
PUNE_GRID_100M_2991,18.520336,73.87054,41.22,0.176,0.328,-0.4,Built-up,0.148,38.39,42.0,2.3,Extreme,33,7100.0,0.71,191.4,0.598,200.0,0.02,2026-05-31,"POLYGON ((73.87007 18.519881, 73.871017 18.519887, 73.871011 18.520791, 73.870064 18.520785, 73.87007 18.519881))"
PUNE_GRID_100M_2992,18.52124,73.870534,40.49,0.148,0.272,-0.4,Built-up,0.202,37.78,42.7,2.66,High,22,6640.0,0.664,164.2,0.513,200.0,0.02,2026-05-31,"POLYGON ((73.870064 18.520785, 73.871011 18.520791, 73.871005 18.521694, 73.870058 18.521689, 73.870064 18.520785))"
PUNE_GRID_100M_2993,18.522143,73.870528,40.05,0.285,0.259,-0.4,Built-up,0.185,37.64,42.8,2.45,High,30,6360.0,0.636,145.0,0.453,1440.0,0.144,2026-05-31,"POLYGON ((73.870058 18.521689, 73.871005 18.521694, 73.870999 18.522598, 73.870052 18.522592, 73.870058 18.521689))"
PUNE_GRID_100M_2994,18.523047,73.870522,39.8,0.215,0.25,-0.4,Built-up,0.163,37.78,41.2,2.31,High,29,6210.0,0.621,133.1,0.416,1640.0,0.164,2026-05-31,"POLYGON ((73.870052 18.522592, 73.870999 18.522598, 73.870993 18.523501, 73.870046 18.523496, 73.870052 18.522592))"
PUNE_GRID_100M_2995,18.52395,73.870517,39.17,0.223,0.225,-0.4,Built-up,0.187,37.16,43.9,2.52,High,21,5810.0,0.581,144.6,0.452,1850.0,0.185,2026-05-31,"POLYGON ((73.870046 18.523496, 73.870993 18.523501, 73.870987 18.524405, 73.87004 18.524399, 73.870046 18.523496))"
PUNE_GRID_100M_2996,18.524854,73.870511,39.95,0.24,0.193,-0.4,Built-up,0.197,37.61,42.2,2.63,High,26,6300.0,0.63,149.8,0.468,1040.0,0.104,2026-05-31,"POLYGON ((73.87004 18.524399, 73.870987 18.524405, 73.870981 18.525309, 73.870034 18.525303, 73.87004 18.524399))"
PUNE_GRID_100M_2997,18.525758,73.870505,40.04,0.209,0.243,-0.4,Built-up,0.214,36.94,40.9,2.24,High,20,6350.0,0.635,172.5,0.539,1020.0,0.102,2026-05-31,"POLYGON ((73.870034 18.525303, 73.870981 18.525309, 73.870975 18.526212, 73.870028 18.526207, 73.870034 18.525303))"
PUNE_GRID_100M_2998,18.526661,73.870499,38.78,0.259,0.151,-0.336,Built-up,0.216,36.78,44.5,2.41,High,28,5560.0,0.556,129.0,0.403,2030.0,0.203,2026-05-31,"POLYGON ((73.870028 18.526207, 73.870975 18.526212, 73.870969 18.527116, 73.870022 18.52711, 73.870028 18.526207))"
PUNE_GRID_100M_2999,18.527565,73.870493,39.97,0.301,0.287,-0.4,Built-up,0.194,38.0,42.1,2.42,High,25,6300.0,0.63,140.5,0.439,1260.0,0.126,2026-05-31,"POLYGON ((73.870022 18.52711, 73.870969 18.527116, 73.870963 18.52802, 73.870016 18.528014, 73.870022 18.52711))"
PUNE_GRID_100M_3000,18.528469,73.870487,39.5,0.206,0.226,-0.4,Built-up,0.217,36.25,43.7,2.57,High,19,6010.0,0.601,155.8,0.487,1870.0,0.187,2026-05-31,"POLYGON ((73.870016 18.528014, 73.870963 18.52802, 73.870958 18.528923, 73.87001 18.528918, 73.870016 18.528014))"
PUNE_GRID_100M_3001,18.529372,73.870481,38.01,0.257,0.155,-0.397,Built-up,0.211,36.31,45.9,2.62,High,16,5070.0,0.507,133.4,0.417,2750.0,0.275,2026-05-31,"POLYGON ((73.87001 18.528918, 73.870958 18.528923, 73.870952 18.529827, 73.870004 18.529821, 73.87001 18.528918))"
PUNE_GRID_100M_3002,18.530276,73.870475,38.76,0.248,0.221,-0.4,Built-up,0.212,36.58,42.6,2.4,High,27,5540.0,0.554,135.0,0.422,2440.0,0.244,2026-05-31,"POLYGON ((73.870004 18.529821, 73.870952 18.529827, 73.870946 18.530731, 73.869998 18.530725, 73.870004 18.529821))"
PUNE_GRID_100M_3003,18.53118,73.870469,39.02,0.277,0.219,-0.4,Built-up,0.211,36.56,43.9,2.23,High,24,5690.0,0.569,145.3,0.454,1860.0,0.186,2026-05-31,"POLYGON ((73.869998 18.530725, 73.870946 18.530731, 73.87094 18.531634, 73.869992 18.531629, 73.869998 18.530725))"
PUNE_GRID_100M_3004,18.532083,73.870463,40.76,0.113,0.25,-0.4,Built-up,0.176,38.27,39.7,2.75,High,25,6780.0,0.678,162.2,0.507,560.0,0.056,2026-05-31,"POLYGON ((73.869992 18.531629, 73.87094 18.531634, 73.870934 18.532538, 73.869986 18.532532, 73.869992 18.531629))"
PUNE_GRID_100M_3005,18.532987,73.870457,39.59,0.136,0.229,-0.4,Built-up,0.221,37.73,45.6,2.34,High,29,6040.0,0.604,147.8,0.462,1110.0,0.111,2026-05-31,"POLYGON ((73.869986 18.532532, 73.870934 18.532538, 73.870928 18.533441, 73.869981 18.533436, 73.869986 18.532532))"
PUNE_GRID_100M_3006,18.53389,73.870451,37.96,0.248,0.148,-0.387,Built-up,0.192,36.3,42.6,2.63,High,15,5020.0,0.502,135.4,0.423,2560.0,0.256,2026-05-31,"POLYGON ((73.869981 18.533436, 73.870928 18.533441, 73.870922 18.534345, 73.869975 18.534339, 73.869981 18.533436))"
PUNE_GRID_100M_3007,18.534794,73.870445,39.31,0.159,0.167,-0.333,Built-up,0.224,36.91,42.8,2.57,High,18,5850.0,0.585,148.5,0.464,430.0,0.043,2026-05-31,"POLYGON ((73.869975 18.534339, 73.870922 18.534345, 73.870916 18.535249, 73.869969 18.535243, 73.869975 18.534339))"
PUNE_GRID_100M_3008,18.535698,73.870439,37.56,0.268,0.119,-0.361,Built-up,0.196,35.51,47.0,2.65,High,23,4760.0,0.476,112.0,0.35,2950.0,0.295,2026-05-31,"POLYGON ((73.869969 18.535243, 73.870916 18.535249, 73.87091 18.536152, 73.869963 18.536147, 73.869969 18.535243))"
PUNE_GRID_100M_3009,18.536601,73.870433,39.54,0.236,0.224,-0.377,Built-up,0.209,37.22,43.0,2.97,High,30,5990.0,0.599,161.0,0.503,1470.0,0.147,2026-05-31,"POLYGON ((73.869963 18.536147, 73.87091 18.536152, 73.870904 18.537056, 73.869957 18.53705, 73.869963 18.536147))"
PUNE_GRID_100M_3010,18.537505,73.870427,38.18,0.228,0.165,-0.4,Built-up,0.238,36.49,42.7,3.27,High,26,5130.0,0.513,92.8,0.29,3230.0,0.323,2026-05-31,"POLYGON ((73.869957 18.53705, 73.870904 18.537056, 73.870898 18.53796, 73.869951 18.537954, 73.869957 18.53705))"
PUNE_GRID_100M_3011,18.538409,73.870422,38.35,0.201,0.131,-0.4,Built-up,0.213,36.23,45.4,2.35,High,17,5240.0,0.524,152.0,0.475,2230.0,0.223,2026-05-31,"POLYGON ((73.869951 18.537954, 73.870898 18.53796, 73.870892 18.538863, 73.869945 18.538858, 73.869951 18.537954))"
PUNE_GRID_100M_3012,18.539312,73.870416,39.36,0.225,0.256,-0.4,Built-up,0.19,36.96,44.5,2.9,High,28,5860.0,0.586,118.7,0.371,2170.0,0.217,2026-05-31,"POLYGON ((73.869945 18.538858, 73.870892 18.538863, 73.870886 18.539767, 73.869939 18.539761, 73.869945 18.538858))"
PUNE_GRID_100M_3013,18.540216,73.87041,37.13,0.335,0.118,-0.4,Built-up,0.228,36.34,44.3,2.69,Medium,18,4460.0,0.446,98.9,0.309,2740.0,0.274,2026-05-31,"POLYGON ((73.869939 18.539761, 73.870886 18.539767, 73.87088 18.540671, 73.869933 18.540665, 73.869939 18.539761))"
PUNE_GRID_100M_3014,18.54112,73.870404,36.91,0.24,0.112,-0.317,Built-up,0.215,35.66,44.7,2.95,Medium,17,4320.0,0.432,103.0,0.322,3690.0,0.369,2026-05-31,"POLYGON ((73.869933 18.540665, 73.87088 18.540671, 73.870874 18.541574, 73.869927 18.541569, 73.869933 18.540665))"
PUNE_GRID_100M_3015,18.542023,73.870398,37.43,0.323,0.146,-0.369,Built-up,0.241,36.05,44.4,2.96,Medium,17,4640.0,0.464,109.4,0.342,2660.0,0.266,2026-05-31,"POLYGON ((73.869927 18.541569, 73.870874 18.541574, 73.870869 18.542478, 73.869921 18.542472, 73.869927 18.541569))"
PUNE_GRID_100M_3016,18.542927,73.870392,38.59,0.282,0.163,-0.389,Built-up,0.214,36.07,43.8,3.07,High,28,5360.0,0.536,141.4,0.442,1830.0,0.183,2026-05-31,"POLYGON ((73.869921 18.542472, 73.870869 18.542478, 73.870863 18.543381, 73.869915 18.543376, 73.869921 18.542472))"
PUNE_GRID_100M_3017,18.54383,73.870386,36.4,0.364,0.102,-0.329,Built-up,0.217,34.77,43.0,2.87,Medium,18,3980.0,0.398,81.9,0.256,4180.0,0.418,2026-05-31,"POLYGON ((73.869915 18.543376, 73.870863 18.543381, 73.870857 18.544285, 73.869909 18.544279, 73.869915 18.543376))"
PUNE_GRID_100M_3018,18.544734,73.87038,35.21,0.416,0.023,-0.4,Vegetation,0.228,34.17,46.6,2.66,Medium,10,3230.0,0.323,81.0,0.253,5520.0,0.552,2026-05-31,"POLYGON ((73.869909 18.544279, 73.870857 18.544285, 73.870851 18.545189, 73.869903 18.545183, 73.869909 18.544279))"
PUNE_GRID_100M_3019,18.545638,73.870374,36.97,0.394,0.087,-0.355,Built-up,0.21,35.08,48.1,3.05,Medium,14,4330.0,0.433,96.6,0.302,3910.0,0.391,2026-05-31,"POLYGON ((73.869903 18.545183, 73.870851 18.545189, 73.870845 18.546092, 73.869897 18.546087, 73.869903 18.545183))"
PUNE_GRID_100M_3020,18.546541,73.870368,37.63,0.269,0.161,-0.4,Built-up,0.202,36.32,43.6,2.91,High,16,4740.0,0.474,117.4,0.367,3170.0,0.317,2026-05-31,"POLYGON ((73.869897 18.546087, 73.870845 18.546092, 73.870839 18.546996, 73.869891 18.54699, 73.869897 18.546087))"
PUNE_GRID_100M_3021,18.547445,73.870362,38.01,0.274,0.205,-0.4,Built-up,0.198,36.53,43.7,2.86,High,27,4960.0,0.496,118.1,0.369,2930.0,0.293,2026-05-31,"POLYGON ((73.869891 18.54699, 73.870839 18.546996, 73.870833 18.5479, 73.869885 18.547894, 73.869891 18.54699))"
PUNE_GRID_100M_3022,18.548349,73.870356,36.53,0.305,0.116,-0.4,Built-up,0.212,34.91,44.0,2.84,Medium,17,4040.0,0.404,98.2,0.307,3750.0,0.375,2026-05-31,"POLYGON ((73.869885 18.547894, 73.870833 18.5479, 73.870827 18.548803, 73.86988 18.548798, 73.869885 18.547894))"
PUNE_GRID_100M_3023,18.549252,73.87035,36.43,0.325,0.117,-0.364,Built-up,0.209,35.54,46.8,3.16,Medium,14,3960.0,0.396,88.0,0.275,4000.0,0.4,2026-05-31,"POLYGON ((73.86988 18.548798, 73.870827 18.548803, 73.870821 18.549707, 73.869874 18.549701, 73.86988 18.548798))"
PUNE_GRID_100M_3024,18.550156,73.870344,37.53,0.348,0.123,-0.388,Built-up,0.249,35.77,46.8,3.3,High,21,4650.0,0.465,105.0,0.328,3540.0,0.354,2026-05-31,"POLYGON ((73.869874 18.549701, 73.870821 18.549707, 73.870815 18.550611, 73.869868 18.550605, 73.869874 18.549701))"
